-- phpMyAdmin SQL Dump
-- version 5.1.0
-- https://www.phpmyadmin.net/
--
-- Host: 127.0.0.1
-- Tempo de geração: 16-Fev-2022 às 19:52
-- Versão do servidor: 10.4.19-MariaDB
-- versão do PHP: 7.3.28

SET SQL_MODE = "NO_AUTO_VALUE_ON_ZERO";
START TRANSACTION;
SET time_zone = "+00:00";


/*!40101 SET @OLD_CHARACTER_SET_CLIENT=@@CHARACTER_SET_CLIENT */;
/*!40101 SET @OLD_CHARACTER_SET_RESULTS=@@CHARACTER_SET_RESULTS */;
/*!40101 SET @OLD_COLLATION_CONNECTION=@@COLLATION_CONNECTION */;
/*!40101 SET NAMES utf8mb4 */;

--
-- Banco de dados: `educandario`
--

-- --------------------------------------------------------

--
-- Estrutura da tabela `bsc_cidade`
--

CREATE TABLE `bsc_cidade` (
  `id` int(10) UNSIGNED NOT NULL,
  `nome` varchar(50) CHARACTER SET latin1 NOT NULL,
  `estado_id` int(10) UNSIGNED NOT NULL
) ENGINE=InnoDB DEFAULT CHARSET=utf8;

--
-- Extraindo dados da tabela `bsc_cidade`
--

INSERT INTO `bsc_cidade` (`id`, `nome`, `estado_id`) VALUES
(1, 'Acrelândia', 1),
(2, 'Assis Brasil', 1),
(3, 'Brasiléia', 1),
(4, 'Bujari', 1),
(5, 'Capixaba', 1),
(6, 'Cruzeiro do Sul', 1),
(7, 'Epitaciolândia', 1),
(8, 'Feijó', 1),
(9, 'Jordão', 1),
(10, 'Mancio Lima', 1),
(11, 'Manoel Urbano', 1),
(12, 'Marechal Thaumaturgo', 1),
(13, 'Plácido de Castro', 1),
(14, 'Porto Acre', 1),
(15, 'Porto Walter', 1),
(16, 'Rio Branco', 1),
(17, 'Rodrigues Alves', 1),
(18, 'Santa Rosa', 1),
(19, 'Sena Madureira', 1),
(20, 'Senador Guiomard', 1),
(21, 'Tarauacá', 1),
(22, 'Xapuri', 1),
(23, 'Agua Branca', 2),
(24, 'Alazao', 2),
(25, 'Alecrim', 2),
(26, 'Anadia', 2),
(27, 'Anel', 2),
(28, 'Anum Novo', 2),
(29, 'Anum Velho', 2),
(30, 'Arapiraca', 2),
(31, 'Atalaia', 2),
(32, 'Baixa da Onca', 2),
(33, 'Baixa do Capim', 2),
(34, 'Balsamo', 2),
(35, 'Bananeiras', 2),
(36, 'Barra de Santo Antonio', 2),
(37, 'Barra de Sao Miguel', 2),
(38, 'Barra do Bonifacio', 2),
(39, 'Barra Grande', 2),
(40, 'Batalha', 2),
(41, 'Batingas', 2),
(42, 'Belem', 2),
(43, 'Belo Monte', 2),
(44, 'Boa Sorte', 2),
(45, 'Boa Vista', 2),
(46, 'Boca da Mata', 2),
(47, 'Bom Jardim', 2),
(48, 'Bonifacio', 2),
(49, 'Branquinha', 2),
(50, 'Cacimbinhas', 2),
(51, 'Cajarana', 2),
(52, 'Cajueiro', 2),
(53, 'Caldeiroes de Cima', 2),
(54, 'Camadanta', 2),
(55, 'Campestre', 2),
(56, 'Campo Alegre', 2),
(57, 'Campo Grande', 2),
(58, 'Canaa', 2),
(59, 'Canafistula', 2),
(60, 'Canapi', 2),
(61, 'Canastra', 2),
(62, 'Cangandu', 2),
(63, 'Capela', 2),
(64, 'Carneiros', 2),
(65, 'Carrasco', 2),
(66, 'Cha Preta', 2),
(67, 'Coite do Noia', 2),
(68, 'Colonia Leopoldina', 2),
(69, 'Coqueiro Seco', 2),
(70, 'Coruripe', 2),
(71, 'Coruripe da Cal', 2),
(72, 'Craibas', 2),
(73, 'Delmiro Gouveia', 2),
(74, 'Dois Riachos', 2),
(75, 'Entremontes', 2),
(76, 'Estrela de Alagoas', 2),
(77, 'Feira Grande', 2),
(78, 'Feliz Deserto', 2),
(79, 'Fernao Velho', 2),
(80, 'Flexeiras', 2),
(81, 'Floriano Peixoto', 2),
(82, 'Gaspar', 2),
(83, 'Girau do Ponciano', 2),
(84, 'Ibateguara', 2),
(85, 'Igaci', 2),
(86, 'Igreja Nova', 2),
(87, 'Inhapi', 2),
(88, 'Jacare dos Homens', 2),
(89, 'Jacuipe', 2),
(90, 'Japaratinga', 2),
(91, 'Jaramataia', 2),
(92, 'Jenipapo', 2),
(93, 'Joaquim Gomes', 2),
(94, 'Jundia', 2),
(95, 'Junqueiro', 2),
(96, 'Lagoa da Areia', 2),
(97, 'Lagoa da Canoa', 2),
(98, 'Lagoa da Pedra', 2),
(99, 'Lagoa Dantas', 2),
(100, 'Lagoa do Caldeirao', 2),
(101, 'Lagoa do Canto', 2),
(102, 'Lagoa do Exu', 2),
(103, 'Lagoa do Rancho', 2),
(104, 'Lajes do Caldeirao', 2),
(105, 'Laranjal', 2),
(106, 'Limoeiro de Anadia', 2),
(107, 'Maceio', 2),
(108, 'Major Isidoro', 2),
(109, 'Mar Vermelho', 2),
(110, 'Maragogi', 2),
(111, 'Maravilha', 2),
(112, 'Marechal Deodoro', 2),
(113, 'Maribondo', 2),
(114, 'Massaranduba', 2),
(115, 'Mata Grande', 2),
(116, 'Matriz de Camaragibe', 2),
(117, 'Messias', 2),
(118, 'Minador do Negrao', 2),
(119, 'Monteiropolis', 2),
(120, 'Moreira', 2),
(121, 'Munguba', 2),
(122, 'Murici', 2),
(123, 'Novo Lino', 2),
(124, 'Olho D Agua Grande', 2),
(125, 'Olho D\'agua Das Flores', 2),
(126, 'Olho D\'agua De Cima', 2),
(127, 'Olho D\'agua Do Casado', 2),
(128, 'Olho D\'agua Dos Dandanhas', 2),
(129, 'Olivenca', 2),
(130, 'Ouro Branco', 2),
(131, 'Palestina', 2),
(132, 'Palmeira de Fora', 2),
(133, 'Palmeira dos Indios', 2),
(134, 'Pao de Acucar', 2),
(135, 'Pariconha', 2),
(136, 'Paripueira', 2),
(137, 'Passo de Camaragibe', 2),
(138, 'Pau D\'arco', 2),
(139, 'Pau Ferro', 2),
(140, 'Paulo Jacinto', 2),
(141, 'Penedo', 2),
(142, 'Piacabucu', 2),
(143, 'Pilar', 2),
(144, 'Pindoba', 2),
(145, 'Piranhas', 2),
(146, 'Pocao', 2),
(147, 'Poco da Pedra', 2),
(148, 'Poco das Trincheiras', 2),
(149, 'Porto Calvo', 2),
(150, 'Porto de Pedras', 2),
(151, 'Porto Real do Colegio', 2),
(152, 'Poxim', 2),
(153, 'Quebrangulo', 2),
(154, 'Riacho do Sertao', 2),
(155, 'Riacho Fundo de Cima', 2),
(156, 'Rio Largo', 2),
(157, 'Rocha Cavalcante', 2),
(158, 'Roteiro', 2),
(159, 'Santa Efigenia', 2),
(160, 'Santa Luzia do Norte', 2),
(161, 'Santana do Ipanema', 2),
(162, 'Santana do Mundau', 2),
(163, 'Santo Antonio', 2),
(164, 'Sao Bras', 2),
(165, 'Sao Jose da Laje', 2),
(166, 'Sao Jose da Tapera', 2),
(167, 'Sao Luis do Quitunde', 2),
(168, 'Sao Miguel dos Campos', 2),
(169, 'Sao Miguel dos Milagres', 2),
(170, 'Sao Sebastiao', 2),
(171, 'Sapucaia', 2),
(172, 'Satuba', 2),
(173, 'Senador Rui Palmeira', 2),
(174, 'Serra da Mandioca', 2),
(175, 'Serra do Sao Jose', 2),
(176, 'Taboleiro do Pinto', 2),
(177, 'Taboquinha', 2),
(178, 'Tanque D\'arca', 2),
(179, 'Taquarana', 2),
(180, 'Tatuamunha', 2),
(181, 'Teotonio Vilela', 2),
(182, 'Traipu', 2),
(183, 'Uniao dos Palmares', 2),
(184, 'Usina Camacari', 2),
(185, 'Vicosa', 2),
(186, 'Vila Aparecida', 2),
(187, 'Vila Sao Francisco', 2),
(188, 'Alvaraes', 3),
(189, 'Amatari', 3),
(190, 'Amatura', 3),
(191, 'Anama', 3),
(192, 'Anori', 3),
(193, 'Apui', 3),
(194, 'Ariau', 3),
(195, 'Atalaia do Norte', 3),
(196, 'Augusto Montenegro', 3),
(197, 'Autazes', 3),
(198, 'Axinim', 3),
(199, 'Badajos', 3),
(200, 'Balbina', 3),
(201, 'Barcelos', 3),
(202, 'Barreirinha', 3),
(203, 'Benjamin Constant', 3),
(204, 'Beruri', 3),
(205, 'Boa Vista do Ramos', 3),
(206, 'Boca do Acre', 3),
(207, 'Borba', 3),
(208, 'Caapiranga', 3),
(209, 'Cameta', 3),
(210, 'Canuma', 3),
(211, 'Canutama', 3),
(212, 'Carauari', 3),
(213, 'Careiro', 3),
(214, 'Careiro da Varzea', 3),
(215, 'Carvoeiro', 3),
(216, 'Coari', 3),
(217, 'Codajas', 3),
(218, 'Cucui', 3),
(219, 'Eirunepe', 3),
(220, 'Envira', 3),
(221, 'Floriano Peixoto', 3),
(222, 'Fonte Boa', 3),
(223, 'Freguesia do Andira', 3),
(224, 'Guajara', 3),
(225, 'Humaita', 3),
(226, 'Iauarete', 3),
(227, 'Icana', 3),
(228, 'Ipixuna', 3),
(229, 'Iranduba', 3),
(230, 'Itacoatiara', 3),
(231, 'Itamarati', 3),
(232, 'Itapiranga', 3),
(233, 'Japura', 3),
(234, 'Jurua', 3),
(235, 'Jutai', 3),
(236, 'Labrea', 3),
(237, 'Lago Preto', 3),
(238, 'Manacapuru', 3),
(239, 'Manaquiri', 3),
(240, 'Manaus', 3),
(241, 'Manicore', 3),
(242, 'Maraa', 3),
(243, 'Massauari', 3),
(244, 'Maues', 3),
(245, 'Mocambo', 3),
(246, 'Moura', 3),
(247, 'Murutinga', 3),
(248, 'Nhamunda', 3),
(249, 'Nova Olinda do Norte', 3),
(250, 'Novo Airao', 3),
(251, 'Novo Aripuana', 3),
(252, 'Osorio da Fonseca', 3),
(253, 'Parintins', 3),
(254, 'Pauini', 3),
(255, 'Pedras', 3),
(256, 'Presidente Figueiredo', 3),
(257, 'Repartimento', 3),
(258, 'Rio Preto da Eva', 3),
(259, 'Santa Isabel do Rio Negro', 3),
(260, 'Santa Rita', 3),
(261, 'Santo Antonio do Ica', 3),
(262, 'Sao Felipe', 3),
(263, 'Sao Gabriel da Cachoeira', 3),
(264, 'Sao Paulo de Olivenca', 3),
(265, 'Sao Sebastiao do Uatuma', 3),
(266, 'Silves', 3),
(267, 'Tabatinga', 3),
(268, 'Tapaua', 3),
(269, 'Tefe', 3),
(270, 'Tonantins', 3),
(271, 'Uarini', 3),
(272, 'Urucara', 3),
(273, 'Urucurituba', 3),
(274, 'Vila Pitinga', 3),
(275, 'Abacate da Pedreira', 4),
(276, 'Agua Branca do Amapari', 4),
(277, 'Amapa', 4),
(278, 'Amapari', 4),
(279, 'Ambe', 4),
(280, 'Aporema', 4),
(281, 'Ariri', 4),
(282, 'Bailique', 4),
(283, 'Boca do Jari', 4),
(284, 'Calcoene', 4),
(285, 'Cantanzal', 4),
(286, 'Carmo', 4),
(287, 'Clevelandia do Norte', 4),
(288, 'Corre Agua', 4),
(289, 'Cunani', 4),
(290, 'Curiau', 4),
(291, 'Cutias', 4),
(292, 'Fazendinha', 4),
(293, 'Ferreira Gomes', 4),
(294, 'Fortaleza', 4),
(295, 'Gaivota', 4),
(296, 'Gurupora', 4),
(297, 'Igarape do Lago', 4),
(298, 'Ilha de Santana', 4),
(299, 'Inaja', 4),
(300, 'Itaubal', 4),
(301, 'Laranjal do Jari', 4),
(302, 'Livramento do Pacui', 4),
(303, 'Lourenco', 4),
(304, 'Macapa', 4),
(305, 'Mazagao', 4),
(306, 'Mazagao Velho', 4),
(307, 'Oiapoque', 4),
(308, 'Paredao', 4),
(309, 'Porto Grande', 4),
(310, 'Pracuuba', 4),
(311, 'Santa Luzia do Pacui', 4),
(312, 'Santa Maria', 4),
(313, 'Santana', 4),
(314, 'Sao Joaquim do Pacui', 4),
(315, 'Sao Sebastiao do Livramento', 4),
(316, 'Sao Tome', 4),
(317, 'Serra do Navio', 4),
(318, 'Sucuriju', 4),
(319, 'Tartarugalzinho', 4),
(320, 'Vila Velha', 4),
(321, 'Vitoria do Jari', 4),
(322, 'Abadia', 5),
(323, 'Abaira', 5),
(324, 'Abare', 5),
(325, 'Abelhas', 5),
(326, 'Abobora', 5),
(327, 'Abrantes', 5),
(328, 'Acajutiba', 5),
(329, 'Acu da Torre', 5),
(330, 'Acudina', 5),
(331, 'Acupe', 5),
(332, 'Adustina', 5),
(333, 'Afligidos', 5),
(334, 'Afranio Peixoto', 5),
(335, 'Agua Doce', 5),
(336, 'Agua Fria', 5),
(337, 'Aguas do Paulista', 5),
(338, 'Aiquara', 5),
(339, 'Alagoinhas', 5),
(340, 'Alcobaca', 5),
(341, 'Alegre', 5),
(342, 'Algodao', 5),
(343, 'Algodoes', 5),
(344, 'Almadina', 5),
(345, 'Alto Bonito', 5),
(346, 'Amado Bahia', 5),
(347, 'Amaniu', 5),
(348, 'Amargosa', 5),
(349, 'Amelia Rodrigues', 5),
(350, 'America Dourada', 5),
(351, 'Americo Alves', 5),
(352, 'Anage', 5),
(353, 'Andarai', 5),
(354, 'Andorinha', 5),
(355, 'Angical', 5),
(356, 'Angico', 5),
(357, 'Anguera', 5),
(358, 'Antas', 5),
(359, 'Antonio Cardoso', 5),
(360, 'Antonio Goncalves', 5),
(361, 'Apora', 5),
(362, 'Apuarema', 5),
(363, 'Aracas', 5),
(364, 'Aracatu', 5),
(365, 'Araci', 5),
(366, 'Aramari', 5),
(367, 'Arapiranga', 5),
(368, 'Arataca', 5),
(369, 'Aratuipe', 5),
(370, 'Areias', 5),
(371, 'Arembepe', 5),
(372, 'Argoim', 5),
(373, 'Argolo', 5),
(374, 'Aribice', 5),
(375, 'Aritagua', 5),
(376, 'Aurelino Leal', 5),
(377, 'Baianopolis', 5),
(378, 'Baixa do Palmeira', 5),
(379, 'Baixa Grande', 5),
(380, 'Baixao', 5),
(381, 'Baixinha', 5),
(382, 'Baluarte', 5),
(383, 'Banco Central', 5),
(384, 'Banco da Vitoria', 5),
(385, 'Bandeira do Almada', 5),
(386, 'Bandeira do Colonia', 5),
(387, 'Bandiacu', 5),
(388, 'Banzae', 5),
(389, 'Baraunas', 5),
(390, 'Barcelos do Sul', 5),
(391, 'Barra', 5),
(392, 'Barra da Estiva', 5),
(393, 'Barra do Choca', 5),
(394, 'Barra do Jacuipe', 5),
(395, 'Barra do Mendes', 5),
(396, 'Barra do Pojuca', 5),
(397, 'Barra do Rocha', 5),
(398, 'Barra do Tarrachil', 5),
(399, 'Barracas', 5),
(400, 'Barreiras', 5),
(401, 'Barro Alto', 5),
(402, 'Barro Preto', 5),
(403, 'Barro Vermelho', 5),
(404, 'Barrocas', 5),
(405, 'Bastiao', 5),
(406, 'Bate Pe', 5),
(407, 'Batinga', 5),
(408, 'Bela Flor', 5),
(409, 'Belem da Cachoeira', 5),
(410, 'Belmonte', 5),
(411, 'Belo Campo', 5),
(412, 'Bem-bom', 5),
(413, 'Bendego', 5),
(414, 'Bento Simoes', 5),
(415, 'Biritinga', 5),
(416, 'Boa Espera', 5),
(417, 'Boa Nova', 5),
(418, 'Boa Uniao', 5),
(419, 'Boa Vista do Lagamar', 5),
(420, 'Boa Vista do Tupim', 5),
(421, 'Boacu', 5),
(422, 'Boca do Corrego', 5),
(423, 'Bom Jesus da Lapa', 5),
(424, 'Bom Jesus da Serra', 5),
(425, 'Bom Sossego', 5),
(426, 'Bonfim da Feira', 5),
(427, 'Boninal', 5),
(428, 'Bonito', 5),
(429, 'Boquira', 5),
(430, 'Botupora', 5),
(431, 'Botuquara', 5),
(432, 'Brejinho das Ametistas', 5),
(433, 'Brejo da Serra', 5),
(434, 'Brejo Luiza de Brito', 5),
(435, 'Brejo Novo', 5),
(436, 'Brejoes', 5),
(437, 'Brejolandia', 5),
(438, 'Brotas de Macaubas', 5),
(439, 'Brumado', 5),
(440, 'Bucuituba', 5),
(441, 'Buerarema', 5),
(442, 'Buracica', 5),
(443, 'Buranhem', 5),
(444, 'Buril', 5),
(445, 'Buris de Abrantes', 5),
(446, 'Buritirama', 5),
(447, 'Caatiba', 5),
(448, 'Cabaceiras do Paraguacu', 5),
(449, 'Cabralia', 5),
(450, 'Cacha Pregos', 5),
(451, 'Cachoeira', 5),
(452, 'Cachoeira do Mato', 5),
(453, 'Cacule', 5),
(454, 'Caem', 5),
(455, 'Caetanos', 5),
(456, 'Caete-acu', 5),
(457, 'Caetite', 5),
(458, 'Cafarnaum', 5),
(459, 'Caicara', 5),
(460, 'Caimbe', 5),
(461, 'Cairu', 5),
(462, 'Caiubi', 5),
(463, 'Cajui', 5),
(464, 'Caldas do Jorro', 5),
(465, 'Caldeirao', 5),
(466, 'Caldeirao Grande', 5),
(467, 'Caldeiras', 5),
(468, 'Camacan', 5),
(469, 'Camacari', 5),
(470, 'Camamu', 5),
(471, 'Camassandi', 5),
(472, 'Camirim', 5),
(473, 'Campinhos', 5),
(474, 'Campo Alegre de Lourdes', 5),
(475, 'Campo Formoso', 5),
(476, 'Camurugi', 5),
(477, 'Canabravinha', 5),
(478, 'Canapolis', 5),
(479, 'Canarana', 5),
(480, 'Canatiba', 5),
(481, 'Canavieiras', 5),
(482, 'Canche', 5),
(483, 'Candeal', 5),
(484, 'Candeias', 5),
(485, 'Candiba', 5),
(486, 'Candido Sales', 5),
(487, 'Canoao', 5),
(488, 'Cansancao', 5),
(489, 'Canto do Sol', 5),
(490, 'Canudos', 5),
(491, 'Capao', 5),
(492, 'Capela do Alto Alegre', 5),
(493, 'Capim Grosso', 5),
(494, 'Caraguatai', 5),
(495, 'Caraibas', 5),
(496, 'Caraibuna', 5),
(497, 'Caraipe', 5),
(498, 'Caraiva', 5),
(499, 'Caravelas', 5),
(500, 'Cardeal da Silva', 5),
(501, 'Carinhanha', 5),
(502, 'Caripare', 5),
(503, 'Carnaiba do Sertao', 5),
(504, 'Carrapichel', 5),
(505, 'Casa Nova', 5),
(506, 'Castelo Novo', 5),
(507, 'Castro Alves', 5),
(508, 'Catinga do Moura', 5),
(509, 'Catingal', 5),
(510, 'Catolandia', 5),
(511, 'Catoles', 5),
(512, 'Catolezinho', 5),
(513, 'Catu', 5),
(514, 'Catu de Abrantes', 5),
(515, 'Caturama', 5),
(516, 'Cavunge', 5),
(517, 'Central', 5),
(518, 'Ceraima', 5),
(519, 'Chorrocho', 5),
(520, 'Cicero Dantas', 5),
(521, 'Cinco Rios', 5),
(522, 'Cipo', 5),
(523, 'Coaraci', 5),
(524, 'Cocos', 5),
(525, 'Colonia', 5),
(526, 'Comercio', 5),
(527, 'Conceicao da Feira', 5),
(528, 'Conceicao do Almeida', 5),
(529, 'Conceicao do Coite', 5),
(530, 'Conceicao do Jacuipe', 5),
(531, 'Conde', 5),
(532, 'Condeuba', 5),
(533, 'Contendas do Sincora', 5),
(534, 'Copixaba', 5),
(535, 'Coqueiros', 5),
(536, 'Coquinhos', 5),
(537, 'Coracao de Maria', 5),
(538, 'Cordeiros', 5),
(539, 'Coribe', 5),
(540, 'Coronel Joao Sa', 5),
(541, 'Correntina', 5),
(542, 'Corta Mao', 5),
(543, 'Cotegipe', 5),
(544, 'Coutos', 5),
(545, 'Cravolandia', 5),
(546, 'Crisopolis', 5),
(547, 'Cristalandia', 5),
(548, 'Cristopolis', 5),
(549, 'Crussai', 5),
(550, 'Cruz das Almas', 5),
(551, 'Cumuruxatiba', 5),
(552, 'Cunhangi', 5),
(553, 'Curaca', 5),
(554, 'Curral Falso', 5),
(555, 'Dario Meira', 5),
(556, 'Delfino', 5),
(557, 'Descoberto', 5),
(558, 'Dias Coelho', 5),
(559, 'Dias D Avila', 5),
(560, 'Diogenes Sampaio', 5),
(561, 'Dom Basilio', 5),
(562, 'Dom Macedo Costa', 5),
(563, 'Dona Maria', 5),
(564, 'Duas Barras do Morro', 5),
(565, 'Elisio Medrado', 5),
(566, 'Encruzilhada', 5),
(567, 'Engenheiro Franca', 5),
(568, 'Engenheiro Pontes', 5),
(569, 'Entre Rios', 5),
(570, 'Erico Cardoso', 5),
(571, 'Esplanada', 5),
(572, 'Euclides da Cunha', 5),
(573, 'Eunapolis', 5),
(574, 'Fatima', 5),
(575, 'Feira da Mata', 5),
(576, 'Feira de Santana', 5),
(577, 'Ferradas', 5),
(578, 'Filadelfia', 5),
(579, 'Filanesia', 5),
(580, 'Firmino Alves', 5),
(581, 'Floresta Azul', 5),
(582, 'Formosa do Rio Preto', 5),
(583, 'Franca', 5),
(584, 'Gabiarra', 5),
(585, 'Galeao', 5),
(586, 'Gamboa', 5),
(587, 'Gameleira da Lapa', 5),
(588, 'Gameleira do Assurua', 5),
(589, 'Gandu', 5),
(590, 'Gaviao', 5),
(591, 'Gentio do Ouro', 5),
(592, 'Geolandia', 5),
(593, 'Gloria', 5),
(594, 'Gongogi', 5),
(595, 'Governador Joao Durval Carneiro', 5),
(596, 'Governador Mangabeira', 5),
(597, 'Guagirus', 5),
(598, 'Guai', 5),
(599, 'Guajeru', 5),
(600, 'Guanambi', 5),
(601, 'Guapira', 5),
(602, 'Guarajuba', 5),
(603, 'Guaratinga', 5),
(604, 'Guerem', 5),
(605, 'Guine', 5),
(606, 'Guirapa', 5),
(607, 'Gurupa Mirim', 5),
(608, 'Heliopolis', 5),
(609, 'Helvecia', 5),
(610, 'Hidrolandia', 5),
(611, 'Humildes', 5),
(612, 'Iacu', 5),
(613, 'Ibatui', 5),
(614, 'Ibiacu', 5),
(615, 'Ibiajara', 5),
(616, 'Ibiapora', 5),
(617, 'Ibiassuce', 5),
(618, 'Ibicarai', 5),
(619, 'Ibicoara', 5),
(620, 'Ibicui', 5),
(621, 'Ibipeba', 5),
(622, 'Ibipetum', 5),
(623, 'Ibipitanga', 5),
(624, 'Ibiquera', 5),
(625, 'Ibiraba', 5),
(626, 'Ibiraja', 5),
(627, 'Ibiranhem', 5),
(628, 'Ibirapitanga', 5),
(629, 'Ibirapua', 5),
(630, 'Ibirataia', 5),
(631, 'Ibitiara', 5),
(632, 'Ibitiguira', 5),
(633, 'Ibitira', 5),
(634, 'Ibitita', 5),
(635, 'Ibitunane', 5),
(636, 'Ibitupa', 5),
(637, 'Ibo', 5),
(638, 'Ibotirama', 5),
(639, 'Ichu', 5),
(640, 'Ico', 5),
(641, 'Igapora', 5),
(642, 'Igara', 5),
(643, 'Igarite', 5),
(644, 'Igatu', 5),
(645, 'Igrapiuna', 5),
(646, 'Igua', 5),
(647, 'Iguai', 5),
(648, 'Iguaibi', 5),
(649, 'Iguatemi', 5),
(650, 'Iguira', 5),
(651, 'Iguitu', 5),
(652, 'Ilha de Mare', 5),
(653, 'Ilheus', 5),
(654, 'Indai', 5),
(655, 'Inema', 5),
(656, 'Inhambupe', 5),
(657, 'Inhata', 5),
(658, 'Inhaumas', 5),
(659, 'Inhobim', 5),
(660, 'Inubia', 5),
(661, 'Ipecaeta', 5),
(662, 'Ipiau', 5),
(663, 'Ipira', 5),
(664, 'Ipiuna', 5),
(665, 'Ipucaba', 5),
(666, 'Ipupiara', 5),
(667, 'Irajuba', 5),
(668, 'Iramaia', 5),
(669, 'Iraporanga', 5),
(670, 'Iraquara', 5),
(671, 'Irara', 5),
(672, 'Irece', 5),
(673, 'Irundiara', 5),
(674, 'Ita-azul', 5),
(675, 'Itabela', 5),
(676, 'Itaberaba', 5),
(677, 'Itabuna', 5),
(678, 'Itacare', 5),
(679, 'Itacava', 5),
(680, 'Itachama', 5),
(681, 'Itacimirim', 5),
(682, 'Itaete', 5),
(683, 'Itagi', 5),
(684, 'Itagiba', 5),
(685, 'Itagimirim', 5),
(686, 'Itaguacu da Bahia', 5),
(687, 'Itaia', 5),
(688, 'Itaibo', 5),
(689, 'Itaipu', 5),
(690, 'Itaitu', 5),
(691, 'Itajai', 5),
(692, 'Itaju do Colonia', 5),
(693, 'Itajubaquara', 5),
(694, 'Itajuipe', 5),
(695, 'Itajuru', 5),
(696, 'Itamaraju', 5),
(697, 'Itamari', 5),
(698, 'Itambe', 5),
(699, 'Itamira', 5),
(700, 'Itamotinga', 5),
(701, 'Itanage', 5),
(702, 'Itanagra', 5),
(703, 'Itanhem', 5),
(704, 'Itanhi', 5),
(705, 'Itaparica', 5),
(706, 'Itape', 5),
(707, 'Itapebi', 5),
(708, 'Itapeipu', 5),
(709, 'Itapetinga', 5),
(710, 'Itapicuru', 5),
(711, 'Itapirema', 5),
(712, 'Itapitanga', 5),
(713, 'Itapora', 5),
(714, 'Itapura', 5),
(715, 'Itaquara', 5),
(716, 'Itaquarai', 5),
(717, 'Itarantim', 5),
(718, 'Itati', 5),
(719, 'Itatim', 5),
(720, 'Itatingui', 5),
(721, 'Itirucu', 5),
(722, 'Itiuba', 5),
(723, 'Itororo', 5),
(724, 'Ituacu', 5),
(725, 'Itubera', 5),
(726, 'Itupeva', 5),
(727, 'Iuiu', 5),
(728, 'Jaborandi', 5),
(729, 'Jacaraci', 5),
(730, 'Jacobina', 5),
(731, 'Jacu', 5),
(732, 'Jacuipe', 5),
(733, 'Jacuruna', 5),
(734, 'Jaguaquara', 5),
(735, 'Jaguara', 5),
(736, 'Jaguarari', 5),
(737, 'Jaguaripe', 5),
(738, 'Jaiba', 5),
(739, 'Jandaira', 5),
(740, 'Japomirim', 5),
(741, 'Japu', 5),
(742, 'Jaua', 5),
(743, 'Jequie', 5),
(744, 'Jequirica', 5),
(745, 'Jeremoabo', 5),
(746, 'Jiribatuba', 5),
(747, 'Jitauna', 5),
(748, 'Joao Amaro', 5),
(749, 'Joao Correia', 5),
(750, 'Joao Dourado', 5),
(751, 'Jose Goncalves', 5),
(752, 'Juacema', 5),
(753, 'Juazeiro', 5),
(754, 'Jucurucu', 5),
(755, 'Juerana', 5),
(756, 'Junco', 5),
(757, 'Jupagua', 5),
(758, 'Juraci', 5),
(759, 'Juremal', 5),
(760, 'Jussara', 5),
(761, 'Jussari', 5),
(762, 'Jussiape', 5),
(763, 'Km Sete', 5),
(764, 'Lafaiete Coutinho', 5),
(765, 'Lagoa Clara', 5),
(766, 'Lagoa de Melquiades', 5),
(767, 'Lagoa do Boi', 5),
(768, 'Lagoa Grande', 5),
(769, 'Lagoa Jose Luis', 5),
(770, 'Lagoa Preta', 5),
(771, 'Lagoa Real', 5),
(772, 'Laje', 5),
(773, 'Laje do Banco', 5),
(774, 'Lajedao', 5),
(775, 'Lajedinho', 5),
(776, 'Lajedo Alto', 5),
(777, 'Lajedo do Tabocal', 5),
(778, 'Lamarao', 5),
(779, 'Lamarao do Passe', 5),
(780, 'Lapao', 5),
(781, 'Largo', 5),
(782, 'Lauro de Freitas', 5),
(783, 'Lencois', 5),
(784, 'Licinio de Almeida', 5),
(785, 'Limoeiro do Bom Viver', 5),
(786, 'Livramento do Brumado', 5),
(787, 'Lucaia', 5),
(788, 'Luis Viana', 5),
(789, 'Lustosa', 5),
(790, 'Macajuba', 5),
(791, 'Macarani', 5),
(792, 'Macaubas', 5),
(793, 'Macurure', 5),
(794, 'Madre de Deus', 5),
(795, 'Maetinga', 5),
(796, 'Maiquinique', 5),
(797, 'Mairi', 5),
(798, 'Malhada', 5),
(799, 'Malhada de Pedras', 5),
(800, 'Mandiroba', 5),
(801, 'Mangue Seco', 5),
(802, 'Maniacu', 5),
(803, 'Manoel Vitorino', 5),
(804, 'Mansidao', 5),
(805, 'Mantiba', 5),
(806, 'Mar Grande', 5),
(807, 'Maracas', 5),
(808, 'Maragogipe', 5),
(809, 'Maragogipinho', 5),
(810, 'Marau', 5),
(811, 'Marcionilio Souza', 5),
(812, 'Marcolino Moura', 5),
(813, 'Maria Quiteria', 5),
(814, 'Maricoabo', 5),
(815, 'Mariquita', 5),
(816, 'Mascote', 5),
(817, 'Massacara', 5),
(818, 'Massaroca', 5),
(819, 'Mata da Alianca', 5),
(820, 'Mata de Sao Joao', 5),
(821, 'Mataripe', 5),
(822, 'Matina', 5),
(823, 'Matinha', 5),
(824, 'Medeiros Neto', 5),
(825, 'Miguel Calmon', 5),
(826, 'Milagres', 5),
(827, 'Mimoso do Oeste', 5),
(828, 'Minas do Espirito Santo', 5),
(829, 'Minas do Mimoso', 5),
(830, 'Mirandela', 5),
(831, 'Miranga', 5),
(832, 'Mirangaba', 5),
(833, 'Mirante', 5),
(834, 'Mocambo', 5),
(835, 'Mogiquicaba', 5),
(836, 'Monte Cruzeiro', 5),
(837, 'Monte Gordo', 5),
(838, 'Monte Reconcavo', 5),
(839, 'Monte Santo', 5),
(840, 'Morpara', 5),
(841, 'Morrinhos', 5),
(842, 'Morro das Flores', 5),
(843, 'Morro de Sao Paulo', 5),
(844, 'Morro do Chapeu', 5),
(845, 'Mortugaba', 5),
(846, 'Mucuge', 5),
(847, 'Mucuri', 5),
(848, 'Mulungu do Morro', 5),
(849, 'Mundo Novo', 5),
(850, 'Muniz Ferreira', 5),
(851, 'Muquem do Sao Francisco', 5),
(852, 'Muritiba', 5),
(853, 'Mutas', 5),
(854, 'Mutuipe', 5),
(855, 'Nage', 5),
(856, 'Narandiba', 5),
(857, 'Nazare', 5),
(858, 'Nilo Pecanha', 5),
(859, 'Nordestina', 5),
(860, 'Nova Alegria', 5),
(861, 'Nova Brasilia', 5),
(862, 'Nova Canaa', 5),
(863, 'Nova Fatima', 5),
(864, 'Nova Ibia', 5),
(865, 'Nova Itaipe', 5),
(866, 'Nova Itarana', 5),
(867, 'Nova Lidice', 5),
(868, 'Nova Redencao', 5),
(869, 'Nova Soure', 5),
(870, 'Nova Vicosa', 5),
(871, 'Novo Acre', 5),
(872, 'Novo Horizonte', 5),
(873, 'Novo Triunfo', 5),
(874, 'Nucleo Residencial Pilar', 5),
(875, 'Nuguacu', 5),
(876, 'Olhos D\'agua Do Seco', 5),
(877, 'Olhos D\'agua Do Serafim', 5),
(878, 'Olindina', 5),
(879, 'Oliveira dos Brejinhos', 5),
(880, 'Olivenca', 5),
(881, 'Onha', 5),
(882, 'Oriente Novo', 5),
(883, 'Ouricana', 5),
(884, 'Ouricangas', 5),
(885, 'Ouricuri do Ouro', 5),
(886, 'Ourolandia', 5),
(887, 'Outeiro Redondo', 5),
(888, 'Paiol', 5),
(889, 'Pajeu do Vento', 5),
(890, 'Palame', 5),
(891, 'Palmas de Monte Alto', 5),
(892, 'Palmeiras', 5),
(893, 'Parafuso', 5),
(894, 'Paramirim', 5),
(895, 'Parateca', 5),
(896, 'Paratinga', 5),
(897, 'Paripiranga', 5),
(898, 'Pataiba', 5),
(899, 'Patamute', 5),
(900, 'Pau A Pique', 5),
(901, 'Pau Brasil', 5),
(902, 'Paulo Afonso', 5),
(903, 'Pe de Serra', 5),
(904, 'Pedrao', 5),
(905, 'Pedras Altas do Mirim', 5),
(906, 'Pedro Alexandre', 5),
(907, 'Peixe', 5),
(908, 'Petim', 5),
(909, 'Piabanha', 5),
(910, 'Piata', 5),
(911, 'Picarrao', 5),
(912, 'Pilao Arcado', 5),
(913, 'Pimenteira', 5),
(914, 'Pindai', 5),
(915, 'Pindobacu', 5),
(916, 'Pinhoes', 5),
(917, 'Pintadas', 5),
(918, 'Piragi', 5),
(919, 'Pirai do Norte', 5),
(920, 'Piraja', 5),
(921, 'Pirajuia', 5),
(922, 'Piri', 5),
(923, 'Piripa', 5),
(924, 'Piritiba', 5),
(925, 'Pituba', 5),
(926, 'Planaltino', 5),
(927, 'Planalto', 5),
(928, 'Poco Central', 5),
(929, 'Poco de Fora', 5),
(930, 'Pocoes', 5),
(931, 'Pocos', 5),
(932, 'Pojuca', 5),
(933, 'Polo Petroquimico de Camacari', 5),
(934, 'Ponta da Areia', 5),
(935, 'Ponto Novo', 5),
(936, 'Porto Novo', 5),
(937, 'Porto Seguro', 5),
(938, 'Posto da Mata', 5),
(939, 'Potiragua', 5),
(940, 'Poxim do Sul', 5),
(941, 'Prado', 5),
(942, 'Presidente Dutra', 5),
(943, 'Presidente Janio Quadros', 5),
(944, 'Presidente Tancredo Neves', 5),
(945, 'Prevenido', 5),
(946, 'Quaracu', 5),
(947, 'Queimadas', 5),
(948, 'Quijingue', 5),
(949, 'Quixaba', 5),
(950, 'Quixabeira', 5),
(951, 'Rafael Jambeiro', 5),
(952, 'Recife', 5),
(953, 'Remanso', 5),
(954, 'Remedios', 5),
(955, 'Retirolandia', 5),
(956, 'Riachao das Neves', 5),
(957, 'Riachao do Jacuipe', 5),
(958, 'Riachao do Utinga', 5),
(959, 'Riacho da Guia', 5),
(960, 'Riacho de Santana', 5),
(961, 'Riacho Seco', 5),
(962, 'Ribeira do Amparo', 5),
(963, 'Ribeira do Pombal', 5),
(964, 'Ribeirao do Largo', 5),
(965, 'Ribeirao do Salto', 5),
(966, 'Rio da Dona', 5),
(967, 'Rio de Contas', 5),
(968, 'Rio do Antonio', 5),
(969, 'Rio do Braco', 5),
(970, 'Rio do Meio', 5),
(971, 'Rio do Pires', 5),
(972, 'Rio Fundo', 5),
(973, 'Rio Real', 5),
(974, 'Rodelas', 5),
(975, 'Ruy Barbosa', 5),
(976, 'Saldanha', 5),
(977, 'Salgadalia', 5),
(978, 'Salinas da Margarida', 5),
(979, 'Salobrinho', 5),
(980, 'Salobro', 5),
(981, 'Salvador', 5),
(982, 'Sambaiba', 5),
(983, 'Santa Barbara', 5),
(984, 'Santa Brigida', 5),
(985, 'Santa Cruz Cabralia', 5),
(986, 'Santa Cruz da Vitoria', 5),
(987, 'Santa Ines', 5),
(988, 'Santa Luzia', 5),
(989, 'Santa Maria da Vitoria', 5),
(990, 'Santa Rita de Cassia', 5),
(991, 'Santa Terezinha', 5),
(992, 'Santaluz', 5),
(993, 'Santana', 5),
(994, 'Santana do Sobrado', 5),
(995, 'Santanopolis', 5),
(996, 'Santiago do Iguape', 5),
(997, 'Santo Amaro', 5),
(998, 'Santo Antonio de Barcelona', 5),
(999, 'Santo Antonio de Jesus', 5),
(1000, 'Santo Estevao', 5),
(1001, 'Santo Inacio', 5),
(1002, 'Sao Desiderio', 5),
(1003, 'Sao Domingos', 5),
(1004, 'Sao Felipe', 5),
(1005, 'Sao Felix', 5),
(1006, 'Sao Felix do Coribe', 5),
(1007, 'Sao Francisco do Conde', 5),
(1008, 'Sao Gabriel', 5),
(1009, 'Sao Goncalo dos Campos', 5),
(1010, 'Sao Joao da Fortaleza', 5),
(1011, 'Sao Joao da Vitoria', 5),
(1012, 'Sao Jose da Vitoria', 5),
(1013, 'Sao Jose do Colonia', 5),
(1014, 'Sao Jose do Jacuipe', 5),
(1015, 'Sao Jose do Prado', 5),
(1016, 'Sao Jose do Rio Grande', 5),
(1017, 'Sao Miguel das Matas', 5),
(1018, 'Sao Paulinho', 5),
(1019, 'Sao Roque do Paraguacu', 5),
(1020, 'Sao Sebastiao do Passe', 5),
(1021, 'Sao Timoteo', 5),
(1022, 'Sapeacu', 5),
(1023, 'Satiro Dias', 5),
(1024, 'Saubara', 5),
(1025, 'Saudavel', 5),
(1026, 'Saude', 5),
(1027, 'Seabra', 5),
(1028, 'Sebastiao Laranjeiras', 5),
(1029, 'Senhor do Bonfim', 5),
(1030, 'Sento Se', 5),
(1031, 'Sergi', 5),
(1032, 'Serra da Canabrava', 5),
(1033, 'Serra do Ramalho', 5),
(1034, 'Serra Dourada', 5),
(1035, 'Serra Grande', 5),
(1036, 'Serra Preta', 5),
(1037, 'Serrinha', 5),
(1038, 'Serrolandia', 5),
(1039, 'Simoes Filho', 5),
(1040, 'Sitio da Barauna', 5),
(1041, 'Sitio do Mato', 5),
(1042, 'Sitio do Meio', 5),
(1043, 'Sitio do Quinto', 5),
(1044, 'Sitio Grande', 5),
(1045, 'Sitio Novo', 5),
(1046, 'Soares', 5),
(1047, 'Sobradinho', 5),
(1048, 'Souto Soares', 5),
(1049, 'Subauma', 5),
(1050, 'Sussuarana', 5),
(1051, 'Tabocas do Brejo Velho', 5),
(1052, 'Taboleiro do Castro', 5),
(1053, 'Taboquinhas', 5),
(1054, 'Tagua', 5),
(1055, 'Tamburil', 5),
(1056, 'Tanhacu', 5),
(1057, 'Tanque Novo', 5),
(1058, 'Tanquinho', 5),
(1059, 'Tanquinho do Poco', 5),
(1060, 'Taperoa', 5),
(1061, 'Tapiraipe', 5),
(1062, 'Tapirama', 5),
(1063, 'Tapiramuta', 5),
(1064, 'Tapiranga', 5),
(1065, 'Tapuia', 5),
(1066, 'Taquarendi', 5),
(1067, 'Taquarinha', 5),
(1068, 'Tartaruga', 5),
(1069, 'Tauape', 5),
(1070, 'Teixeira de Freitas', 5),
(1071, 'Teodoro Sampaio', 5),
(1072, 'Teofilandia', 5),
(1073, 'Teolandia', 5),
(1074, 'Terra Nova', 5),
(1075, 'Tijuacu', 5),
(1076, 'Tiquarucu', 5),
(1077, 'Tremedal', 5),
(1078, 'Triunfo do Sincora', 5),
(1079, 'Tucano', 5),
(1080, 'Uaua', 5),
(1081, 'Ubaira', 5),
(1082, 'Ubaitaba', 5),
(1083, 'Ubata', 5),
(1084, 'Ubiracaba', 5),
(1085, 'Ubiraita', 5),
(1086, 'Uibai', 5),
(1087, 'Umburanas', 5),
(1088, 'Umbuzeiro', 5),
(1089, 'Una', 5),
(1090, 'Urandi', 5),
(1091, 'Urucuca', 5),
(1092, 'Utinga', 5),
(1093, 'Vale Verde', 5),
(1094, 'Valenca', 5),
(1095, 'Valente', 5),
(1096, 'Varzea da Roca', 5),
(1097, 'Varzea do Caldas', 5),
(1098, 'Varzea do Cerco', 5),
(1099, 'Varzea do Poco', 5),
(1100, 'Varzea Nova', 5),
(1101, 'Varzeas', 5),
(1102, 'Varzedo', 5),
(1103, 'Velha Boipeba', 5),
(1104, 'Ventura', 5),
(1105, 'Vera Cruz', 5),
(1106, 'Vereda', 5),
(1107, 'Vila do Cafe', 5),
(1108, 'Vitoria da Conquista', 5),
(1109, 'Volta Grande', 5),
(1110, 'Wagner', 5),
(1111, 'Wanderley', 5),
(1112, 'Wenceslau Guimaraes', 5),
(1113, 'Xique-xique', 5),
(1114, 'Abaiara', 6),
(1115, 'Abilio Martins', 6),
(1116, 'Acarape', 6),
(1117, 'Acarau', 6),
(1118, 'Acopiara', 6),
(1119, 'Adrianopolis', 6),
(1120, 'Agua Verde', 6),
(1121, 'Aguai', 6),
(1122, 'Aiua', 6),
(1123, 'Aiuaba', 6),
(1124, 'Alagoinha', 6),
(1125, 'Alcantaras', 6),
(1126, 'Algodoes', 6),
(1127, 'Almofala', 6),
(1128, 'Altaneira', 6),
(1129, 'Alto Santo', 6),
(1130, 'Amanaiara', 6),
(1131, 'Amanari', 6),
(1132, 'Amaniutuba', 6),
(1133, 'Amarelas', 6),
(1134, 'Amaro', 6),
(1135, 'America', 6),
(1136, 'Amontada', 6),
(1137, 'Anaua', 6),
(1138, 'Aningas', 6),
(1139, 'Anjinhos', 6),
(1140, 'Antonina do Norte', 6),
(1141, 'Antonio Bezerra', 6),
(1142, 'Antonio Diogo', 6),
(1143, 'Antonio Marques', 6),
(1144, 'Aprazivel', 6),
(1145, 'Apuiares', 6),
(1146, 'Aquinopolis', 6),
(1147, 'Aquiraz', 6),
(1148, 'Aracas', 6),
(1149, 'Aracati', 6),
(1150, 'Aracatiacu', 6),
(1151, 'Aracatiara', 6),
(1152, 'Aracoiaba', 6),
(1153, 'Arajara', 6),
(1154, 'Aranau', 6),
(1155, 'Arapa', 6),
(1156, 'Arapari', 6),
(1157, 'Araporanga', 6),
(1158, 'Araquem', 6),
(1159, 'Ararenda', 6),
(1160, 'Araripe', 6),
(1161, 'Ararius', 6),
(1162, 'Aratama', 6),
(1163, 'Araticum', 6),
(1164, 'Aratuba', 6),
(1165, 'Areial', 6),
(1166, 'Ariscos dos Marianos', 6),
(1167, 'Arneiroz', 6),
(1168, 'Aroeiras', 6),
(1169, 'Arrojado', 6),
(1170, 'Aruaru', 6),
(1171, 'Assare', 6),
(1172, 'Assuncao', 6),
(1173, 'Aurora', 6),
(1174, 'Baixa Grande', 6),
(1175, 'Baixio', 6),
(1176, 'Baixio da Donana', 6),
(1177, 'Banabuiu', 6),
(1178, 'Bandeira', 6),
(1179, 'Barao de Aquiraz', 6),
(1180, 'Barbalha', 6),
(1181, 'Barra', 6),
(1182, 'Barra do Sotero', 6),
(1183, 'Barra Nova', 6),
(1184, 'Barreira', 6),
(1185, 'Barreira dos Vianas', 6),
(1186, 'Barreiras', 6),
(1187, 'Barreiros', 6),
(1188, 'Barrento', 6),
(1189, 'Barro', 6),
(1190, 'Barro Alto', 6),
(1191, 'Barroquinha', 6),
(1192, 'Baturite', 6),
(1193, 'Bau', 6),
(1194, 'Beberibe', 6),
(1195, 'Bela Cruz', 6),
(1196, 'Bela Vista', 6),
(1197, 'Betania', 6),
(1198, 'Bitupita', 6),
(1199, 'Bixopa', 6),
(1200, 'Boa Agua', 6),
(1201, 'Boa Esperanca', 6),
(1202, 'Boa Viagem', 6),
(1203, 'Boa Vista', 6),
(1204, 'Boa Vista do Caxitore', 6),
(1205, 'Bonfim', 6),
(1206, 'Bonhu', 6),
(1207, 'Bonito', 6),
(1208, 'Borges', 6),
(1209, 'Brejinho', 6),
(1210, 'Brejo Grande', 6),
(1211, 'Brejo Santo', 6),
(1212, 'Brotas', 6),
(1213, 'Buritizal', 6),
(1214, 'Buritizinho', 6),
(1215, 'Cabreiro', 6),
(1216, 'Cachoeira', 6),
(1217, 'Cachoeira Grande', 6),
(1218, 'Caicara', 6),
(1219, 'Caicarinha', 6),
(1220, 'Caio Prado', 6),
(1221, 'Caioca', 6),
(1222, 'Caipu', 6),
(1223, 'Calabaca', 6),
(1224, 'Caldeirao', 6),
(1225, 'California', 6),
(1226, 'Camara', 6),
(1227, 'Camboas', 6),
(1228, 'Camilos', 6),
(1229, 'Camocim', 6),
(1230, 'Campanario', 6),
(1231, 'Campestre', 6),
(1232, 'Campos Sales', 6),
(1233, 'Canaan', 6),
(1234, 'Canafistula', 6),
(1235, 'Cangati', 6),
(1236, 'Caninde', 6),
(1237, 'Canindezinho', 6),
(1238, 'Capistrano', 6),
(1239, 'Caponga', 6),
(1240, 'Caponga da Bernarda', 6),
(1241, 'Caracara', 6),
(1242, 'Caridade', 6),
(1243, 'Carire', 6),
(1244, 'Caririacu', 6),
(1245, 'Carius', 6),
(1246, 'Cariutaba', 6),
(1247, 'Carmelopolis', 6),
(1248, 'Carnaubal', 6),
(1249, 'Carnaubas', 6),
(1250, 'Carnaubinha', 6),
(1251, 'Carquejo', 6),
(1252, 'Carrapateiras', 6),
(1253, 'Caruatai', 6),
(1254, 'Carvalho', 6),
(1255, 'Carvoeiro', 6),
(1256, 'Cascavel', 6),
(1257, 'Castanhao', 6),
(1258, 'Catarina', 6),
(1259, 'Catole', 6),
(1260, 'Catuana', 6),
(1261, 'Catunda', 6),
(1262, 'Caucaia', 6),
(1263, 'Caxitore', 6),
(1264, 'Cedro', 6),
(1265, 'Cemoaba', 6),
(1266, 'Chaval', 6),
(1267, 'Choro', 6),
(1268, 'Chorozinho', 6),
(1269, 'Cipo dos Anjos', 6),
(1270, 'Cococi', 6),
(1271, 'Codia', 6),
(1272, 'Coite', 6),
(1273, 'Colina', 6),
(1274, 'Conceicao', 6),
(1275, 'Coreau', 6),
(1276, 'Corrego dos Fernandes', 6),
(1277, 'Crateus', 6),
(1278, 'Crato', 6),
(1279, 'Crioulos', 6),
(1280, 'Cristais', 6),
(1281, 'Croata', 6),
(1282, 'Cruxati', 6),
(1283, 'Cruz', 6),
(1284, 'Cruz de Pedra', 6),
(1285, 'Cruzeirinho', 6),
(1286, 'Cuncas', 6),
(1287, 'Curatis', 6),
(1288, 'Curupira', 6),
(1289, 'Custodio', 6),
(1290, 'Daniel de Queiros', 6),
(1291, 'Delmiro Gouveia', 6),
(1292, 'Deputado Irapuan Pinheiro', 6),
(1293, 'Deserto', 6),
(1294, 'Dom Leme', 6),
(1295, 'Dom Mauricio', 6),
(1296, 'Dom Quintino', 6),
(1297, 'Domingos da Costa', 6),
(1298, 'Donato', 6),
(1299, 'Dourados', 6),
(1300, 'Ebron', 6),
(1301, 'Ema', 6),
(1302, 'Ematuba', 6),
(1303, 'Encantado', 6),
(1304, 'Engenheiro Joao Tome', 6),
(1305, 'Engenheiro Jose Lopes', 6),
(1306, 'Engenho Velho', 6),
(1307, 'Erere', 6),
(1308, 'Espacinha', 6),
(1309, 'Esperanca', 6),
(1310, 'Espinho', 6),
(1311, 'Eusebio', 6),
(1312, 'Farias Brito', 6),
(1313, 'Fatima', 6),
(1314, 'Feiticeiro', 6),
(1315, 'Feitosa', 6),
(1316, 'Felizardo', 6),
(1317, 'Flamengo', 6),
(1318, 'Flores', 6),
(1319, 'Forquilha', 6),
(1320, 'Fortaleza', 6),
(1321, 'Fortim', 6),
(1322, 'Frecheirinha', 6),
(1323, 'Gado', 6),
(1324, 'Gado dos Rodrigues', 6),
(1325, 'Gameleira de Sao Sebastiao', 6),
(1326, 'Garcas', 6),
(1327, 'Gazea', 6),
(1328, 'General Sampaio', 6),
(1329, 'General Tiburcio', 6),
(1330, 'Genipapeiro', 6),
(1331, 'Gererau', 6),
(1332, 'Giqui', 6),
(1333, 'Girau', 6),
(1334, 'Graca', 6),
(1335, 'Granja', 6),
(1336, 'Granjeiro', 6),
(1337, 'Groairas', 6),
(1338, 'Guaiuba', 6),
(1339, 'Guajiru', 6),
(1340, 'Guanaces', 6),
(1341, 'Guaraciaba do Norte', 6),
(1342, 'Guaramiranga', 6),
(1343, 'Guararu', 6),
(1344, 'Guassi', 6),
(1345, 'Guassosse', 6),
(1346, 'Guia', 6),
(1347, 'Guriu', 6),
(1348, 'Hidrolandia', 6),
(1349, 'Holanda', 6),
(1350, 'Horizonte', 6),
(1351, 'Iapi', 6),
(1352, 'Iara', 6),
(1353, 'Ibaretama', 6),
(1354, 'Ibiapaba', 6),
(1355, 'Ibiapina', 6),
(1356, 'Ibicatu', 6),
(1357, 'Ibicua', 6),
(1358, 'Ibicuitaba', 6),
(1359, 'Ibicuitinga', 6),
(1360, 'Iborepi', 6),
(1361, 'Ibuacu', 6),
(1362, 'Ibuguacu', 6),
(1363, 'Icapui', 6),
(1364, 'Icarai', 6),
(1365, 'Ico', 6),
(1366, 'Icozinho', 6),
(1367, 'Ideal', 6),
(1368, 'Igaroi', 6),
(1369, 'Iguatu', 6),
(1370, 'Independencia', 6),
(1371, 'Ingazeiras', 6),
(1372, 'Inhamuns', 6),
(1373, 'Inhucu', 6),
(1374, 'Inhuporanga', 6),
(1375, 'Ipaporanga', 6),
(1376, 'Ipaumirim', 6),
(1377, 'Ipu', 6),
(1378, 'Ipueiras', 6),
(1379, 'Ipueiras dos Gomes', 6),
(1380, 'Iracema', 6),
(1381, 'Iraja', 6),
(1382, 'Irapua', 6),
(1383, 'Iratinga', 6),
(1384, 'Iraucuba', 6),
(1385, 'Isidoro', 6),
(1386, 'Itacima', 6),
(1387, 'Itagua', 6),
(1388, 'Itaicaba', 6),
(1389, 'Itaipaba', 6),
(1390, 'Itaitinga', 6),
(1391, 'Itans', 6),
(1392, 'Itapage', 6),
(1393, 'Itapebussu', 6),
(1394, 'Itapeim', 6),
(1395, 'Itapipoca', 6),
(1396, 'Itapiuna', 6),
(1397, 'Itapo', 6),
(1398, 'Itarema', 6),
(1399, 'Itatira', 6),
(1400, 'Jaburuna', 6),
(1401, 'Jacampari', 6),
(1402, 'Jacarecoara', 6),
(1403, 'Jacauna', 6),
(1404, 'Jaguarao', 6),
(1405, 'Jaguaretama', 6),
(1406, 'Jaguaribara', 6),
(1407, 'Jaguaribe', 6),
(1408, 'Jaguaruana', 6),
(1409, 'Jaibaras', 6),
(1410, 'Jamacaru', 6),
(1411, 'Jandrangoeira', 6),
(1412, 'Jardim', 6),
(1413, 'Jardimirim', 6),
(1414, 'Jati', 6),
(1415, 'Jijoca de Jericoacoara', 6),
(1416, 'Joao Cordeiro', 6),
(1417, 'Jordao', 6),
(1418, 'Jose de Alencar', 6),
(1419, 'Jua', 6),
(1420, 'Juatama', 6),
(1421, 'Juazeiro de Baixo', 6),
(1422, 'Juazeiro do Norte', 6),
(1423, 'Jubaia', 6),
(1424, 'Jucas', 6),
(1425, 'Jurema', 6),
(1426, 'Justiniano Serpa', 6),
(1427, 'Lacerda', 6),
(1428, 'Ladeira Grande', 6),
(1429, 'Lagoa de Sao Jose', 6),
(1430, 'Lagoa do Juvenal', 6),
(1431, 'Lagoa do Mato', 6),
(1432, 'Lagoa dos Crioulos', 6),
(1433, 'Lagoa Grande', 6),
(1434, 'Lagoinha', 6),
(1435, 'Lambedouro', 6),
(1436, 'Lameiro', 6),
(1437, 'Lavras da Mangabeira', 6),
(1438, 'Lima Campos', 6),
(1439, 'Limoeiro do Norte', 6),
(1440, 'Lisieux', 6),
(1441, 'Livramento', 6),
(1442, 'Logradouro', 6),
(1443, 'Macambira', 6),
(1444, 'Macaoca', 6),
(1445, 'Macarau', 6),
(1446, 'Maceio', 6),
(1447, 'Madalena', 6),
(1448, 'Major Simplicio', 6),
(1449, 'Majorlandia', 6),
(1450, 'Malhada Grande', 6),
(1451, 'Mangabeira', 6),
(1452, 'Manibu', 6),
(1453, 'Manituba', 6),
(1454, 'Mapua', 6),
(1455, 'Maracanau', 6),
(1456, 'Maragua', 6),
(1457, 'Maranguape', 6),
(1458, 'Mararupa', 6),
(1459, 'Marco', 6),
(1460, 'Marinheiros', 6),
(1461, 'Marrecas', 6),
(1462, 'Marrocos', 6),
(1463, 'Marruas', 6),
(1464, 'Martinopole', 6),
(1465, 'Massape', 6),
(1466, 'Mata Fresca', 6),
(1467, 'Matias', 6),
(1468, 'Matriz', 6),
(1469, 'Mauriti', 6),
(1470, 'Mel', 6),
(1471, 'Meruoca', 6),
(1472, 'Messejana', 6),
(1473, 'Miguel Xavier', 6),
(1474, 'Milagres', 6),
(1475, 'Milha', 6),
(1476, 'Milton Belo', 6),
(1477, 'Mineirolandia', 6),
(1478, 'Miragem', 6),
(1479, 'Miraima', 6),
(1480, 'Mirambe', 6),
(1481, 'Missao Nova', 6),
(1482, 'Missao Velha', 6),
(1483, 'Missi', 6),
(1484, 'Moitas', 6),
(1485, 'Mombaca', 6),
(1486, 'Mondubim', 6),
(1487, 'Monguba', 6),
(1488, 'Monsenhor Tabosa', 6),
(1489, 'Monte Alegre', 6),
(1490, 'Monte Castelo', 6),
(1491, 'Monte Grave', 6),
(1492, 'Monte Sion', 6),
(1493, 'Montenebo', 6),
(1494, 'Morada Nova', 6),
(1495, 'Moraujo', 6),
(1496, 'Morrinhos', 6),
(1497, 'Morrinhos Novos', 6),
(1498, 'Morro Branco', 6),
(1499, 'Mucambo', 6),
(1500, 'Mulungu', 6),
(1501, 'Mumbaba', 6),
(1502, 'Mundau', 6),
(1503, 'Muribeca', 6),
(1504, 'Muriti', 6),
(1505, 'Mutambeiras', 6),
(1506, 'Naraniu', 6),
(1507, 'Nascente', 6),
(1508, 'Nenenlandia', 6),
(1509, 'Nossa Senhora do Livramento', 6),
(1510, 'Nova Betania', 6),
(1511, 'Nova Fatima', 6),
(1512, 'Nova Floresta', 6),
(1513, 'Nova Olinda', 6),
(1514, 'Nova Russas', 6),
(1515, 'Nova Vida', 6),
(1516, 'Novo Assis', 6),
(1517, 'Novo Oriente', 6),
(1518, 'Ocara', 6),
(1519, 'Oiticica', 6),
(1520, 'Olho-d\'agua', 6),
(1521, 'Olho-d\'agua Da Bica', 6),
(1522, 'Oliveiras', 6),
(1523, 'Oros', 6),
(1524, 'Pacajus', 6),
(1525, 'Pacatuba', 6),
(1526, 'Pacoti', 6),
(1527, 'Pacuja', 6),
(1528, 'Padre Cicero', 6),
(1529, 'Padre Linhares', 6),
(1530, 'Padre Vieira', 6),
(1531, 'Pajeu', 6),
(1532, 'Pajucara', 6),
(1533, 'Palestina', 6),
(1534, 'Palestina do Norte', 6),
(1535, 'Palhano', 6),
(1536, 'Palmacia', 6),
(1537, 'Palmatoria', 6),
(1538, 'Panacui', 6),
(1539, 'Paracua', 6),
(1540, 'Paracuru', 6),
(1541, 'Paraipaba', 6),
(1542, 'Parajuru', 6),
(1543, 'Parambu', 6),
(1544, 'Paramoti', 6),
(1545, 'Parangaba', 6),
(1546, 'Parapui', 6),
(1547, 'Parazinho', 6),
(1548, 'Paripueira', 6),
(1549, 'Passagem', 6),
(1550, 'Passagem Funda', 6),
(1551, 'Pasta', 6),
(1552, 'Patacas', 6),
(1553, 'Patriarca', 6),
(1554, 'Pavuna', 6),
(1555, 'Pecem', 6),
(1556, 'Pedra Branca', 6),
(1557, 'Pedras', 6),
(1558, 'Pedrinhas', 6),
(1559, 'Peixe', 6),
(1560, 'Peixe Gordo', 6),
(1561, 'Penaforte', 6),
(1562, 'Pentecoste', 6),
(1563, 'Pereiro', 6),
(1564, 'Pernambuquinho', 6),
(1565, 'Pessoa Anta', 6),
(1566, 'Pindoguaba', 6),
(1567, 'Pindoretama', 6),
(1568, 'Pio X', 6),
(1569, 'Piquet Carneiro', 6),
(1570, 'Pirabibu', 6),
(1571, 'Pirangi', 6),
(1572, 'Pires Ferreira', 6),
(1573, 'Pitombeira', 6),
(1574, 'Pitombeiras', 6),
(1575, 'Placido Martins', 6),
(1576, 'Poco', 6),
(1577, 'Poco Comprido', 6),
(1578, 'Poco Grande', 6),
(1579, 'Podimirim', 6),
(1580, 'Ponta da Serra', 6),
(1581, 'Poranga', 6),
(1582, 'Porfirio Sampaio', 6),
(1583, 'Porteiras', 6),
(1584, 'Potengi', 6),
(1585, 'Poti', 6),
(1586, 'Potiretama', 6),
(1587, 'Prata', 6),
(1588, 'Prudente de Morais', 6),
(1589, 'Quatiguaba', 6),
(1590, 'Queimadas', 6),
(1591, 'Quimami', 6),
(1592, 'Quincoe', 6),
(1593, 'Quincunca', 6),
(1594, 'Quitaius', 6),
(1595, 'Quiterianopolis', 6),
(1596, 'Quixada', 6),
(1597, 'Quixariu', 6),
(1598, 'Quixelo', 6),
(1599, 'Quixeramobim', 6),
(1600, 'Quixere', 6),
(1601, 'Quixoa', 6),
(1602, 'Raimundo Martins', 6),
(1603, 'Redencao', 6),
(1604, 'Reriutaba', 6),
(1605, 'Riachao do Banabuiu', 6),
(1606, 'Riacho Grande', 6),
(1607, 'Riacho Verde', 6),
(1608, 'Riacho Vermelho', 6),
(1609, 'Rinare', 6),
(1610, 'Roldao', 6),
(1611, 'Russas', 6),
(1612, 'Sabiaguaba', 6),
(1613, 'Saboeiro', 6),
(1614, 'Sacramento', 6),
(1615, 'Salao', 6),
(1616, 'Salitre', 6),
(1617, 'Sambaiba', 6),
(1618, 'Santa Ana', 6),
(1619, 'Santa Fe', 6),
(1620, 'Santa Felicia', 6),
(1621, 'Santa Luzia', 6),
(1622, 'Santa Quiteria', 6),
(1623, 'Santa Tereza', 6),
(1624, 'Santana', 6),
(1625, 'Santana do Acarau', 6),
(1626, 'Santana do Cariri', 6),
(1627, 'Santarem', 6),
(1628, 'Santo Antonio', 6),
(1629, 'Santo Antonio da Pindoba', 6),
(1630, 'Santo Antonio dos Fernandes', 6),
(1631, 'Sao Bartolomeu', 6),
(1632, 'Sao Benedito', 6),
(1633, 'Sao Domingos', 6),
(1634, 'Sao Felipe', 6),
(1635, 'Sao Francisco', 6),
(1636, 'Sao Gerardo', 6),
(1637, 'Sao Goncalo do Amarante', 6),
(1638, 'Sao Goncalo do Umari', 6),
(1639, 'Sao Joao de Deus', 6),
(1640, 'Sao Joao do Jaguaribe', 6),
(1641, 'Sao Joao dos Queiroz', 6),
(1642, 'Sao Joaquim', 6),
(1643, 'Sao Joaquim do Salgado', 6),
(1644, 'Sao Jose', 6),
(1645, 'Sao Jose das Lontras', 6),
(1646, 'Sao Jose de Solonopole', 6),
(1647, 'Sao Jose do Torto', 6),
(1648, 'Sao Luis do Curu', 6),
(1649, 'Sao Miguel', 6),
(1650, 'Sao Paulo', 6),
(1651, 'Sao Pedro', 6),
(1652, 'Sao Romao', 6),
(1653, 'Sao Sebastiao', 6),
(1654, 'Sao Vicente', 6),
(1655, 'Sapo', 6),
(1656, 'Sapupara', 6),
(1657, 'Sebastiao de Abreu', 6),
(1658, 'Senador Carlos Jereissati', 6),
(1659, 'Senador Pompeu', 6),
(1660, 'Senador Sa', 6),
(1661, 'Sereno de Cima', 6),
(1662, 'Serra do Felix', 6),
(1663, 'Serragem', 6),
(1664, 'Serrota', 6),
(1665, 'Serrote', 6),
(1666, 'Sitia', 6),
(1667, 'Sitios Novos', 6),
(1668, 'Siupe', 6),
(1669, 'Sobral', 6),
(1670, 'Soledade', 6),
(1671, 'Solonopole', 6),
(1672, 'Suassurana', 6),
(1673, 'Sucatinga', 6),
(1674, 'Sucesso', 6),
(1675, 'Sussuanha', 6),
(1676, 'Tabainha', 6),
(1677, 'Taboleiro', 6),
(1678, 'Tabuleiro do Norte', 6),
(1679, 'Taiba', 6),
(1680, 'Tamboril', 6),
(1681, 'Tanques', 6),
(1682, 'Tapera', 6),
(1683, 'Taperuaba', 6),
(1684, 'Tapuiara', 6),
(1685, 'Targinos', 6),
(1686, 'Tarrafas', 6),
(1687, 'Taua', 6),
(1688, 'Tejucuoca', 6),
(1689, 'Tiangua', 6),
(1690, 'Timonha', 6),
(1691, 'Tipi', 6),
(1692, 'Tome', 6),
(1693, 'Trairi', 6),
(1694, 'Trapia', 6),
(1695, 'Trici', 6),
(1696, 'Troia', 6),
(1697, 'Trussu', 6),
(1698, 'Tucunduba', 6),
(1699, 'Tucuns', 6),
(1700, 'Tuina', 6),
(1701, 'Tururu', 6),
(1702, 'Ubajara', 6),
(1703, 'Ubauna', 6),
(1704, 'Ubiracu', 6),
(1705, 'Uiraponga', 6),
(1706, 'Umari', 6),
(1707, 'Umarituba', 6),
(1708, 'Umburanas', 6),
(1709, 'Umirim', 6),
(1710, 'Uruburetama', 6),
(1711, 'Uruoca', 6),
(1712, 'Uruque', 6),
(1713, 'Varjota', 6),
(1714, 'Varzea', 6),
(1715, 'Varzea Alegre', 6),
(1716, 'Varzea da Volta', 6),
(1717, 'Varzea do Gilo', 6),
(1718, 'Vazantes', 6),
(1719, 'Ventura', 6),
(1720, 'Vertentes do Lagedo', 6),
(1721, 'Vicosa', 6),
(1722, 'Vicosa do Ceara', 6),
(1723, 'Vila Soares', 6),
(1724, 'Brasilia', 7),
(1725, 'Brazlandia', 7),
(1726, 'Candangolandia', 7),
(1727, 'Ceilandia', 7),
(1728, 'Cruzeiro', 7),
(1729, 'Gama', 7),
(1730, 'Guara', 7),
(1731, 'Lago Norte', 7),
(1732, 'Lago Sul', 7),
(1733, 'Nucleo Bandeirante', 7),
(1734, 'Paranoa', 7),
(1735, 'Planaltina', 7),
(1736, 'Recanto das Emas', 7),
(1737, 'Riacho Fundo', 7),
(1738, 'Samambaia', 7),
(1739, 'Santa Maria', 7),
(1740, 'Sao Sebastiao', 7),
(1741, 'Sobradinho', 7),
(1742, 'Taguatinga', 7),
(1743, 'Acioli', 8),
(1744, 'Afonso Claudio', 8),
(1745, 'Agha', 8),
(1746, 'Agua Doce do Norte', 8),
(1747, 'Aguia Branca', 8),
(1748, 'Airituba', 8),
(1749, 'Alegre', 8),
(1750, 'Alfredo Chaves', 8),
(1751, 'Alto Calcado', 8),
(1752, 'Alto Caldeirao', 8),
(1753, 'Alto Mutum Preto', 8),
(1754, 'Alto Rio Novo', 8),
(1755, 'Alto Santa Maria', 8),
(1756, 'Anchieta', 8),
(1757, 'Angelo Frechiani', 8),
(1758, 'Anutiba', 8),
(1759, 'Apiaca', 8),
(1760, 'Aracatiba', 8),
(1761, 'Arace', 8),
(1762, 'Aracruz', 8),
(1763, 'Aracui', 8),
(1764, 'Araguaia', 8),
(1765, 'Ararai', 8),
(1766, 'Argolas', 8),
(1767, 'Atilio Vivacqua', 8),
(1768, 'Baia Nova', 8),
(1769, 'Baixo Guandu', 8),
(1770, 'Barra de Novo Brasil', 8),
(1771, 'Barra de Sao Francisco', 8),
(1772, 'Barra do Itapemirim', 8),
(1773, 'Barra Nova', 8),
(1774, 'Barra Seca', 8),
(1775, 'Baunilha', 8),
(1776, 'Bebedouro', 8),
(1777, 'Boa Esperanca', 8),
(1778, 'Boapaba', 8),
(1779, 'Bom Jesus do Norte', 8),
(1780, 'Bonsucesso', 8),
(1781, 'Braco do Rio', 8),
(1782, 'Brejetuba', 8),
(1783, 'Burarama', 8),
(1784, 'Cachoeirinha de Itauna', 8),
(1785, 'Cachoeiro de Itapemirim', 8),
(1786, 'Cafe', 8),
(1787, 'Calogi', 8),
(1788, 'Camara', 8),
(1789, 'Carapina', 8),
(1790, 'Cariacica', 8),
(1791, 'Castelo', 8),
(1792, 'Celina', 8),
(1793, 'Colatina', 8),
(1794, 'Conceicao da Barra', 8),
(1795, 'Conceicao do Castelo', 8),
(1796, 'Conceicao do Muqui', 8),
(1797, 'Conduru', 8),
(1798, 'Coqueiral', 8),
(1799, 'Corrego dos Monos', 8),
(1800, 'Cotaxe', 8),
(1801, 'Cristal do Norte', 8),
(1802, 'Crubixa', 8),
(1803, 'Desengano', 8),
(1804, 'Divino de Sao Lourenco', 8),
(1805, 'Divino Espirito Santo', 8),
(1806, 'Djalma Coutinho', 8),
(1807, 'Domingos Martins', 8),
(1808, 'Dona America', 8),
(1809, 'Dores do Rio Preto', 8),
(1810, 'Duas Barras', 8),
(1811, 'Ecoporanga', 8),
(1812, 'Estrela do Norte', 8),
(1813, 'Fartura', 8),
(1814, 'Fazenda Guandu', 8),
(1815, 'Fundao', 8),
(1816, 'Garrafao', 8),
(1817, 'Gironda', 8),
(1818, 'Goiabeiras', 8),
(1819, 'Governador Lacerda de Aguiar', 8),
(1820, 'Governador Lindenberg', 8),
(1821, 'Graca Aranha', 8),
(1822, 'Gruta', 8),
(1823, 'Guacui', 8),
(1824, 'Guarana', 8),
(1825, 'Guarapari', 8),
(1826, 'Guararema', 8),
(1827, 'Ibatiba', 8),
(1828, 'Ibes', 8),
(1829, 'Ibicaba', 8),
(1830, 'Ibiracu', 8),
(1831, 'Ibitirama', 8),
(1832, 'Ibitirui', 8),
(1833, 'Ibituba', 8),
(1834, 'Iconha', 8),
(1835, 'Imburana', 8),
(1836, 'Iriritiba', 8),
(1837, 'Irundi', 8),
(1838, 'Irupi', 8),
(1839, 'Isabel', 8),
(1840, 'Itabaiana', 8),
(1841, 'Itacu', 8),
(1842, 'Itaguacu', 8),
(1843, 'Itaici', 8),
(1844, 'Itaimbe', 8),
(1845, 'Itaipava', 8),
(1846, 'Itamira', 8),
(1847, 'Itaoca', 8),
(1848, 'Itapecoa', 8),
(1849, 'Itapemirim', 8),
(1850, 'Itaperuna', 8),
(1851, 'Itapina', 8),
(1852, 'Itaquari', 8),
(1853, 'Itarana', 8),
(1854, 'Itaunas', 8),
(1855, 'Itauninhas', 8),
(1856, 'Iuna', 8),
(1857, 'Jabaquara', 8),
(1858, 'Jacaraipe', 8),
(1859, 'Jacigua', 8),
(1860, 'Jacupemba', 8),
(1861, 'Jaguare', 8),
(1862, 'Jeronimo Monteiro', 8),
(1863, 'Joacuba', 8),
(1864, 'Joao Neiva', 8),
(1865, 'Joatuba', 8),
(1866, 'Jose Carlos', 8),
(1867, 'Jucu', 8),
(1868, 'Lajinha', 8),
(1869, 'Laranja da Terra', 8),
(1870, 'Limoeiro', 8),
(1871, 'Linhares', 8),
(1872, 'Mangarai', 8),
(1873, 'Mantenopolis', 8),
(1874, 'Marataizes', 8),
(1875, 'Marechal Floriano', 8),
(1876, 'Marilandia', 8),
(1877, 'Matilde', 8),
(1878, 'Melgaco', 8),
(1879, 'Menino Jesus', 8),
(1880, 'Mimoso do Sul', 8),
(1881, 'Montanha', 8),
(1882, 'Monte Carmelo do Rio Novo', 8),
(1883, 'Monte Pio', 8),
(1884, 'Monte Sinai', 8),
(1885, 'Mucurici', 8),
(1886, 'Mundo Novo', 8),
(1887, 'Muniz Freire', 8),
(1888, 'Muqui', 8),
(1889, 'Nestor Gomes', 8),
(1890, 'Nova Almeida', 8),
(1891, 'Nova Canaa', 8),
(1892, 'Nova Venecia', 8),
(1893, 'Nova Verona', 8),
(1894, 'Novo Brasil', 8),
(1895, 'Novo Horizonte', 8),
(1896, 'Pacotuba', 8),
(1897, 'Paineiras', 8),
(1898, 'Palmeira', 8),
(1899, 'Palmerino', 8),
(1900, 'Pancas', 8),
(1901, 'Paraju', 8),
(1902, 'Paulista', 8),
(1903, 'Pedro Canario', 8),
(1904, 'Pendanga', 8),
(1905, 'Pequia', 8),
(1906, 'Perdicao', 8),
(1907, 'Piacu', 8),
(1908, 'Pinheiros', 8),
(1909, 'Piracema', 8),
(1910, 'Piuma', 8),
(1911, 'Ponte de Itabapoana', 8),
(1912, 'Ponto Belo', 8),
(1913, 'Pontoes', 8),
(1914, 'Poranga', 8),
(1915, 'Porto Barra do Riacho', 8),
(1916, 'Praia Grande', 8),
(1917, 'Presidente Kennedy', 8),
(1918, 'Princesa', 8),
(1919, 'Queimado', 8),
(1920, 'Quilometro Null do Mutum', 8),
(1921, 'Regencia', 8),
(1922, 'Riacho', 8),
(1923, 'Ribeirao do Cristo', 8),
(1924, 'Rio Bananal', 8),
(1925, 'Rio Calcado', 8),
(1926, 'Rio Muqui', 8),
(1927, 'Rio Novo do Sul', 8),
(1928, 'Rio Preto', 8),
(1929, 'Rive', 8),
(1930, 'Sagrada Familia', 8),
(1931, 'Santa Angelica', 8),
(1932, 'Santa Cruz', 8),
(1933, 'Santa Julia', 8),
(1934, 'Santa Leopoldina', 8),
(1935, 'Santa Luzia de Mantenopolis', 8),
(1936, 'Santa Luzia do Azul', 8),
(1937, 'Santa Luzia do Norte', 8),
(1938, 'Santa Maria de Jetiba', 8),
(1939, 'Santa Marta', 8),
(1940, 'Santa Teresa', 8),
(1941, 'Santa Terezinha', 8),
(1942, 'Santissima Trindade', 8),
(1943, 'Santo Agostinho', 8),
(1944, 'Santo Antonio', 8),
(1945, 'Santo Antonio do Canaa', 8),
(1946, 'Santo Antonio do Muqui', 8),
(1947, 'Santo Antonio do Pousalegre', 8),
(1948, 'Santo Antonio do Quinze', 8),
(1949, 'Sao Domingos do Norte', 8),
(1950, 'Sao Francisco do Novo Brasil', 8),
(1951, 'Sao Francisco Xavier do Guandu', 8),
(1952, 'Sao Gabriel da Palha', 8),
(1953, 'Sao Geraldo', 8),
(1954, 'Sao Jacinto', 8),
(1955, 'Sao Joao de Petropolis', 8),
(1956, 'Sao Joao de Vicosa', 8),
(1957, 'Sao Joao do Sobrado', 8),
(1958, 'Sao Jorge da Barra Seca', 8),
(1959, 'Sao Jorge do Oliveira', 8),
(1960, 'Sao Jorge do Tiradentes', 8),
(1961, 'Sao Jose das Torres', 8),
(1962, 'Sao Jose de Mantenopolis', 8),
(1963, 'Sao Jose do Calcado', 8),
(1964, 'Sao Jose do Sobradinho', 8),
(1965, 'Sao Mateus', 8),
(1966, 'Sao Pedro', 8),
(1967, 'Sao Pedro de Itabapoana', 8),
(1968, 'Sao Pedro de Rates', 8),
(1969, 'Sao Rafael', 8),
(1970, 'Sao Roque do Cannaa', 8),
(1971, 'Sao Tiago', 8),
(1972, 'Sao Torquato', 8),
(1973, 'Sapucaia', 8),
(1974, 'Serra', 8),
(1975, 'Serra Pelada', 8),
(1976, 'Sobreiro', 8),
(1977, 'Sooretama', 8),
(1978, 'Timbui', 8),
(1979, 'Todos Os Santos', 8),
(1980, 'Urania', 8),
(1981, 'Vargem Alta', 8),
(1982, 'Vargem Grande do Soturno', 8),
(1983, 'Venda Nova do Imigrante', 8),
(1984, 'Viana', 8),
(1985, 'Vieira Machado', 8),
(1986, 'Vila Nelita', 8),
(1987, 'Vila Nova de Bananal', 8),
(1988, 'Vila Pavao', 8),
(1989, 'Vila Valerio', 8),
(1990, 'Vila Velha', 8),
(1991, 'Vila Verde', 8),
(1992, 'Vinhatico', 8),
(1993, 'Vinte E Cinco de Julho', 8),
(1994, 'Vitoria', 8),
(1995, 'Abadia de Goias', 9),
(1996, 'Abadiania', 9),
(1997, 'Acreuna', 9),
(1998, 'Adelandia', 9),
(1999, 'Agua Fria de Goias', 9),
(2000, 'Agua Limpa', 9),
(2001, 'Aguas Lindas de Goias', 9),
(2002, 'Alexania', 9),
(2003, 'Aloandia', 9),
(2004, 'Alto Alvorada', 9),
(2005, 'Alto Horizonte', 9),
(2006, 'Alto Paraiso de Goias', 9),
(2007, 'Alvorada do Norte', 9),
(2008, 'Amaralina', 9),
(2009, 'Americano do Brasil', 9),
(2010, 'Amorinopolis', 9),
(2011, 'Anapolis', 9),
(2012, 'Anhanguera', 9),
(2013, 'Anicuns', 9),
(2014, 'Aparecida', 9),
(2015, 'Aparecida de Goiania', 9),
(2016, 'Aparecida de Goias', 9),
(2017, 'Aparecida do Rio Claro', 9),
(2018, 'Aparecida do Rio Doce', 9),
(2019, 'Apore', 9),
(2020, 'Aracu', 9),
(2021, 'Aragarcas', 9),
(2022, 'Aragoiania', 9),
(2023, 'Araguapaz', 9),
(2024, 'Arenopolis', 9),
(2025, 'Aruana', 9),
(2026, 'Aurilandia', 9),
(2027, 'Auriverde', 9),
(2028, 'Avelinopolis', 9),
(2029, 'Bacilandia', 9),
(2030, 'Baliza', 9),
(2031, 'Bandeirantes', 9),
(2032, 'Barbosilandia', 9),
(2033, 'Barro Alto', 9),
(2034, 'Bela Vista de Goias', 9),
(2035, 'Bom Jardim de Goias', 9),
(2036, 'Bom Jesus de Goias', 9),
(2037, 'Bonfinopolis', 9),
(2038, 'Bonopolis', 9),
(2039, 'Brazabrantes', 9),
(2040, 'Britania', 9),
(2041, 'Buenolandia', 9),
(2042, 'Buriti Alegre', 9),
(2043, 'Buriti de Goias', 9),
(2044, 'Buritinopolis', 9),
(2045, 'Cabeceiras', 9),
(2046, 'Cachoeira Alta', 9),
(2047, 'Cachoeira de Goias', 9),
(2048, 'Cachoeira Dourada', 9),
(2049, 'Cacu', 9),
(2050, 'Caiaponia', 9),
(2051, 'Caicara', 9),
(2052, 'Calcilandia', 9),
(2053, 'Caldas Novas', 9),
(2054, 'Caldazinha', 9),
(2055, 'Calixto', 9),
(2056, 'Campestre de Goias', 9),
(2057, 'Campinacu', 9),
(2058, 'Campinorte', 9),
(2059, 'Campo Alegre de Goias', 9),
(2060, 'Campo Limpo', 9),
(2061, 'Campolandia', 9),
(2062, 'Campos Belos', 9),
(2063, 'Campos Verdes', 9),
(2064, 'Cana Brava', 9),
(2065, 'Canada', 9),
(2066, 'Capelinha', 9),
(2067, 'Caraiba', 9),
(2068, 'Carmo do Rio Verde', 9),
(2069, 'Castelandia', 9),
(2070, 'Castrinopolis', 9),
(2071, 'Catalao', 9),
(2072, 'Caturai', 9),
(2073, 'Cavalcante', 9),
(2074, 'Cavalheiro', 9),
(2075, 'Cebrasa', 9),
(2076, 'Ceres', 9),
(2077, 'Cezarina', 9),
(2078, 'Chapadao do Ceu', 9),
(2079, 'Choupana', 9),
(2080, 'Cibele', 9),
(2081, 'Cidade Ocidental', 9),
(2082, 'Cirilandia', 9),
(2083, 'Cocalzinho de Goias', 9),
(2084, 'Colinas do Sul', 9),
(2085, 'Corrego do Ouro', 9),
(2086, 'Corrego Rico', 9),
(2087, 'Corumba de Goias', 9),
(2088, 'Corumbaiba', 9),
(2089, 'Cristalina', 9),
(2090, 'Cristianopolis', 9),
(2091, 'Crixas', 9),
(2092, 'Crominia', 9),
(2093, 'Cruzeiro do Norte', 9),
(2094, 'Cumari', 9),
(2095, 'Damianopolis', 9),
(2096, 'Damolandia', 9),
(2097, 'Davidopolis', 9),
(2098, 'Davinopolis', 9),
(2099, 'Diolandia', 9),
(2100, 'Diorama', 9),
(2101, 'Divinopolis de Goias', 9),
(2102, 'Domiciano Ribeiro', 9),
(2103, 'Doverlandia', 9),
(2104, 'Edealina', 9),
(2105, 'Edeia', 9),
(2106, 'Estrela do Norte', 9),
(2107, 'Faina', 9),
(2108, 'Fazenda Nova', 9),
(2109, 'Firminopolis', 9),
(2110, 'Flores de Goias', 9),
(2111, 'Formosa', 9),
(2112, 'Formoso', 9),
(2113, 'Forte', 9),
(2114, 'Gameleira de Goias', 9),
(2115, 'Geriacu', 9),
(2116, 'Goialandia', 9),
(2117, 'Goianapolis', 9),
(2118, 'Goiandira', 9),
(2119, 'Goianesia', 9),
(2120, 'Goiania', 9),
(2121, 'Goianira', 9),
(2122, 'Goias', 9),
(2123, 'Goiatuba', 9),
(2124, 'Gouvelandia', 9),
(2125, 'Guapo', 9),
(2126, 'Guaraita', 9),
(2127, 'Guarani de Goias', 9),
(2128, 'Guarinos', 9),
(2129, 'Heitorai', 9),
(2130, 'Hidrolandia', 9),
(2131, 'Hidrolina', 9),
(2132, 'Iaciara', 9),
(2133, 'Inaciolandia', 9),
(2134, 'Indiara', 9),
(2135, 'Inhumas', 9),
(2136, 'Interlandia', 9),
(2137, 'Ipameri', 9),
(2138, 'Ipora', 9),
(2139, 'Israelandia', 9),
(2140, 'Itaberai', 9),
(2141, 'Itaguacu', 9),
(2142, 'Itaguari', 9),
(2143, 'Itaguaru', 9),
(2144, 'Itaja', 9),
(2145, 'Itapaci', 9),
(2146, 'Itapirapua', 9),
(2147, 'Itapuranga', 9),
(2148, 'Itaruma', 9),
(2149, 'Itaucu', 9),
(2150, 'Itumbiara', 9),
(2151, 'Ivolandia', 9),
(2152, 'Jacilandia', 9),
(2153, 'Jandaia', 9),
(2154, 'Jaragua', 9),
(2155, 'Jatai', 9),
(2156, 'Jaupaci', 9),
(2157, 'Jeroaquara', 9),
(2158, 'Jesupolis', 9),
(2159, 'Joanapolis', 9),
(2160, 'Joviania', 9),
(2161, 'Juscelandia', 9),
(2162, 'Juscelino Kubitschek', 9),
(2163, 'Jussara', 9),
(2164, 'Lagoa do Bauzinho', 9),
(2165, 'Lagolandia', 9),
(2166, 'Leopoldo de Bulhoes', 9),
(2167, 'Lucilandia', 9),
(2168, 'Luziania', 9),
(2169, 'Mairipotaba', 9),
(2170, 'Mambai', 9),
(2171, 'Mara Rosa', 9),
(2172, 'Marcianopolis', 9),
(2173, 'Marzagao', 9),
(2174, 'Matrincha', 9),
(2175, 'Maurilandia', 9),
(2176, 'Meia Ponte', 9),
(2177, 'Messianopolis', 9),
(2178, 'Mimoso de Goias', 9),
(2179, 'Minacu', 9),
(2180, 'Mineiros', 9),
(2181, 'Moipora', 9),
(2182, 'Monte Alegre de Goias', 9),
(2183, 'Montes Claros de Goias', 9),
(2184, 'Montividiu', 9),
(2185, 'Montividiu do Norte', 9),
(2186, 'Morrinhos', 9),
(2187, 'Morro Agudo de Goias', 9);
INSERT INTO `bsc_cidade` (`id`, `nome`, `estado_id`) VALUES
(2188, 'Mossamedes', 9),
(2189, 'Mozarlandia', 9),
(2190, 'Mundo Novo', 9),
(2191, 'Mutunopolis', 9),
(2192, 'Natinopolis', 9),
(2193, 'Nazario', 9),
(2194, 'Neropolis', 9),
(2195, 'Niquelandia', 9),
(2196, 'Nova America', 9),
(2197, 'Nova Aurora', 9),
(2198, 'Nova Crixas', 9),
(2199, 'Nova Gloria', 9),
(2200, 'Nova Iguacu de Goias', 9),
(2201, 'Nova Roma', 9),
(2202, 'Nova Veneza', 9),
(2203, 'Novo Brasil', 9),
(2204, 'Novo Gama', 9),
(2205, 'Novo Planalto', 9),
(2206, 'Olaria do Angico', 9),
(2207, 'Olhos D\'agua', 9),
(2208, 'Orizona', 9),
(2209, 'Ouro Verde de Goias', 9),
(2210, 'Ouroana', 9),
(2211, 'Ouvidor', 9),
(2212, 'Padre Bernardo', 9),
(2213, 'Palestina de Goias', 9),
(2214, 'Palmeiras de Goias', 9),
(2215, 'Palmelo', 9),
(2216, 'Palminopolis', 9),
(2217, 'Panama', 9),
(2218, 'Paranaiguara', 9),
(2219, 'Parauna', 9),
(2220, 'Pau-terra', 9),
(2221, 'Pedra Branca', 9),
(2222, 'Perolandia', 9),
(2223, 'Petrolina de Goias', 9),
(2224, 'Pilar de Goias', 9),
(2225, 'Piloandia', 9),
(2226, 'Piracanjuba', 9),
(2227, 'Piranhas', 9),
(2228, 'Pirenopolis', 9),
(2229, 'Pires Belo', 9),
(2230, 'Pires do Rio', 9),
(2231, 'Planaltina', 9),
(2232, 'Pontalina', 9),
(2233, 'Porangatu', 9),
(2234, 'Porteirao', 9),
(2235, 'Portelandia', 9),
(2236, 'Posse', 9),
(2237, 'Posse D\'abadia', 9),
(2238, 'Professor Jamil', 9),
(2239, 'Quirinopolis', 9),
(2240, 'Registro do Araguaia', 9),
(2241, 'Rialma', 9),
(2242, 'Rianapolis', 9),
(2243, 'Rio Quente', 9),
(2244, 'Rio Verde', 9),
(2245, 'Riverlandia', 9),
(2246, 'Rodrigues Nascimento', 9),
(2247, 'Rosalandia', 9),
(2248, 'Rubiataba', 9),
(2249, 'Sanclerlandia', 9),
(2250, 'Santa Barbara de Goias', 9),
(2251, 'Santa Cruz das Lajes', 9),
(2252, 'Santa Cruz de Goias', 9),
(2253, 'Santa Fe de Goias', 9),
(2254, 'Santa Helena de Goias', 9),
(2255, 'Santa Isabel', 9),
(2256, 'Santa Rita do Araguaia', 9),
(2257, 'Santa Rita do Novo Destino', 9),
(2258, 'Santa Rosa', 9),
(2259, 'Santa Rosa de Goias', 9),
(2260, 'Santa Tereza de Goias', 9),
(2261, 'Santa Terezinha de Goias', 9),
(2262, 'Santo Antonio da Barra', 9),
(2263, 'Santo Antonio de Goias', 9),
(2264, 'Santo Antonio do Descoberto', 9),
(2265, 'Santo Antonio do Rio Verde', 9),
(2266, 'Sao Domingos', 9),
(2267, 'Sao Francisco de Goias', 9),
(2268, 'Sao Gabriel de Goias', 9),
(2269, 'Sao Joao', 9),
(2270, 'Sao Joao D\'alianca', 9),
(2271, 'Sao Joao da Parauna', 9),
(2272, 'Sao Luis de Montes Belos', 9),
(2273, 'Sao Luiz do Norte', 9),
(2274, 'Sao Luiz do Tocantins', 9),
(2275, 'Sao Miguel do Araguaia', 9),
(2276, 'Sao Miguel do Passa Quatro', 9),
(2277, 'Sao Patricio', 9),
(2278, 'Sao Sebastiao do Rio Claro', 9),
(2279, 'Sao Simao', 9),
(2280, 'Sao Vicente', 9),
(2281, 'Sarandi', 9),
(2282, 'Senador Canedo', 9),
(2283, 'Serra Dourada', 9),
(2284, 'Serranopolis', 9),
(2285, 'Silvania', 9),
(2286, 'Simolandia', 9),
(2287, 'Sitio D\'abadia', 9),
(2288, 'Sousania', 9),
(2289, 'Taquaral de Goias', 9),
(2290, 'Taveira', 9),
(2291, 'Teresina de Goias', 9),
(2292, 'Terezopolis de Goias', 9),
(2293, 'Termas do Itaja', 9),
(2294, 'Tres Ranchos', 9),
(2295, 'Trindade', 9),
(2296, 'Trombas', 9),
(2297, 'Tupiracaba', 9),
(2298, 'Turvania', 9),
(2299, 'Turvelandia', 9),
(2300, 'Uirapuru', 9),
(2301, 'Uruacu', 9),
(2302, 'Uruana', 9),
(2303, 'Uruita', 9),
(2304, 'Urutai', 9),
(2305, 'Uva', 9),
(2306, 'Valdelandia', 9),
(2307, 'Valparaiso de Goias', 9),
(2308, 'Varjao', 9),
(2309, 'Vianopolis', 9),
(2310, 'Vicentinopolis', 9),
(2311, 'Vila Boa', 9),
(2312, 'Vila Brasilia', 9),
(2313, 'Vila Propicio', 9),
(2314, 'Vila Sertaneja', 9),
(2315, 'Acailandia', 10),
(2316, 'Afonso Cunha', 10),
(2317, 'Agua Doce do Maranhao', 10),
(2318, 'Alcantara', 10),
(2319, 'Aldeias Altas', 10),
(2320, 'Altamira do Maranhao', 10),
(2321, 'Alto Alegre do Maranhao', 10),
(2322, 'Alto Alegre do Pindare', 10),
(2323, 'Alto Parnaiba', 10),
(2324, 'Amapa do Maranhao', 10),
(2325, 'Amarante do Maranhao', 10),
(2326, 'Anajatuba', 10),
(2327, 'Anapurus', 10),
(2328, 'Anil', 10),
(2329, 'Apicum-acu', 10),
(2330, 'Araguana', 10),
(2331, 'Araioses', 10),
(2332, 'Arame', 10),
(2333, 'Arari', 10),
(2334, 'Aurizona', 10),
(2335, 'Axixa', 10),
(2336, 'Bacabal', 10),
(2337, 'Bacabeira', 10),
(2338, 'Bacatuba', 10),
(2339, 'Bacuri', 10),
(2340, 'Bacurituba', 10),
(2341, 'Balsas', 10),
(2342, 'Barao de Grajau', 10),
(2343, 'Barao de Tromai', 10),
(2344, 'Barra do Corda', 10),
(2345, 'Barreirinhas', 10),
(2346, 'Barro Duro', 10),
(2347, 'Bela Vista do Maranhao', 10),
(2348, 'Belagua', 10),
(2349, 'Benedito Leite', 10),
(2350, 'Bequimao', 10),
(2351, 'Bernardo do Mearim', 10),
(2352, 'Boa Vista do Gurupi', 10),
(2353, 'Boa Vista do Pindare', 10),
(2354, 'Bom Jardim', 10),
(2355, 'Bom Jesus das Selvas', 10),
(2356, 'Bom Lugar', 10),
(2357, 'Bonfim do Arari', 10),
(2358, 'Brejo', 10),
(2359, 'Brejo de Areia', 10),
(2360, 'Brejo de Sao Felix', 10),
(2361, 'Buriti', 10),
(2362, 'Buriti Bravo', 10),
(2363, 'Buriti Cortado', 10),
(2364, 'Buriticupu', 10),
(2365, 'Buritirama', 10),
(2366, 'Cachoeira Grande', 10),
(2367, 'Cajapio', 10),
(2368, 'Cajari', 10),
(2369, 'Campestre do Maranhao', 10),
(2370, 'Candido Mendes', 10),
(2371, 'Cantanhede', 10),
(2372, 'Capinzal do Norte', 10),
(2373, 'Caraiba do Norte', 10),
(2374, 'Carolina', 10),
(2375, 'Carutapera', 10),
(2376, 'Caxias', 10),
(2377, 'Cedral', 10),
(2378, 'Central do Maranhao', 10),
(2379, 'Centro do Guilherme', 10),
(2380, 'Centro Novo do Maranhao', 10),
(2381, 'Chapadinha', 10),
(2382, 'Cidelandia', 10),
(2383, 'Codo', 10),
(2384, 'Codozinho', 10),
(2385, 'Coelho Neto', 10),
(2386, 'Colinas', 10),
(2387, 'Conceicao do Lago-acu', 10),
(2388, 'Coroata', 10),
(2389, 'Curupa', 10),
(2390, 'Cururupu', 10),
(2391, 'Curva Grande', 10),
(2392, 'Custodio Lima', 10),
(2393, 'Davinopolis', 10),
(2394, 'Dom Pedro', 10),
(2395, 'Duque Bacelar', 10),
(2396, 'Esperantinopolis', 10),
(2397, 'Estandarte', 10),
(2398, 'Estreito', 10),
(2399, 'Feira Nova do Maranhao', 10),
(2400, 'Fernando Falcao', 10),
(2401, 'Formosa da Serra Negra', 10),
(2402, 'Fortaleza dos Nogueiras', 10),
(2403, 'Fortuna', 10),
(2404, 'Frecheiras', 10),
(2405, 'Godofredo Viana', 10),
(2406, 'Goncalves Dias', 10),
(2407, 'Governador Archer', 10),
(2408, 'Governador Edison Lobao', 10),
(2409, 'Governador Eugenio Barros', 10),
(2410, 'Governador Luiz Rocha', 10),
(2411, 'Governador Newton Bello', 10),
(2412, 'Governador Nunes Freire', 10),
(2413, 'Graca Aranha', 10),
(2414, 'Grajau', 10),
(2415, 'Guimaraes', 10),
(2416, 'Humberto de Campos', 10),
(2417, 'Ibipira', 10),
(2418, 'Icatu', 10),
(2419, 'Igarape do Meio', 10),
(2420, 'Igarape Grande', 10),
(2421, 'Imperatriz', 10),
(2422, 'Itaipava do Grajau', 10),
(2423, 'Itamatare', 10),
(2424, 'Itapecuru Mirim', 10),
(2425, 'Itapera', 10),
(2426, 'Itinga do Maranhao', 10),
(2427, 'Jatoba', 10),
(2428, 'Jenipapo dos Vieiras', 10),
(2429, 'Joao Lisboa', 10),
(2430, 'Joselandia', 10),
(2431, 'Junco do Maranhao', 10),
(2432, 'Lago da Pedra', 10),
(2433, 'Lago do Junco', 10),
(2434, 'Lago dos Rodrigues', 10),
(2435, 'Lago Verde', 10),
(2436, 'Lagoa do Mato', 10),
(2437, 'Lagoa Grande do Maranhao', 10),
(2438, 'Lajeado Novo', 10),
(2439, 'Lapela', 10),
(2440, 'Leandro', 10),
(2441, 'Lima Campos', 10),
(2442, 'Loreto', 10),
(2443, 'Luis Domingues', 10),
(2444, 'Magalhaes de Almeida', 10),
(2445, 'Maioba', 10),
(2446, 'Maracacume', 10),
(2447, 'Maraja do Sena', 10),
(2448, 'Maranhaozinho', 10),
(2449, 'Marianopolis', 10),
(2450, 'Mata', 10),
(2451, 'Mata Roma', 10),
(2452, 'Matinha', 10),
(2453, 'Matoes', 10),
(2454, 'Matoes do Norte', 10),
(2455, 'Milagres do Maranhao', 10),
(2456, 'Mirador', 10),
(2457, 'Miranda do Norte', 10),
(2458, 'Mirinzal', 10),
(2459, 'Moncao', 10),
(2460, 'Montes Altos', 10),
(2461, 'Morros', 10),
(2462, 'Nina Rodrigues', 10),
(2463, 'Nova Colinas', 10),
(2464, 'Nova Iorque', 10),
(2465, 'Nova Olinda do Maranhao', 10),
(2466, 'Olho D\'agua Das Cunhas', 10),
(2467, 'Olinda Nova do Maranhao', 10),
(2468, 'Paco do Lumiar', 10),
(2469, 'Palmeirandia', 10),
(2470, 'Papagaio', 10),
(2471, 'Paraibano', 10),
(2472, 'Parnarama', 10),
(2473, 'Passagem Franca', 10),
(2474, 'Pastos Bons', 10),
(2475, 'Paulino Neves', 10),
(2476, 'Paulo Ramos', 10),
(2477, 'Pedreiras', 10),
(2478, 'Pedro do Rosario', 10),
(2479, 'Penalva', 10),
(2480, 'Peri Mirim', 10),
(2481, 'Peritoro', 10),
(2482, 'Pimentel', 10),
(2483, 'Pindare Mirim', 10),
(2484, 'Pinheiro', 10),
(2485, 'Pio Xii', 10),
(2486, 'Pirapemas', 10),
(2487, 'Pocao de Pedras', 10),
(2488, 'Porto das Gabarras', 10),
(2489, 'Porto Franco', 10),
(2490, 'Porto Rico do Maranhao', 10),
(2491, 'Presidente Dutra', 10),
(2492, 'Presidente Juscelino', 10),
(2493, 'Presidente Medici', 10),
(2494, 'Presidente Sarney', 10),
(2495, 'Presidente Vargas', 10),
(2496, 'Primeira Cruz', 10),
(2497, 'Raposa', 10),
(2498, 'Resplandes', 10),
(2499, 'Riachao', 10),
(2500, 'Ribamar Fiquene', 10),
(2501, 'Ribeirao Azul', 10),
(2502, 'Rocado', 10),
(2503, 'Roque', 10),
(2504, 'Rosario', 10),
(2505, 'Sambaiba', 10),
(2506, 'Santa Filomena do Maranhao', 10),
(2507, 'Santa Helena', 10),
(2508, 'Santa Ines', 10),
(2509, 'Santa Luzia', 10),
(2510, 'Santa Luzia do Parua', 10),
(2511, 'Santa Quiteria do Maranhao', 10),
(2512, 'Santa Rita', 10),
(2513, 'Santana do Maranhao', 10),
(2514, 'Santo Amaro', 10),
(2515, 'Santo Antonio dos Lopes', 10),
(2516, 'Sao Benedito do Rio Preto', 10),
(2517, 'Sao Bento', 10),
(2518, 'Sao Bernardo', 10),
(2519, 'Sao Domingos do Azeitao', 10),
(2520, 'Sao Domingos do Maranhao', 10),
(2521, 'Sao Felix de Balsas', 10),
(2522, 'Sao Francisco do Brejao', 10),
(2523, 'Sao Francisco do Maranhao', 10),
(2524, 'Sao Joao Batista', 10),
(2525, 'Sao Joao de Cortes', 10),
(2526, 'Sao Joao do Caru', 10),
(2527, 'Sao Joao do Paraiso', 10),
(2528, 'Sao Joao do Soter', 10),
(2529, 'Sao Joao dos Patos', 10),
(2530, 'Sao Joaquim dos Melos', 10),
(2531, 'Sao Jose de Ribamar', 10),
(2532, 'Sao Jose dos Basilios', 10),
(2533, 'Sao Luis', 10),
(2534, 'Sao Luis Gonzaga do Maranhao', 10),
(2535, 'Sao Mateus do Maranhao', 10),
(2536, 'Sao Pedro da Agua Branca', 10),
(2537, 'Sao Pedro dos Crentes', 10),
(2538, 'Sao Raimundo das Mangabeiras', 10),
(2539, 'Sao Raimundo de Codo', 10),
(2540, 'Sao Raimundo do Doca Bezerra', 10),
(2541, 'Sao Roberto', 10),
(2542, 'Sao Vicente Ferrer', 10),
(2543, 'Satubinha', 10),
(2544, 'Senador Alexandre Costa', 10),
(2545, 'Senador La Rocque', 10),
(2546, 'Serrano do Maranhao', 10),
(2547, 'Sitio Novo', 10),
(2548, 'Sucupira do Norte', 10),
(2549, 'Sucupira do Riachao', 10),
(2550, 'Tasso Fragoso', 10),
(2551, 'Timbiras', 10),
(2552, 'Timon', 10),
(2553, 'Trizidela do Vale', 10),
(2554, 'Tufilandia', 10),
(2555, 'Tuntum', 10),
(2556, 'Turiacu', 10),
(2557, 'Turilandia', 10),
(2558, 'Tutoia', 10),
(2559, 'Urbano Santos', 10),
(2560, 'Vargem Grande', 10),
(2561, 'Viana', 10),
(2562, 'Vila Nova dos Martirios', 10),
(2563, 'Vitoria do Mearim', 10),
(2564, 'Vitorino Freire', 10),
(2565, 'Ze Doca', 10),
(2566, 'Abadia dos Dourados', 11),
(2567, 'Abaete', 11),
(2568, 'Abaete dos Mendes', 11),
(2569, 'Abaiba', 11),
(2570, 'Abre Campo', 11),
(2571, 'Abreus', 11),
(2572, 'Acaiaca', 11),
(2573, 'Acucena', 11),
(2574, 'Acurui', 11),
(2575, 'Adao Colares', 11),
(2576, 'Agua Boa', 11),
(2577, 'Agua Branca de Minas', 11),
(2578, 'Agua Comprida', 11),
(2579, 'Agua Viva', 11),
(2580, 'Aguanil', 11),
(2581, 'Aguas de Araxa', 11),
(2582, 'Aguas de Contendas', 11),
(2583, 'Aguas Ferreas', 11),
(2584, 'Aguas Formosas', 11),
(2585, 'Aguas Vermelhas', 11),
(2586, 'Aimores', 11),
(2587, 'Aiuruoca', 11),
(2588, 'Alagoa', 11),
(2589, 'Albertina', 11),
(2590, 'Alberto Isaacson', 11),
(2591, 'Albertos', 11),
(2592, 'Aldeia', 11),
(2593, 'Alegre', 11),
(2594, 'Alegria', 11),
(2595, 'Alem Paraiba', 11),
(2596, 'Alexandrita', 11),
(2597, 'Alfenas', 11),
(2598, 'Alfredo Vasconcelos', 11),
(2599, 'Almeida', 11),
(2600, 'Almenara', 11),
(2601, 'Alpercata', 11),
(2602, 'Alpinopolis', 11),
(2603, 'Alterosa', 11),
(2604, 'Alto Caparao', 11),
(2605, 'Alto Capim', 11),
(2606, 'Alto de Santa Helena', 11),
(2607, 'Alto Jequitiba', 11),
(2608, 'Alto Maranhao', 11),
(2609, 'Alto Rio Doce', 11),
(2610, 'Altolandia', 11),
(2611, 'Alvacao', 11),
(2612, 'Alvarenga', 11),
(2613, 'Alvinopolis', 11),
(2614, 'Alvorada', 11),
(2615, 'Alvorada de Minas', 11),
(2616, 'Amanda', 11),
(2617, 'Amanhece', 11),
(2618, 'Amarantina', 11),
(2619, 'Amparo da Serra', 11),
(2620, 'Andiroba', 11),
(2621, 'Andradas', 11),
(2622, 'Andrelandia', 11),
(2623, 'Andrequice', 11),
(2624, 'Angaturama', 11),
(2625, 'Angelandia', 11),
(2626, 'Angicos de Minas', 11),
(2627, 'Anguereta', 11),
(2628, 'Angustura', 11),
(2629, 'Antonio Carlos', 11),
(2630, 'Antonio Dias', 11),
(2631, 'Antonio dos Santos', 11),
(2632, 'Antonio Ferreira', 11),
(2633, 'Antonio Pereira', 11),
(2634, 'Antonio Prado de Minas', 11),
(2635, 'Antunes', 11),
(2636, 'Aparecida de Minas', 11),
(2637, 'Aracai', 11),
(2638, 'Aracati de Minas', 11),
(2639, 'Aracitaba', 11),
(2640, 'Aracuai', 11),
(2641, 'Araguari', 11),
(2642, 'Aramirim', 11),
(2643, 'Aranha', 11),
(2644, 'Arantina', 11),
(2645, 'Araponga', 11),
(2646, 'Arapora', 11),
(2647, 'Arapua', 11),
(2648, 'Araujos', 11),
(2649, 'Arauna', 11),
(2650, 'Araxa', 11),
(2651, 'Arcangelo', 11),
(2652, 'Arceburgo', 11),
(2653, 'Arcos', 11),
(2654, 'Areado', 11),
(2655, 'Argenita', 11),
(2656, 'Argirita', 11),
(2657, 'Aricanduva', 11),
(2658, 'Arinos', 11),
(2659, 'Aristides Batista', 11),
(2660, 'Ascencao', 11),
(2661, 'Assarai', 11),
(2662, 'Astolfo Dutra', 11),
(2663, 'Ataleia', 11),
(2664, 'Augusto de Lima', 11),
(2665, 'Avai do Jacinto', 11),
(2666, 'Azurita', 11),
(2667, 'Babilonia', 11),
(2668, 'Bacao', 11),
(2669, 'Baependi', 11),
(2670, 'Baguari', 11),
(2671, 'Baioes', 11),
(2672, 'Baixa', 11),
(2673, 'Balbinopolis', 11),
(2674, 'Baldim', 11),
(2675, 'Bambui', 11),
(2676, 'Bandeira', 11),
(2677, 'Bandeira do Sul', 11),
(2678, 'Bandeirantes', 11),
(2679, 'Barao de Cocais', 11),
(2680, 'Barao de Monte Alto', 11),
(2681, 'Barbacena', 11),
(2682, 'Barra Alegre', 11),
(2683, 'Barra da Figueira', 11),
(2684, 'Barra do Ariranha', 11),
(2685, 'Barra do Cuiete', 11),
(2686, 'Barra Feliz', 11),
(2687, 'Barra Longa', 11),
(2688, 'Barranco Alto', 11),
(2689, 'Barreiro', 11),
(2690, 'Barreiro Branco', 11),
(2691, 'Barreiro da Raiz', 11),
(2692, 'Barreiro do Rio Verde', 11),
(2693, 'Barretos de Alvinopolis', 11),
(2694, 'Barrocao', 11),
(2695, 'Barroso', 11),
(2696, 'Bau', 11),
(2697, 'Bela Vista de Minas', 11),
(2698, 'Belisario', 11),
(2699, 'Belmiro Braga', 11),
(2700, 'Belo Horizonte', 11),
(2701, 'Belo Oriente', 11),
(2702, 'Belo Vale', 11),
(2703, 'Bentopolis de Minas', 11),
(2704, 'Berilo', 11),
(2705, 'Berizal', 11),
(2706, 'Bertopolis', 11),
(2707, 'Betim', 11),
(2708, 'Bias Fortes', 11),
(2709, 'Bicas', 11),
(2710, 'Bicuiba', 11),
(2711, 'Biquinhas', 11),
(2712, 'Bituri', 11),
(2713, 'Boa Esperanca', 11),
(2714, 'Boa Familia', 11),
(2715, 'Boa Uniao de Itabirinha', 11),
(2716, 'Boa Vista de Minas', 11),
(2717, 'Bocaina de Minas', 11),
(2718, 'Bocaiuva', 11),
(2719, 'Bom Despacho', 11),
(2720, 'Bom Jardim de Minas', 11),
(2721, 'Bom Jesus da Cachoeira', 11),
(2722, 'Bom Jesus da Penha', 11),
(2723, 'Bom Jesus de Cardosos', 11),
(2724, 'Bom Jesus do Amparo', 11),
(2725, 'Bom Jesus do Divino', 11),
(2726, 'Bom Jesus do Galho', 11),
(2727, 'Bom Jesus do Madeira', 11),
(2728, 'Bom Pastor', 11),
(2729, 'Bom Repouso', 11),
(2730, 'Bom Retiro', 11),
(2731, 'Bom Sucesso', 11),
(2732, 'Bom Sucesso de Patos', 11),
(2733, 'Bonanca', 11),
(2734, 'Bonfim', 11),
(2735, 'Bonfinopolis de Minas', 11),
(2736, 'Bonito de Minas', 11),
(2737, 'Borba Gato', 11),
(2738, 'Borda da Mata', 11),
(2739, 'Botelhos', 11),
(2740, 'Botumirim', 11),
(2741, 'Bras Pires', 11),
(2742, 'Brasilandia de Minas', 11),
(2743, 'Brasilia de Minas', 11),
(2744, 'Brasopolis', 11),
(2745, 'Braunas', 11),
(2746, 'Brejauba', 11),
(2747, 'Brejaubinha', 11),
(2748, 'Brejo Bonito', 11),
(2749, 'Brejo do Amparo', 11),
(2750, 'Brumadinho', 11),
(2751, 'Brumal', 11),
(2752, 'Buarque de Macedo', 11),
(2753, 'Bueno', 11),
(2754, 'Bueno Brandao', 11),
(2755, 'Buenopolis', 11),
(2756, 'Bugre', 11),
(2757, 'Buritis', 11),
(2758, 'Buritizeiro', 11),
(2759, 'Caatinga', 11),
(2760, 'Cabeceira Grande', 11),
(2761, 'Cabo Verde', 11),
(2762, 'Caburu', 11),
(2763, 'Cacaratiba', 11),
(2764, 'Cacarema', 11),
(2765, 'Cachoeira Alegre', 11),
(2766, 'Cachoeira da Prata', 11),
(2767, 'Cachoeira de Minas', 11),
(2768, 'Cachoeira de Pajeu', 11),
(2769, 'Cachoeira de Santa Cruz', 11),
(2770, 'Cachoeira do Brumado', 11),
(2771, 'Cachoeira do Campo', 11),
(2772, 'Cachoeira do Manteiga', 11),
(2773, 'Cachoeira do Vale', 11),
(2774, 'Cachoeira dos Antunes', 11),
(2775, 'Cachoeira Dourada', 11),
(2776, 'Cachoeirinha', 11),
(2777, 'Caetano Lopes', 11),
(2778, 'Caetanopolis', 11),
(2779, 'Caete', 11),
(2780, 'Caiana', 11),
(2781, 'Caiapo', 11),
(2782, 'Cajuri', 11),
(2783, 'Caldas', 11),
(2784, 'Calixto', 11),
(2785, 'Camacho', 11),
(2786, 'Camanducaia', 11),
(2787, 'Camargos', 11),
(2788, 'Cambui', 11),
(2789, 'Cambuquira', 11),
(2790, 'Campanario', 11),
(2791, 'Campanha', 11),
(2792, 'Campestre', 11),
(2793, 'Campestrinho', 11),
(2794, 'Campina Verde', 11),
(2795, 'Campo Alegre de Minas', 11),
(2796, 'Campo Azul', 11),
(2797, 'Campo Belo', 11),
(2798, 'Campo do Meio', 11),
(2799, 'Campo Florido', 11),
(2800, 'Campo Redondo', 11),
(2801, 'Campolide', 11),
(2802, 'Campos Altos', 11),
(2803, 'Campos Gerais', 11),
(2804, 'Cana Verde', 11),
(2805, 'Canaa', 11),
(2806, 'Canabrava', 11),
(2807, 'Canapolis', 11),
(2808, 'Canastrao', 11),
(2809, 'Candeias', 11),
(2810, 'Canoeiros', 11),
(2811, 'Cantagalo', 11),
(2812, 'Caparao', 11),
(2813, 'Capela Nova', 11),
(2814, 'Capelinha', 11),
(2815, 'Capetinga', 11),
(2816, 'Capim Branco', 11),
(2817, 'Capinopolis', 11),
(2818, 'Capitania', 11),
(2819, 'Capitao Andrade', 11),
(2820, 'Capitao Eneas', 11),
(2821, 'Capitolio', 11),
(2822, 'Caputira', 11),
(2823, 'Carai', 11),
(2824, 'Caranaiba', 11),
(2825, 'Carandai', 11),
(2826, 'Carangola', 11),
(2827, 'Caratinga', 11),
(2828, 'Carbonita', 11),
(2829, 'Cardeal Mota', 11),
(2830, 'Careacu', 11),
(2831, 'Carioca', 11),
(2832, 'Carlos Alves', 11),
(2833, 'Carlos Chagas', 11),
(2834, 'Carmesia', 11),
(2835, 'Carmo da Cachoeira', 11),
(2836, 'Carmo da Mata', 11),
(2837, 'Carmo de Minas', 11),
(2838, 'Carmo do Cajuru', 11),
(2839, 'Carmo do Paranaiba', 11),
(2840, 'Carmo do Rio Claro', 11),
(2841, 'Carmopolis de Minas', 11),
(2842, 'Carneirinho', 11),
(2843, 'Carrancas', 11),
(2844, 'Carvalho de Brito', 11),
(2845, 'Carvalhopolis', 11),
(2846, 'Carvalhos', 11),
(2847, 'Casa Grande', 11),
(2848, 'Cascalho Rico', 11),
(2849, 'Cassia', 11),
(2850, 'Cataguarino', 11),
(2851, 'Cataguases', 11),
(2852, 'Catajas', 11),
(2853, 'Catas Altas', 11),
(2854, 'Catas Altas da Noruega', 11),
(2855, 'Catiara', 11),
(2856, 'Catuji', 11),
(2857, 'Catune', 11),
(2858, 'Catuni', 11),
(2859, 'Catuti', 11),
(2860, 'Caxambu', 11),
(2861, 'Cedro do Abaete', 11),
(2862, 'Centenario', 11),
(2863, 'Central de Minas', 11),
(2864, 'Central de Santa Helena', 11),
(2865, 'Centralina', 11),
(2866, 'Cervo', 11),
(2867, 'Chacara', 11),
(2868, 'Chale', 11),
(2869, 'Chapada de Minas', 11),
(2870, 'Chapada do Norte', 11),
(2871, 'Chapada Gaucha', 11),
(2872, 'Chaveslandia', 11),
(2873, 'Chiador', 11),
(2874, 'Chonim', 11),
(2875, 'Chumbo', 11),
(2876, 'Cipotanea', 11),
(2877, 'Cisneiros', 11),
(2878, 'Citrolandia', 11),
(2879, 'Claraval', 11),
(2880, 'Claro de Minas', 11),
(2881, 'Claro dos Pocoes', 11),
(2882, 'Claudio', 11),
(2883, 'Claudio Manuel', 11),
(2884, 'Cocais', 11),
(2885, 'Coco', 11),
(2886, 'Coimbra', 11),
(2887, 'Coluna', 11),
(2888, 'Comendador Gomes', 11),
(2889, 'Comercinho', 11),
(2890, 'Conceicao da Aparecida', 11),
(2891, 'Conceicao da Barra de Minas', 11),
(2892, 'Conceicao da Boa Vista', 11),
(2893, 'Conceicao da Brejauba', 11),
(2894, 'Conceicao da Ibitipoca', 11),
(2895, 'Conceicao das Alagoas', 11),
(2896, 'Conceicao das Pedras', 11),
(2897, 'Conceicao de Ipanema', 11),
(2898, 'Conceicao de Itagua', 11),
(2899, 'Conceicao de Minas', 11),
(2900, 'Conceicao de Piracicaba', 11),
(2901, 'Conceicao de Tronqueiras', 11),
(2902, 'Conceicao do Capim', 11),
(2903, 'Conceicao do Formoso', 11),
(2904, 'Conceicao do Mato Dentro', 11),
(2905, 'Conceicao do Para', 11),
(2906, 'Conceicao do Rio Acima', 11),
(2907, 'Conceicao do Rio Verde', 11),
(2908, 'Conceicao dos Ouros', 11),
(2909, 'Concordia de Mucuri', 11),
(2910, 'Condado do Norte', 11),
(2911, 'Conego Joao Pio', 11),
(2912, 'Conego Marinho', 11),
(2913, 'Confins', 11),
(2914, 'Congonhal', 11),
(2915, 'Congonhas', 11),
(2916, 'Congonhas do Norte', 11),
(2917, 'Conquista', 11),
(2918, 'Conselheiro Lafaiete', 11),
(2919, 'Conselheiro Mata', 11),
(2920, 'Conselheiro Pena', 11),
(2921, 'Consolacao', 11),
(2922, 'Contagem', 11),
(2923, 'Contrato', 11),
(2924, 'Contria', 11),
(2925, 'Coqueiral', 11),
(2926, 'Coracao de Jesus', 11),
(2927, 'Cordisburgo', 11),
(2928, 'Cordislandia', 11),
(2929, 'Corinto', 11),
(2930, 'Coroaci', 11),
(2931, 'Coromandel', 11),
(2932, 'Coronel Fabriciano', 11),
(2933, 'Coronel Murta', 11),
(2934, 'Coronel Pacheco', 11),
(2935, 'Coronel Xavier Chaves', 11),
(2936, 'Corrego Danta', 11),
(2937, 'Corrego do Barro', 11),
(2938, 'Corrego do Bom Jesus', 11),
(2939, 'Corrego do Ouro', 11),
(2940, 'Corrego Fundo', 11),
(2941, 'Corrego Novo', 11),
(2942, 'Corregos', 11),
(2943, 'Correia de Almeida', 11),
(2944, 'Correntinho', 11),
(2945, 'Costa Sena', 11),
(2946, 'Costas', 11),
(2947, 'Costas da Mantiqueira', 11),
(2948, 'Couto de Magalhaes de Minas', 11),
(2949, 'Crisolia', 11),
(2950, 'Crisolita', 11),
(2951, 'Crispim Jaques', 11),
(2952, 'Cristais', 11),
(2953, 'Cristalia', 11),
(2954, 'Cristiano Otoni', 11),
(2955, 'Cristina', 11),
(2956, 'Crucilandia', 11),
(2957, 'Cruzeiro da Fortaleza', 11),
(2958, 'Cruzeiro dos Peixotos', 11),
(2959, 'Cruzilia', 11),
(2960, 'Cubas', 11),
(2961, 'Cuite Velho', 11),
(2962, 'Cuparaque', 11),
(2963, 'Curimatai', 11),
(2964, 'Curral de Dentro', 11),
(2965, 'Curvelo', 11),
(2966, 'Datas', 11),
(2967, 'Delfim Moreira', 11),
(2968, 'Delfinopolis', 11),
(2969, 'Delta', 11),
(2970, 'Deputado Augusto Clementino', 11),
(2971, 'Derribadinha', 11),
(2972, 'Descoberto', 11),
(2973, 'Desembargador Otoni', 11),
(2974, 'Desemboque', 11),
(2975, 'Desterro de Entre Rios', 11),
(2976, 'Desterro do Melo', 11),
(2977, 'Diamante de Uba', 11),
(2978, 'Diamantina', 11),
(2979, 'Dias', 11),
(2980, 'Dias Tavares/siderurgica', 11),
(2981, 'Diogo de Vasconcelos', 11),
(2982, 'Dionisio', 11),
(2983, 'Divinesia', 11),
(2984, 'Divino', 11),
(2985, 'Divino das Laranjeiras', 11),
(2986, 'Divino de Virgolandia', 11),
(2987, 'Divino Espirito Santo', 11),
(2988, 'Divinolandia de Minas', 11),
(2989, 'Divinopolis', 11),
(2990, 'Divisa Alegre', 11),
(2991, 'Divisa Nova', 11),
(2992, 'Divisopolis', 11),
(2993, 'Dois de Abril', 11),
(2994, 'Dom Bosco', 11),
(2995, 'Dom Cavati', 11),
(2996, 'Dom Joaquim', 11),
(2997, 'Dom Lara', 11),
(2998, 'Dom Modesto', 11),
(2999, 'Dom Silverio', 11),
(3000, 'Dom Vicoso', 11),
(3001, 'Dona Euzebia', 11),
(3002, 'Dores da Vitoria', 11),
(3003, 'Dores de Campos', 11),
(3004, 'Dores de Guanhaes', 11),
(3005, 'Dores do Indaia', 11),
(3006, 'Dores do Paraibuna', 11),
(3007, 'Dores do Turvo', 11),
(3008, 'Doresopolis', 11),
(3009, 'Douradinho', 11),
(3010, 'Douradoquara', 11),
(3011, 'Doutor Campolina', 11),
(3012, 'Doutor Lund', 11),
(3013, 'Durande', 11),
(3014, 'Edgard Melo', 11),
(3015, 'Eloi Mendes', 11),
(3016, 'Emboabas', 11),
(3017, 'Engenheiro Caldas', 11),
(3018, 'Engenheiro Correia', 11),
(3019, 'Engenheiro Navarro', 11),
(3020, 'Engenheiro Schnoor', 11),
(3021, 'Engenho do Ribeiro', 11),
(3022, 'Engenho Novo', 11),
(3023, 'Entre Folhas', 11),
(3024, 'Entre Rios de Minas', 11),
(3025, 'Epaminondas Otoni', 11),
(3026, 'Ermidinha', 11),
(3027, 'Ervalia', 11),
(3028, 'Esmeraldas', 11),
(3029, 'Esmeraldas de Ferros', 11),
(3030, 'Espera Feliz', 11),
(3031, 'Espinosa', 11),
(3032, 'Espirito Santo do Dourado', 11),
(3033, 'Esteios', 11),
(3034, 'Estevao de Araujo', 11),
(3035, 'Estiva', 11),
(3036, 'Estrela da Barra', 11),
(3037, 'Estrela Dalva', 11),
(3038, 'Estrela de Jordania', 11),
(3039, 'Estrela do Indaia', 11),
(3040, 'Estrela do Sul', 11),
(3041, 'Eugenopolis', 11),
(3042, 'Euxenita', 11),
(3043, 'Ewbank da Camara', 11),
(3044, 'Expedicionario Alicio', 11),
(3045, 'Extracao', 11),
(3046, 'Extrema', 11),
(3047, 'Fama', 11),
(3048, 'Faria Lemos', 11),
(3049, 'Farias', 11),
(3050, 'Fechados', 11),
(3051, 'Felicina', 11),
(3052, 'Felicio dos Santos', 11),
(3053, 'Felisburgo', 11),
(3054, 'Felixlandia', 11),
(3055, 'Fernandes Tourinho', 11),
(3056, 'Fernao Dias', 11),
(3057, 'Ferreiras', 11),
(3058, 'Ferreiropolis', 11),
(3059, 'Ferros', 11),
(3060, 'Ferruginha', 11),
(3061, 'Fervedouro', 11),
(3062, 'Fidalgo', 11),
(3063, 'Fidelandia', 11),
(3064, 'Flor de Minas', 11),
(3065, 'Floralia', 11),
(3066, 'Floresta', 11),
(3067, 'Florestal', 11),
(3068, 'Florestina', 11),
(3069, 'Fonseca', 11),
(3070, 'Formiga', 11),
(3071, 'Formoso', 11),
(3072, 'Fortaleza de Minas', 11),
(3073, 'Fortuna de Minas', 11),
(3074, 'Francisco Badaro', 11),
(3075, 'Francisco Dumont', 11),
(3076, 'Francisco Sa', 11),
(3077, 'Franciscopolis', 11),
(3078, 'Frei Eustaquio', 11),
(3079, 'Frei Gaspar', 11),
(3080, 'Frei Inocencio', 11),
(3081, 'Frei Lagonegro', 11),
(3082, 'Frei Orlando', 11),
(3083, 'Frei Serafim', 11),
(3084, 'Freire Cardoso', 11),
(3085, 'Fronteira', 11),
(3086, 'Fronteira dos Vales', 11),
(3087, 'Fruta de Leite', 11),
(3088, 'Frutal', 11),
(3089, 'Funchal', 11),
(3090, 'Funilandia', 11),
(3091, 'Furnas', 11),
(3092, 'Furquim', 11),
(3093, 'Galego', 11),
(3094, 'Galena', 11),
(3095, 'Galileia', 11),
(3096, 'Gama', 11),
(3097, 'Gameleiras', 11),
(3098, 'Garapuava', 11),
(3099, 'Gaviao', 11),
(3100, 'Glaucilandia', 11),
(3101, 'Glaura', 11),
(3102, 'Glucinio', 11),
(3103, 'Goiabeira', 11),
(3104, 'Goiana', 11),
(3105, 'Goianases', 11),
(3106, 'Goncalves', 11),
(3107, 'Gonzaga', 11),
(3108, 'Gororos', 11),
(3109, 'Gorutuba', 11),
(3110, 'Gouvea', 11),
(3111, 'Governador Valadares', 11),
(3112, 'Graminea', 11),
(3113, 'Granada', 11),
(3114, 'Grao Mogol', 11),
(3115, 'Grota', 11),
(3116, 'Grupiara', 11),
(3117, 'Guacui', 11),
(3118, 'Guaipava', 11),
(3119, 'Guanhaes', 11),
(3120, 'Guape', 11),
(3121, 'Guaraciaba', 11),
(3122, 'Guaraciama', 11),
(3123, 'Guaranesia', 11),
(3124, 'Guarani', 11),
(3125, 'Guaranilandia', 11),
(3126, 'Guarara', 11),
(3127, 'Guarataia', 11),
(3128, 'Guarda dos Ferreiros', 11),
(3129, 'Guarda-mor', 11),
(3130, 'Guardinha', 11),
(3131, 'Guaxima', 11),
(3132, 'Guaxupe', 11),
(3133, 'Guidoval', 11),
(3134, 'Guimarania', 11),
(3135, 'Guinda', 11),
(3136, 'Guiricema', 11),
(3137, 'Gurinhata', 11),
(3138, 'Heliodora', 11),
(3139, 'Hematita', 11),
(3140, 'Hermilo Alves', 11),
(3141, 'Honoropolis', 11),
(3142, 'Iapu', 11),
(3143, 'Ibertioga', 11),
(3144, 'Ibia', 11),
(3145, 'Ibiai', 11),
(3146, 'Ibiracatu', 11),
(3147, 'Ibiraci', 11),
(3148, 'Ibirite', 11),
(3149, 'Ibitira', 11),
(3150, 'Ibitiura de Minas', 11),
(3151, 'Ibituruna', 11),
(3152, 'Icarai de Minas', 11),
(3153, 'Igarape', 11),
(3154, 'Igaratinga', 11),
(3155, 'Iguatama', 11),
(3156, 'Ijaci', 11),
(3157, 'Ilheus do Prata', 11),
(3158, 'Ilicinea', 11),
(3159, 'Imbe de Minas', 11),
(3160, 'Inconfidentes', 11),
(3161, 'Indaiabira', 11),
(3162, 'Independencia', 11),
(3163, 'Indianopolis', 11),
(3164, 'Ingai', 11),
(3165, 'Inhai', 11),
(3166, 'Inhapim', 11),
(3167, 'Inhauma', 11),
(3168, 'Inimutaba', 11),
(3169, 'Ipaba', 11),
(3170, 'Ipanema', 11),
(3171, 'Ipatinga', 11),
(3172, 'Ipiacu', 11),
(3173, 'Ipoema', 11),
(3174, 'Ipuiuna', 11),
(3175, 'Irai de Minas', 11),
(3176, 'Itabira', 11),
(3177, 'Itabirinha de Mantena', 11),
(3178, 'Itabirito', 11),
(3179, 'Itaboca', 11),
(3180, 'Itacambira', 11),
(3181, 'Itacarambi', 11),
(3182, 'Itaci', 11),
(3183, 'Itacolomi', 11),
(3184, 'Itaguara', 11),
(3185, 'Itaim', 11),
(3186, 'Itaipe', 11),
(3187, 'Itajuba', 11),
(3188, 'Itajutiba', 11),
(3189, 'Itamarandiba', 11),
(3190, 'Itamarati', 11),
(3191, 'Itamarati de Minas', 11),
(3192, 'Itambacuri', 11),
(3193, 'Itambe do Mato Dentro', 11),
(3194, 'Itamirim', 11),
(3195, 'Itamogi', 11),
(3196, 'Itamonte', 11),
(3197, 'Itamuri', 11),
(3198, 'Itanhandu', 11),
(3199, 'Itanhomi', 11),
(3200, 'Itaobim', 11),
(3201, 'Itapagipe', 11),
(3202, 'Itapanhoacanga', 11),
(3203, 'Itapecerica', 11),
(3204, 'Itapeva', 11),
(3205, 'Itapiru', 11),
(3206, 'Itapirucu', 11),
(3207, 'Itatiaiucu', 11),
(3208, 'Itau de Minas', 11),
(3209, 'Itauna', 11),
(3210, 'Itauninha', 11),
(3211, 'Itaverava', 11),
(3212, 'Iterere', 11),
(3213, 'Itinga', 11),
(3214, 'Itira', 11),
(3215, 'Itueta', 11),
(3216, 'Itui', 11),
(3217, 'Ituiutaba', 11),
(3218, 'Itumirim', 11),
(3219, 'Iturama', 11),
(3220, 'Itutinga', 11),
(3221, 'Jaboticatubas', 11),
(3222, 'Jacarandira', 11),
(3223, 'Jacare', 11),
(3224, 'Jacinto', 11),
(3225, 'Jacui', 11),
(3226, 'Jacutinga', 11),
(3227, 'Jaguaracu', 11),
(3228, 'Jaguarao', 11),
(3229, 'Jaguaritira', 11),
(3230, 'Jaiba', 11),
(3231, 'Jampruca', 11),
(3232, 'Janauba', 11),
(3233, 'Januaria', 11),
(3234, 'Japaraiba', 11),
(3235, 'Japonvar', 11),
(3236, 'Jardinesia', 11),
(3237, 'Jeceaba', 11),
(3238, 'Jenipapo de Minas', 11),
(3239, 'Jequeri', 11),
(3240, 'Jequitai', 11),
(3241, 'Jequitiba', 11),
(3242, 'Jequitinhonha', 11),
(3243, 'Jesuania', 11),
(3244, 'Joaima', 11),
(3245, 'Joanesia', 11),
(3246, 'Joao Monlevade', 11),
(3247, 'Joao Pinheiro', 11),
(3248, 'Joaquim Felicio', 11),
(3249, 'Jordania', 11),
(3250, 'Jose Goncalves de Minas', 11),
(3251, 'Jose Raydan', 11),
(3252, 'Joselandia', 11),
(3253, 'Josenopolis', 11),
(3254, 'Juatuba', 11),
(3255, 'Jubai', 11),
(3256, 'Juiracu', 11),
(3257, 'Juiz de Fora', 11),
(3258, 'Junco de Minas', 11),
(3259, 'Juramento', 11),
(3260, 'Jureia', 11),
(3261, 'Juruaia', 11),
(3262, 'Jurumirim', 11),
(3263, 'Justinopolis', 11),
(3264, 'Juvenilia', 11),
(3265, 'Lacerdinha', 11),
(3266, 'Ladainha', 11),
(3267, 'Lagamar', 11),
(3268, 'Lagoa Bonita', 11),
(3269, 'Lagoa da Prata', 11),
(3270, 'Lagoa dos Patos', 11),
(3271, 'Lagoa Dourada', 11),
(3272, 'Lagoa Formosa', 11),
(3273, 'Lagoa Grande', 11),
(3274, 'Lagoa Santa', 11),
(3275, 'Lajinha', 11),
(3276, 'Lambari', 11),
(3277, 'Lamim', 11),
(3278, 'Lamounier', 11),
(3279, 'Lapinha', 11),
(3280, 'Laranjal', 11),
(3281, 'Laranjeiras de Caldas', 11),
(3282, 'Lassance', 11),
(3283, 'Lavras', 11),
(3284, 'Leandro Ferreira', 11),
(3285, 'Leme do Prado', 11),
(3286, 'Leopoldina', 11),
(3287, 'Levinopolis', 11),
(3288, 'Liberdade', 11),
(3289, 'Lima Duarte', 11),
(3290, 'Limeira D\'oeste', 11),
(3291, 'Limeira de Mantena', 11),
(3292, 'Lobo Leite', 11),
(3293, 'Lontra', 11),
(3294, 'Lourenco Velho', 11),
(3295, 'Lufa', 11),
(3296, 'Luisburgo', 11),
(3297, 'Luislandia', 11),
(3298, 'Luiz Pires de Minas', 11),
(3299, 'Luizlandia do Oeste', 11),
(3300, 'Luminarias', 11),
(3301, 'Luminosa', 11),
(3302, 'Luz', 11),
(3303, 'Macaia', 11),
(3304, 'Machacalis', 11),
(3305, 'Machado', 11),
(3306, 'Macuco', 11),
(3307, 'Macuco de Minas', 11),
(3308, 'Madre de Deus de Minas', 11),
(3309, 'Mae dos Homens', 11),
(3310, 'Major Ezequiel', 11),
(3311, 'Major Porto', 11),
(3312, 'Malacacheta', 11),
(3313, 'Mamonas', 11),
(3314, 'Manga', 11),
(3315, 'Manhuacu', 11),
(3316, 'Manhumirim', 11),
(3317, 'Mantena', 11),
(3318, 'Mantiqueira', 11),
(3319, 'Mantiqueira do Palmital', 11),
(3320, 'Mar de Espanha', 11),
(3321, 'Marambainha', 11),
(3322, 'Maravilhas', 11),
(3323, 'Maria da Fe', 11),
(3324, 'Mariana', 11),
(3325, 'Marilac', 11),
(3326, 'Marilandia', 11),
(3327, 'Mario Campos', 11),
(3328, 'Maripa de Minas', 11),
(3329, 'Marlieria', 11),
(3330, 'Marmelopolis', 11),
(3331, 'Martinesia', 11),
(3332, 'Martinho Campos', 11),
(3333, 'Martins Guimaraes', 11),
(3334, 'Martins Soares', 11),
(3335, 'Mata Verde', 11),
(3336, 'Materlandia', 11),
(3337, 'Mateus Leme', 11),
(3338, 'Mathias Lobato', 11),
(3339, 'Matias Barbosa', 11),
(3340, 'Matias Cardoso', 11),
(3341, 'Matipo', 11),
(3342, 'Mato Verde', 11),
(3343, 'Matozinhos', 11),
(3344, 'Matutina', 11),
(3345, 'Medeiros', 11),
(3346, 'Medina', 11),
(3347, 'Melo Viana', 11),
(3348, 'Mendanha', 11),
(3349, 'Mendes Pimentel', 11),
(3350, 'Mendonca', 11),
(3351, 'Merces', 11),
(3352, 'Merces de Agua Limpa', 11),
(3353, 'Mesquita', 11),
(3354, 'Mestre Caetano', 11),
(3355, 'Miguel Burnier', 11),
(3356, 'Milagre', 11),
(3357, 'Milho Verde', 11),
(3358, 'Minas Novas', 11),
(3359, 'Minduri', 11),
(3360, 'Mirabela', 11),
(3361, 'Miradouro', 11),
(3362, 'Miragaia', 11),
(3363, 'Mirai', 11),
(3364, 'Miralta', 11),
(3365, 'Mirantao', 11),
(3366, 'Miraporanga', 11),
(3367, 'Miravania', 11),
(3368, 'Missionario', 11),
(3369, 'Mocambeiro', 11),
(3370, 'Mocambinho', 11),
(3371, 'Moeda', 11),
(3372, 'Moema', 11),
(3373, 'Monjolinho de Minas', 11),
(3374, 'Monjolos', 11),
(3375, 'Monsenhor Horta', 11),
(3376, 'Monsenhor Isidro', 11),
(3377, 'Monsenhor Joao Alexandre', 11),
(3378, 'Monsenhor Paulo', 11),
(3379, 'Montalvania', 11),
(3380, 'Monte Alegre de Minas', 11),
(3381, 'Monte Azul', 11),
(3382, 'Monte Belo', 11),
(3383, 'Monte Carmelo', 11),
(3384, 'Monte Celeste', 11),
(3385, 'Monte Formoso', 11),
(3386, 'Monte Rei', 11),
(3387, 'Monte Santo de Minas', 11),
(3388, 'Monte Siao', 11),
(3389, 'Monte Verde', 11),
(3390, 'Montes Claros', 11),
(3391, 'Montezuma', 11),
(3392, 'Morada Nova de Minas', 11),
(3393, 'Morro', 11),
(3394, 'Morro da Garca', 11),
(3395, 'Morro do Ferro', 11),
(3396, 'Morro do Pilar', 11),
(3397, 'Morro Vermelho', 11),
(3398, 'Mucuri', 11),
(3399, 'Mundo Novo de Minas', 11),
(3400, 'Munhoz', 11),
(3401, 'Muquem', 11),
(3402, 'Muriae', 11),
(3403, 'Mutum', 11),
(3404, 'Muzambinho', 11),
(3405, 'Nacip Raydan', 11),
(3406, 'Nanuque', 11),
(3407, 'Naque', 11),
(3408, 'Naque-nanuque', 11),
(3409, 'Natalandia', 11),
(3410, 'Natercia', 11),
(3411, 'Nazare de Minas', 11),
(3412, 'Nazareno', 11),
(3413, 'Nelson de Sena', 11),
(3414, 'Neolandia', 11),
(3415, 'Nepomuceno', 11),
(3416, 'Nhandutiba', 11),
(3417, 'Nicolandia', 11),
(3418, 'Ninheira', 11),
(3419, 'Nova Belem', 11),
(3420, 'Nova Era', 11),
(3421, 'Nova Esperanca', 11),
(3422, 'Nova Lima', 11),
(3423, 'Nova Minda', 11),
(3424, 'Nova Modica', 11),
(3425, 'Nova Ponte', 11),
(3426, 'Nova Porteirinha', 11),
(3427, 'Nova Resende', 11),
(3428, 'Nova Serrana', 11),
(3429, 'Nova Uniao', 11),
(3430, 'Novilhona', 11),
(3431, 'Novo Cruzeiro', 11),
(3432, 'Novo Horizonte', 11),
(3433, 'Novo Oriente de Minas', 11),
(3434, 'Novorizonte', 11),
(3435, 'Ocidente', 11),
(3436, 'Olaria', 11),
(3437, 'Olegario Maciel', 11),
(3438, 'Olhos D\'agua Do Oeste', 11),
(3439, 'Olhos-d\'agua', 11),
(3440, 'Olimpio Campos', 11),
(3441, 'Olimpio Noronha', 11),
(3442, 'Oliveira', 11),
(3443, 'Oliveira Fortes', 11),
(3444, 'Onca de Pitangui', 11),
(3445, 'Oratorios', 11),
(3446, 'Orizania', 11),
(3447, 'Ouro Branco', 11),
(3448, 'Ouro Fino', 11),
(3449, 'Ouro Preto', 11),
(3450, 'Ouro Verde de Minas', 11),
(3451, 'Paciencia', 11),
(3452, 'Padre Brito', 11),
(3453, 'Padre Carvalho', 11),
(3454, 'Padre Felisberto', 11),
(3455, 'Padre Fialho', 11),
(3456, 'Padre Joao Afonso', 11),
(3457, 'Padre Julio Maria', 11),
(3458, 'Padre Paraiso', 11),
(3459, 'Padre Pinto', 11),
(3460, 'Padre Viegas', 11),
(3461, 'Pai Pedro', 11),
(3462, 'Paineiras', 11),
(3463, 'Pains', 11),
(3464, 'Paiolinho', 11),
(3465, 'Paiva', 11),
(3466, 'Palma', 11),
(3467, 'Palmeiral', 11),
(3468, 'Palmeirinha', 11),
(3469, 'Palmital dos Carvalhos', 11),
(3470, 'Palmopolis', 11),
(3471, 'Pantano', 11),
(3472, 'Papagaios', 11),
(3473, 'Para de Minas', 11),
(3474, 'Paracatu', 11),
(3475, 'Paraguacu', 11),
(3476, 'Paraguai', 11),
(3477, 'Paraiso Garcia', 11),
(3478, 'Paraisopolis', 11),
(3479, 'Paraopeba', 11),
(3480, 'Paredao de Minas', 11),
(3481, 'Parque Durval de Barros', 11),
(3482, 'Parque Industrial', 11),
(3483, 'Passa Dez', 11),
(3484, 'Passa Quatro', 11),
(3485, 'Passa Tempo', 11),
(3486, 'Passa Vinte', 11),
(3487, 'Passabem', 11),
(3488, 'Passagem de Mariana', 11),
(3489, 'Passos', 11),
(3490, 'Patis', 11),
(3491, 'Patos de Minas', 11),
(3492, 'Patrimonio', 11),
(3493, 'Patrocinio', 11),
(3494, 'Patrocinio do Muriae', 11),
(3495, 'Paula Candido', 11),
(3496, 'Paula Lima', 11),
(3497, 'Paulistas', 11),
(3498, 'Pavao', 11),
(3499, 'Pe do Morro', 11),
(3500, 'Pecanha', 11),
(3501, 'Pedra Azul', 11),
(3502, 'Pedra Bonita', 11),
(3503, 'Pedra Corrida', 11),
(3504, 'Pedra do Anta', 11),
(3505, 'Pedra do Indaia', 11),
(3506, 'Pedra do Sino', 11),
(3507, 'Pedra Dourada', 11),
(3508, 'Pedra Grande', 11),
(3509, 'Pedra Menina', 11),
(3510, 'Pedralva', 11),
(3511, 'Pedras de Maria da Cruz', 11),
(3512, 'Pedrinopolis', 11),
(3513, 'Pedro Leopoldo', 11),
(3514, 'Pedro Lessa', 11),
(3515, 'Pedro Teixeira', 11),
(3516, 'Pedro Versiani', 11),
(3517, 'Penedia', 11),
(3518, 'Penha de Franca', 11),
(3519, 'Penha do Capim', 11),
(3520, 'Penha do Cassiano', 11),
(3521, 'Penha do Norte', 11),
(3522, 'Penha Longa', 11),
(3523, 'Pequeri', 11),
(3524, 'Pequi', 11),
(3525, 'Perdigao', 11),
(3526, 'Perdilandia', 11),
(3527, 'Perdizes', 11),
(3528, 'Perdoes', 11),
(3529, 'Pereirinhas', 11),
(3530, 'Periquito', 11),
(3531, 'Perpetuo Socorro', 11),
(3532, 'Pescador', 11),
(3533, 'Petunia', 11),
(3534, 'Piacatuba', 11),
(3535, 'Piao', 11),
(3536, 'Piau', 11),
(3537, 'Pic Sagarana', 11),
(3538, 'Piedade de Caratinga', 11),
(3539, 'Piedade de Ponte Nova', 11),
(3540, 'Piedade do Paraopeba', 11),
(3541, 'Piedade do Rio Grande', 11),
(3542, 'Piedade dos Gerais', 11),
(3543, 'Pilar', 11),
(3544, 'Pimenta', 11),
(3545, 'Pindaibas', 11),
(3546, 'Pingo-d\'agua', 11),
(3547, 'Pinheirinhos', 11),
(3548, 'Pinheiros Altos', 11),
(3549, 'Pinhotiba', 11),
(3550, 'Pintopolis', 11),
(3551, 'Pintos Negreiros', 11),
(3552, 'Piracaiba', 11),
(3553, 'Piracema', 11),
(3554, 'Pirajuba', 11),
(3555, 'Piranga', 11),
(3556, 'Pirangucu', 11),
(3557, 'Piranguinho', 11),
(3558, 'Piranguita', 11),
(3559, 'Pirapanema', 11),
(3560, 'Pirapetinga', 11),
(3561, 'Pirapora', 11),
(3562, 'Pirauba', 11),
(3563, 'Pires E Albuquerque', 11),
(3564, 'Piscamba', 11),
(3565, 'Pitangui', 11),
(3566, 'Pitarana', 11),
(3567, 'Piumhi', 11),
(3568, 'Planalto de Minas', 11),
(3569, 'Planura', 11),
(3570, 'Plautino Soares', 11),
(3571, 'Poaia', 11),
(3572, 'Poco Fundo', 11),
(3573, 'Pocoes de Paineiras', 11),
(3574, 'Pocos de Caldas', 11),
(3575, 'Pocrane', 11),
(3576, 'Pompeu', 11),
(3577, 'Poncianos', 11),
(3578, 'Pontalete', 11),
(3579, 'Ponte Alta', 11),
(3580, 'Ponte Alta de Minas', 11),
(3581, 'Ponte dos Ciganos', 11),
(3582, 'Ponte Firme', 11),
(3583, 'Ponte Nova', 11),
(3584, 'Ponte Segura', 11),
(3585, 'Pontevila', 11),
(3586, 'Ponto Chique', 11),
(3587, 'Ponto Chique do Martelo', 11),
(3588, 'Ponto do Marambaia', 11),
(3589, 'Ponto dos Volantes', 11),
(3590, 'Porteirinha', 11),
(3591, 'Porto Agrario', 11),
(3592, 'Porto das Flores', 11),
(3593, 'Porto dos Mendes', 11),
(3594, 'Porto Firme', 11),
(3595, 'Pote', 11),
(3596, 'Pouso Alegre', 11),
(3597, 'Pouso Alto', 11),
(3598, 'Prados', 11),
(3599, 'Prata', 11),
(3600, 'Pratapolis', 11),
(3601, 'Pratinha', 11),
(3602, 'Presidente Bernardes', 11),
(3603, 'Presidente Juscelino', 11),
(3604, 'Presidente Kubitschek', 11),
(3605, 'Presidente Olegario', 11),
(3606, 'Presidente Pena', 11),
(3607, 'Professor Sperber', 11),
(3608, 'Providencia', 11),
(3609, 'Prudente de Morais', 11),
(3610, 'Quartel de Sao Joao', 11),
(3611, 'Quartel do Sacramento', 11),
(3612, 'Quartel Geral', 11),
(3613, 'Quatituba', 11),
(3614, 'Queixada', 11),
(3615, 'Queluzita', 11),
(3616, 'Quem-quem', 11),
(3617, 'Quilombo', 11),
(3618, 'Quintinos', 11),
(3619, 'Raposos', 11),
(3620, 'Raul Soares', 11),
(3621, 'Ravena', 11),
(3622, 'Realeza', 11),
(3623, 'Recreio', 11),
(3624, 'Reduto', 11),
(3625, 'Resende Costa', 11),
(3626, 'Resplendor', 11),
(3627, 'Ressaquinha', 11),
(3628, 'Riachinho', 11),
(3629, 'Riacho da Cruz', 11),
(3630, 'Riacho dos Machados', 11),
(3631, 'Ribeirao das Neves', 11),
(3632, 'Ribeirao de Sao Domingos', 11),
(3633, 'Ribeirao Vermelho', 11),
(3634, 'Ribeiro Junqueira', 11),
(3635, 'Ribeiros', 11),
(3636, 'Rio Acima', 11),
(3637, 'Rio Casca', 11),
(3638, 'Rio das Mortes', 11),
(3639, 'Rio do Prado', 11),
(3640, 'Rio Doce', 11),
(3641, 'Rio Espera', 11),
(3642, 'Rio Manso', 11),
(3643, 'Rio Melo', 11),
(3644, 'Rio Novo', 11),
(3645, 'Rio Paranaiba', 11),
(3646, 'Rio Pardo de Minas', 11),
(3647, 'Rio Piracicaba', 11),
(3648, 'Rio Pomba', 11),
(3649, 'Rio Pretinho', 11),
(3650, 'Rio Preto', 11),
(3651, 'Rio Vermelho', 11),
(3652, 'Ritapolis', 11),
(3653, 'Roca Grande', 11),
(3654, 'Rocas Novas', 11),
(3655, 'Rochedo de Minas', 11),
(3656, 'Rodeador', 11),
(3657, 'Rodeiro', 11),
(3658, 'Rodrigo Silva', 11),
(3659, 'Romaria', 11),
(3660, 'Rosario da Limeira', 11),
(3661, 'Rosario de Minas', 11),
(3662, 'Rosario do Pontal', 11),
(3663, 'Roseiral', 11),
(3664, 'Rubelita', 11),
(3665, 'Rubim', 11),
(3666, 'Sabara', 11),
(3667, 'Sabinopolis', 11),
(3668, 'Sacramento', 11),
(3669, 'Salinas', 11),
(3670, 'Salitre de Minas', 11),
(3671, 'Salto da Divisa', 11),
(3672, 'Sanatorio Santa Fe', 11),
(3673, 'Santa Barbara', 11),
(3674, 'Santa Barbara do Leste', 11),
(3675, 'Santa Barbara do Monte Verde', 11),
(3676, 'Santa Barbara do Tugurio', 11),
(3677, 'Santa Cruz da Aparecida', 11),
(3678, 'Santa Cruz de Botumirim', 11),
(3679, 'Santa Cruz de Minas', 11),
(3680, 'Santa Cruz de Salinas', 11),
(3681, 'Santa Cruz do Escalvado', 11),
(3682, 'Santa Cruz do Prata', 11),
(3683, 'Santa da Pedra', 11),
(3684, 'Santa Efigenia', 11),
(3685, 'Santa Efigenia de Minas', 11),
(3686, 'Santa Fe de Minas', 11),
(3687, 'Santa Filomena', 11),
(3688, 'Santa Helena de Minas', 11),
(3689, 'Santa Isabel', 11),
(3690, 'Santa Juliana', 11),
(3691, 'Santa Luzia', 11),
(3692, 'Santa Luzia da Serra', 11),
(3693, 'Santa Margarida', 11),
(3694, 'Santa Maria de Itabira', 11),
(3695, 'Santa Maria do Salto', 11),
(3696, 'Santa Maria do Suacui', 11),
(3697, 'Santa Rita da Estrela', 11),
(3698, 'Santa Rita de Caldas', 11),
(3699, 'Santa Rita de Jacutinga', 11),
(3700, 'Santa Rita de Minas', 11),
(3701, 'Santa Rita de Ouro Preto', 11),
(3702, 'Santa Rita do Cedro', 11),
(3703, 'Santa Rita do Ibitipoca', 11),
(3704, 'Santa Rita do Itueto', 11),
(3705, 'Santa Rita do Rio do Peixe', 11),
(3706, 'Santa Rita do Sapucai', 11),
(3707, 'Santa Rita Durao', 11),
(3708, 'Santa Rosa da Serra', 11),
(3709, 'Santa Rosa de Lima', 11),
(3710, 'Santa Rosa dos Dourados', 11),
(3711, 'Santa Teresa do Bonito', 11),
(3712, 'Santa Terezinha de Minas', 11),
(3713, 'Santa Vitoria', 11),
(3714, 'Santana da Vargem', 11),
(3715, 'Santana de Caldas', 11),
(3716, 'Santana de Cataguases', 11),
(3717, 'Santana de Patos', 11),
(3718, 'Santana de Pirapama', 11),
(3719, 'Santana do Alfie', 11),
(3720, 'Santana do Aracuai', 11),
(3721, 'Santana do Campestre', 11),
(3722, 'Santana do Capivari', 11),
(3723, 'Santana do Deserto', 11),
(3724, 'Santana do Garambeu', 11),
(3725, 'Santana do Jacare', 11),
(3726, 'Santana do Manhuacu', 11),
(3727, 'Santana do Paraiso', 11),
(3728, 'Santana do Paraopeba', 11),
(3729, 'Santana do Riacho', 11),
(3730, 'Santana do Tabuleiro', 11),
(3731, 'Santana dos Montes', 11),
(3732, 'Santo Antonio da Boa Vista', 11),
(3733, 'Santo Antonio da Fortaleza', 11),
(3734, 'Santo Antonio da Vargem Alegre', 11),
(3735, 'Santo Antonio do Amparo', 11),
(3736, 'Santo Antonio do Aventureiro', 11),
(3737, 'Santo Antonio do Boqueirao', 11),
(3738, 'Santo Antonio do Cruzeiro', 11),
(3739, 'Santo Antonio do Gloria', 11),
(3740, 'Santo Antonio do Grama', 11),
(3741, 'Santo Antonio do Itambe', 11),
(3742, 'Santo Antonio do Jacinto', 11),
(3743, 'Santo Antonio do Leite', 11),
(3744, 'Santo Antonio do Manhuacu', 11),
(3745, 'Santo Antonio do Monte', 11),
(3746, 'Santo Antonio do Mucuri', 11),
(3747, 'Santo Antonio do Norte', 11),
(3748, 'Santo Antonio do Pirapetinga', 11),
(3749, 'Santo Antonio do Retiro', 11),
(3750, 'Santo Antonio do Rio Abaixo', 11),
(3751, 'Santo Antonio dos Araujos', 11),
(3752, 'Santo Antonio dos Campos', 11),
(3753, 'Santo Hilario', 11),
(3754, 'Santo Hipolito', 11),
(3755, 'Santos Dumont', 11),
(3756, 'Sao Bartolomeu', 11),
(3757, 'Sao Benedito', 11),
(3758, 'Sao Bento Abade', 11),
(3759, 'Sao Bento de Caldas', 11),
(3760, 'Sao Bras do Suacui', 11),
(3761, 'Sao Braz', 11),
(3762, 'Sao Candido', 11),
(3763, 'Sao Domingos', 11),
(3764, 'Sao Domingos da Bocaina', 11),
(3765, 'Sao Domingos das Dores', 11),
(3766, 'Sao Domingos do Prata', 11),
(3767, 'Sao Felix de Minas', 11),
(3768, 'Sao Francisco', 11),
(3769, 'Sao Francisco de Paula', 11),
(3770, 'Sao Francisco de Sales', 11),
(3771, 'Sao Francisco do Gloria', 11),
(3772, 'Sao Francisco do Humaita', 11),
(3773, 'Sao Geraldo', 11),
(3774, 'Sao Geraldo da Piedade', 11),
(3775, 'Sao Geraldo de Tumiritinga', 11),
(3776, 'Sao Geraldo do Baguari', 11),
(3777, 'Sao Geraldo do Baixio', 11),
(3778, 'Sao Goncalo de Botelhos', 11),
(3779, 'Sao Goncalo do Abaete', 11),
(3780, 'Sao Goncalo do Monte', 11),
(3781, 'Sao Goncalo do Para', 11),
(3782, 'Sao Goncalo do Rio Abaixo', 11),
(3783, 'Sao Goncalo do Rio das Pedras', 11),
(3784, 'Sao Goncalo do Rio Preto', 11),
(3785, 'Sao Goncalo do Sapucai', 11),
(3786, 'Sao Gotardo', 11),
(3787, 'Sao Jeronimo dos Pocoes', 11),
(3788, 'Sao Joao Batista do Gloria', 11),
(3789, 'Sao Joao da Chapada', 11),
(3790, 'Sao Joao da Lagoa', 11),
(3791, 'Sao Joao da Mata', 11),
(3792, 'Sao Joao da Ponte', 11),
(3793, 'Sao Joao da Sapucaia', 11),
(3794, 'Sao Joao da Serra', 11),
(3795, 'Sao Joao da Serra Negra', 11),
(3796, 'Sao Joao da Vereda', 11),
(3797, 'Sao Joao das Missoes', 11),
(3798, 'Sao Joao Del Rei', 11),
(3799, 'Sao Joao do Bonito', 11),
(3800, 'Sao Joao do Jacutinga', 11),
(3801, 'Sao Joao do Manhuacu', 11),
(3802, 'Sao Joao do Manteninha', 11),
(3803, 'Sao Joao do Oriente', 11),
(3804, 'Sao Joao do Pacui', 11),
(3805, 'Sao Joao do Paraiso', 11),
(3806, 'Sao Joao Evangelista', 11),
(3807, 'Sao Joao Nepomuceno', 11),
(3808, 'Sao Joaquim', 11),
(3809, 'Sao Joaquim de Bicas', 11),
(3810, 'Sao Jose da Barra', 11),
(3811, 'Sao Jose da Bela Vista', 11),
(3812, 'Sao Jose da Lapa', 11),
(3813, 'Sao Jose da Pedra Menina', 11),
(3814, 'Sao Jose da Safira', 11),
(3815, 'Sao Jose da Varginha', 11),
(3816, 'Sao Jose das Tronqueiras', 11),
(3817, 'Sao Jose do Acacio', 11),
(3818, 'Sao Jose do Alegre', 11),
(3819, 'Sao Jose do Barreiro', 11),
(3820, 'Sao Jose do Batatal', 11),
(3821, 'Sao Jose do Buriti', 11),
(3822, 'Sao Jose do Divino', 11),
(3823, 'Sao Jose do Goiabal', 11),
(3824, 'Sao Jose do Itueto', 11),
(3825, 'Sao Jose do Jacuri', 11),
(3826, 'Sao Jose do Mantimento', 11),
(3827, 'Sao Jose do Mato Dentro', 11),
(3828, 'Sao Jose do Pantano', 11),
(3829, 'Sao Jose do Paraopeba', 11),
(3830, 'Sao Jose dos Lopes', 11),
(3831, 'Sao Jose dos Salgados', 11),
(3832, 'Sao Lourenco', 11),
(3833, 'Sao Manoel do Guaiacu', 11),
(3834, 'Sao Mateus de Minas', 11),
(3835, 'Sao Miguel do Anta', 11),
(3836, 'Sao Pedro da Garca', 11),
(3837, 'Sao Pedro da Uniao', 11),
(3838, 'Sao Pedro das Tabocas', 11),
(3839, 'Sao Pedro de Caldas', 11),
(3840, 'Sao Pedro do Avai', 11),
(3841, 'Sao Pedro do Gloria', 11),
(3842, 'Sao Pedro do Jequitinhonha', 11),
(3843, 'Sao Pedro do Suacui', 11),
(3844, 'Sao Pedro dos Ferros', 11),
(3845, 'Sao Roberto', 11),
(3846, 'Sao Romao', 11),
(3847, 'Sao Roque de Minas', 11),
(3848, 'Sao Sebastiao da Barra', 11),
(3849, 'Sao Sebastiao da Bela Vista', 11),
(3850, 'Sao Sebastiao da Vala', 11),
(3851, 'Sao Sebastiao da Vargem Alegre', 11),
(3852, 'Sao Sebastiao da Vitoria', 11),
(3853, 'Sao Sebastiao de Braunas', 11),
(3854, 'Sao Sebastiao do Anta', 11),
(3855, 'Sao Sebastiao do Baixio', 11),
(3856, 'Sao Sebastiao do Barreado', 11),
(3857, 'Sao Sebastiao do Barreiro', 11),
(3858, 'Sao Sebastiao do Bonsucesso', 11),
(3859, 'Sao Sebastiao do Bugre', 11),
(3860, 'Sao Sebastiao do Gil', 11),
(3861, 'Sao Sebastiao do Maranhao', 11),
(3862, 'Sao Sebastiao do Oculo', 11),
(3863, 'Sao Sebastiao do Oeste', 11),
(3864, 'Sao Sebastiao do Paraiso', 11),
(3865, 'Sao Sebastiao do Pontal', 11),
(3866, 'Sao Sebastiao do Rio Preto', 11),
(3867, 'Sao Sebastiao do Rio Verde', 11),
(3868, 'Sao Sebastiao do Sacramento', 11),
(3869, 'Sao Sebastiao do Soberbo', 11),
(3870, 'Sao Sebastiao dos Pocoes', 11),
(3871, 'Sao Sebastiao dos Robertos', 11),
(3872, 'Sao Sebastiao dos Torres', 11),
(3873, 'Sao Tiago', 11),
(3874, 'Sao Tomas de Aquino', 11),
(3875, 'Sao Tome das Letras', 11),
(3876, 'Sao Vicente', 11),
(3877, 'Sao Vicente da Estrela', 11),
(3878, 'Sao Vicente de Minas', 11),
(3879, 'Sao Vicente do Grama', 11),
(3880, 'Sao Vicente do Rio Doce', 11),
(3881, 'Sao Vitor', 11),
(3882, 'Sapucai', 11),
(3883, 'Sapucai-mirim', 11),
(3884, 'Sapucaia', 11),
(3885, 'Sapucaia de Guanhaes', 11),
(3886, 'Sapucaia do Norte', 11),
(3887, 'Sarandira', 11),
(3888, 'Sardoa', 11),
(3889, 'Sarzedo', 11),
(3890, 'Saudade', 11),
(3891, 'Sem Peixe', 11),
(3892, 'Senador Amaral', 11),
(3893, 'Senador Cortes', 11),
(3894, 'Senador Firmino', 11),
(3895, 'Senador Jose Bento', 11),
(3896, 'Senador Melo Viana', 11),
(3897, 'Senador Modestino Goncalves', 11),
(3898, 'Senador Mourao', 11),
(3899, 'Senhora da Gloria', 11),
(3900, 'Senhora da Penha', 11),
(3901, 'Senhora das Dores', 11),
(3902, 'Senhora de Oliveira', 11),
(3903, 'Senhora do Carmo', 11),
(3904, 'Senhora do Porto', 11),
(3905, 'Senhora dos Remedios', 11),
(3906, 'Sereno', 11),
(3907, 'Sericita', 11),
(3908, 'Seritinga', 11),
(3909, 'Serra Azul', 11),
(3910, 'Serra Azul de Minas', 11),
(3911, 'Serra Bonita', 11),
(3912, 'Serra da Canastra', 11),
(3913, 'Serra da Saudade', 11),
(3914, 'Serra das Araras', 11),
(3915, 'Serra do Camapua', 11),
(3916, 'Serra do Salitre', 11),
(3917, 'Serra dos Aimores', 11),
(3918, 'Serra dos Lemes', 11),
(3919, 'Serra Nova', 11),
(3920, 'Serrania', 11),
(3921, 'Serranopolis de Minas', 11),
(3922, 'Serranos', 11),
(3923, 'Serro', 11),
(3924, 'Sertaozinho', 11),
(3925, 'Sete Cachoeiras', 11),
(3926, 'Sete Lagoas', 11),
(3927, 'Setubinha', 11),
(3928, 'Silva Campos', 11),
(3929, 'Silva Xavier', 11),
(3930, 'Silvano', 11),
(3931, 'Silveira Carvalho', 11),
(3932, 'Silveirania', 11),
(3933, 'Silvestre', 11),
(3934, 'Silvianopolis', 11),
(3935, 'Simao Campos', 11),
(3936, 'Simao Pereira', 11),
(3937, 'Simonesia', 11),
(3938, 'Sobral Pinto', 11),
(3939, 'Sobralia', 11),
(3940, 'Soledade de Minas', 11),
(3941, 'Sopa', 11),
(3942, 'Tabajara', 11),
(3943, 'Tabauna', 11),
(3944, 'Tabuao', 11),
(3945, 'Tabuleiro', 11),
(3946, 'Taiobeiras', 11),
(3947, 'Taparuba', 11),
(3948, 'Tapira', 11),
(3949, 'Tapirai', 11),
(3950, 'Tapuirama', 11),
(3951, 'Taquaracu de Minas', 11),
(3952, 'Taruacu', 11),
(3953, 'Tarumirim', 11),
(3954, 'Tebas', 11),
(3955, 'Teixeiras', 11),
(3956, 'Tejuco', 11),
(3957, 'Teofilo Otoni', 11),
(3958, 'Terra Branca', 11),
(3959, 'Timoteo', 11),
(3960, 'Tiradentes', 11),
(3961, 'Tiros', 11),
(3962, 'Tobati', 11),
(3963, 'Tocandira', 11),
(3964, 'Tocantins', 11),
(3965, 'Tocos do Moji', 11),
(3966, 'Toledo', 11),
(3967, 'Tomas Gonzaga', 11),
(3968, 'Tombos', 11),
(3969, 'Topazio', 11),
(3970, 'Torneiros', 11),
(3971, 'Torreoes', 11),
(3972, 'Tres Coracoes', 11),
(3973, 'Tres Ilhas', 11),
(3974, 'Tres Marias', 11),
(3975, 'Tres Pontas', 11),
(3976, 'Trimonte', 11),
(3977, 'Tuiutinga', 11),
(3978, 'Tumiritinga', 11),
(3979, 'Tupaciguara', 11),
(3980, 'Tuparece', 11),
(3981, 'Turmalina', 11),
(3982, 'Turvolandia', 11),
(3983, 'Uba', 11),
(3984, 'Ubai', 11),
(3985, 'Ubaporanga', 11),
(3986, 'Ubari', 11),
(3987, 'Uberaba', 11),
(3988, 'Uberlandia', 11),
(3989, 'Umburatiba', 11),
(3990, 'Umbuzeiro', 11),
(3991, 'Unai', 11),
(3992, 'Uniao de Minas', 11),
(3993, 'Uruana de Minas', 11),
(3994, 'Urucania', 11),
(3995, 'Urucuia', 11),
(3996, 'Usina Monte Alegre', 11),
(3997, 'Vai-volta', 11),
(3998, 'Valadares', 11),
(3999, 'Valao', 11),
(4000, 'Vale Verde de Minas', 11),
(4001, 'Valo Fundo', 11),
(4002, 'Vargem Alegre', 11),
(4003, 'Vargem Bonita', 11),
(4004, 'Vargem Grande do Rio Pardo', 11),
(4005, 'Vargem Linda', 11),
(4006, 'Varginha', 11),
(4007, 'Varjao de Minas', 11),
(4008, 'Varzea da Palma', 11),
(4009, 'Varzelandia', 11),
(4010, 'Vau-acu', 11),
(4011, 'Vazante', 11),
(4012, 'Vera Cruz de Minas', 11),
(4013, 'Verdelandia', 11),
(4014, 'Vereda do Paraiso', 11),
(4015, 'Veredas', 11),
(4016, 'Veredinha', 11),
(4017, 'Verissimo', 11),
(4018, 'Vermelho', 11),
(4019, 'Vermelho Novo', 11),
(4020, 'Vermelho Velho', 11),
(4021, 'Vespasiano', 11),
(4022, 'Vicosa', 11),
(4023, 'Vieiras', 11),
(4024, 'Vila Bom Jesus', 11),
(4025, 'Vila Costina', 11),
(4026, 'Vila Nova de Minas', 11),
(4027, 'Vila Nova dos Pocoes', 11),
(4028, 'Vila Pereira', 11),
(4029, 'Vilas Boas', 11),
(4030, 'Virgem da Lapa', 11),
(4031, 'Virginia', 11),
(4032, 'Virginopolis', 11),
(4033, 'Virgolandia', 11),
(4034, 'Visconde do Rio Branco', 11),
(4035, 'Vista Alegre', 11),
(4036, 'Vitorinos', 11),
(4037, 'Volta Grande', 11),
(4038, 'Wenceslau Braz', 11),
(4039, 'Zelandia', 11),
(4040, 'Zito Soares', 11),
(4041, 'Agua Boa', 12),
(4042, 'Agua Clara', 12),
(4043, 'Albuquerque', 12),
(4044, 'Alcinopolis', 12),
(4045, 'Alto Sucuriu', 12),
(4046, 'Amambai', 12),
(4047, 'Amandina', 12),
(4048, 'Amolar', 12),
(4049, 'Anastacio', 12),
(4050, 'Anaurilandia', 12),
(4051, 'Angelica', 12),
(4052, 'Anhandui', 12),
(4053, 'Antonio Joao', 12),
(4054, 'Aparecida do Taboado', 12),
(4055, 'Aquidauana', 12),
(4056, 'Aral Moreira', 12),
(4057, 'Arapua', 12),
(4058, 'Areado', 12),
(4059, 'Arvore Grande', 12),
(4060, 'Baianopolis', 12),
(4061, 'Balsamo', 12),
(4062, 'Bandeirantes', 12),
(4063, 'Bataguassu', 12),
(4064, 'Bataipora', 12),
(4065, 'Baus', 12),
(4066, 'Bela Vista', 12),
(4067, 'Bocaja', 12);
INSERT INTO `bsc_cidade` (`id`, `nome`, `estado_id`) VALUES
(4068, 'Bodoquena', 12),
(4069, 'Bom Fim', 12),
(4070, 'Bonito', 12),
(4071, 'Boqueirao', 12),
(4072, 'Brasilandia', 12),
(4073, 'Caarapo', 12),
(4074, 'Cabeceira do Apa', 12),
(4075, 'Cachoeira', 12),
(4076, 'Camapua', 12),
(4077, 'Camisao', 12),
(4078, 'Campestre', 12),
(4079, 'Campo Grande', 12),
(4080, 'Capao Seco', 12),
(4081, 'Caracol', 12),
(4082, 'Carumbe', 12),
(4083, 'Cassilandia', 12),
(4084, 'Chapadao do Sul', 12),
(4085, 'Cipolandia', 12),
(4086, 'Coimbra', 12),
(4087, 'Congonha', 12),
(4088, 'Corguinho', 12),
(4089, 'Coronel Sapucaia', 12),
(4090, 'Corumba', 12),
(4091, 'Costa Rica', 12),
(4092, 'Coxim', 12),
(4093, 'Cristalina', 12),
(4094, 'Cruzaltina', 12),
(4095, 'Culturama', 12),
(4096, 'Cupins', 12),
(4097, 'Debrasa', 12),
(4098, 'Deodapolis', 12),
(4099, 'Dois Irmaos do Buriti', 12),
(4100, 'Douradina', 12),
(4101, 'Dourados', 12),
(4102, 'Eldorado', 12),
(4103, 'Fatima do Sul', 12),
(4104, 'Figueirao', 12),
(4105, 'Garcias', 12),
(4106, 'Gloria de Dourados', 12),
(4107, 'Guacu', 12),
(4108, 'Guaculandia', 12),
(4109, 'Guadalupe do Alto Parana', 12),
(4110, 'Guia Lopes da Laguna', 12),
(4111, 'Iguatemi', 12),
(4112, 'Ilha Comprida', 12),
(4113, 'Ilha Grande', 12),
(4114, 'Indaia do Sul', 12),
(4115, 'Indaia Grande', 12),
(4116, 'Indapolis', 12),
(4117, 'Inocencia', 12),
(4118, 'Ipezal', 12),
(4119, 'Itahum', 12),
(4120, 'Itapora', 12),
(4121, 'Itaquirai', 12),
(4122, 'Ivinhema', 12),
(4123, 'Jabuti', 12),
(4124, 'Jacarei', 12),
(4125, 'Japora', 12),
(4126, 'Jaraguari', 12),
(4127, 'Jardim', 12),
(4128, 'Jatei', 12),
(4129, 'Jauru', 12),
(4130, 'Juscelandia', 12),
(4131, 'Juti', 12),
(4132, 'Ladario', 12),
(4133, 'Lagoa Bonita', 12),
(4134, 'Laguna Carapa', 12),
(4135, 'Maracaju', 12),
(4136, 'Miranda', 12),
(4137, 'Montese', 12),
(4138, 'Morangas', 12),
(4139, 'Morraria do Sul', 12),
(4140, 'Morumbi', 12),
(4141, 'Mundo Novo', 12),
(4142, 'Navirai', 12),
(4143, 'Nhecolandia', 12),
(4144, 'Nioaque', 12),
(4145, 'Nossa Senhora de Fatima', 12),
(4146, 'Nova Alvorada do Sul', 12),
(4147, 'Nova America', 12),
(4148, 'Nova Andradina', 12),
(4149, 'Nova Esperanca', 12),
(4150, 'Nova Jales', 12),
(4151, 'Novo Horizonte do Sul', 12),
(4152, 'Oriente', 12),
(4153, 'Paiaguas', 12),
(4154, 'Palmeiras', 12),
(4155, 'Panambi', 12),
(4156, 'Paraiso', 12),
(4157, 'Paranaiba', 12),
(4158, 'Paranhos', 12),
(4159, 'Pedro Gomes', 12),
(4160, 'Picadinha', 12),
(4161, 'Pirapora', 12),
(4162, 'Piraputanga', 12),
(4163, 'Ponta Pora', 12),
(4164, 'Ponte Vermelha', 12),
(4165, 'Pontinha do Cocho', 12),
(4166, 'Porto Esperanca', 12),
(4167, 'Porto Murtinho', 12),
(4168, 'Porto Vilma', 12),
(4169, 'Porto Xv de Novembro', 12),
(4170, 'Presidente Castelo', 12),
(4171, 'Prudencio Thomaz', 12),
(4172, 'Quebra Coco', 12),
(4173, 'Quebracho', 12),
(4174, 'Ribas do Rio Pardo', 12),
(4175, 'Rio Brilhante', 12),
(4176, 'Rio Negro', 12),
(4177, 'Rio Verde de Mato Grosso', 12),
(4178, 'Rochedinho', 12),
(4179, 'Rochedo', 12),
(4180, 'Sanga Puita', 12),
(4181, 'Santa Rita do Pardo', 12),
(4182, 'Santa Terezinha', 12),
(4183, 'Sao Gabriel do Oeste', 12),
(4184, 'Sao Joao do Apore', 12),
(4185, 'Sao Jose', 12),
(4186, 'Sao Jose do Sucuriu', 12),
(4187, 'Sao Pedro', 12),
(4188, 'Sao Romao', 12),
(4189, 'Selviria', 12),
(4190, 'Sete Quedas', 12),
(4191, 'Sidrolandia', 12),
(4192, 'Sonora', 12),
(4193, 'Tacuru', 12),
(4194, 'Tamandare', 12),
(4195, 'Taquari', 12),
(4196, 'Taquarussu', 12),
(4197, 'Taunay', 12),
(4198, 'Terenos', 12),
(4199, 'Tres Lagoas', 12),
(4200, 'Velhacaria', 12),
(4201, 'Vicentina', 12),
(4202, 'Vila Formosa', 12),
(4203, 'Vila Marques', 12),
(4204, 'Vila Rica', 12),
(4205, 'Vila Uniao', 12),
(4206, 'Vila Vargas', 12),
(4207, 'Vista Alegre', 12),
(4208, 'Acorizal', 13),
(4209, 'Agua Boa', 13),
(4210, 'Agua Fria', 13),
(4211, 'Aguacu', 13),
(4212, 'Aguapei', 13),
(4213, 'Aguas Claras', 13),
(4214, 'Ainhumas', 13),
(4215, 'Alcantilado', 13),
(4216, 'Alta Floresta', 13),
(4217, 'Alto Araguaia', 13),
(4218, 'Alto Boa Vista', 13),
(4219, 'Alto Coite', 13),
(4220, 'Alto Garcas', 13),
(4221, 'Alto Juruena', 13),
(4222, 'Alto Paraguai', 13),
(4223, 'Alto Paraiso', 13),
(4224, 'Alto Taquari', 13),
(4225, 'Analandia do Norte', 13),
(4226, 'Apiacas', 13),
(4227, 'Araguaiana', 13),
(4228, 'Araguainha', 13),
(4229, 'Araputanga', 13),
(4230, 'Arenapolis', 13),
(4231, 'Aripuana', 13),
(4232, 'Arruda', 13),
(4233, 'Assari', 13),
(4234, 'Barao de Melgaco', 13),
(4235, 'Barra do Bugres', 13),
(4236, 'Barra do Garcas', 13),
(4237, 'Batovi', 13),
(4238, 'Baus', 13),
(4239, 'Bauxi', 13),
(4240, 'Bel Rios', 13),
(4241, 'Bezerro Branco', 13),
(4242, 'Boa Esperanca', 13),
(4243, 'Boa Uniao', 13),
(4244, 'Boa Vista', 13),
(4245, 'Bom Sucesso', 13),
(4246, 'Brasnorte', 13),
(4247, 'Buriti', 13),
(4248, 'Caceres', 13),
(4249, 'Caite', 13),
(4250, 'Campinapolis', 13),
(4251, 'Campo Novo do Parecis', 13),
(4252, 'Campo Verde', 13),
(4253, 'Campos de Julio', 13),
(4254, 'Campos Novos', 13),
(4255, 'Canabrava do Norte', 13),
(4256, 'Canarana', 13),
(4257, 'Cangas', 13),
(4258, 'Capao Grande', 13),
(4259, 'Capao Verde', 13),
(4260, 'Caramujo', 13),
(4261, 'Caravagio', 13),
(4262, 'Carlinda', 13),
(4263, 'Cassununga', 13),
(4264, 'Castanheira', 13),
(4265, 'Catuai', 13),
(4266, 'Chapada dos Guimaraes', 13),
(4267, 'Cidade Morena', 13),
(4268, 'Claudia', 13),
(4269, 'Cocalinho', 13),
(4270, 'Colider', 13),
(4271, 'Colorado do Norte', 13),
(4272, 'Comodoro', 13),
(4273, 'Confresa', 13),
(4274, 'Coronel Ponce', 13),
(4275, 'Cotrel', 13),
(4276, 'Cotriguacu', 13),
(4277, 'Coxipo Acu', 13),
(4278, 'Coxipo da Ponte', 13),
(4279, 'Coxipo do Ouro', 13),
(4280, 'Cristinopolis', 13),
(4281, 'Cristo Rei', 13),
(4282, 'Cuiaba', 13),
(4283, 'Curvelandia', 13),
(4284, 'Del Rios', 13),
(4285, 'Denise', 13),
(4286, 'Diamantino', 13),
(4287, 'Dom Aquino', 13),
(4288, 'Engenho', 13),
(4289, 'Engenho Velho', 13),
(4290, 'Entre Rios', 13),
(4291, 'Estrela do Leste', 13),
(4292, 'Faval', 13),
(4293, 'Fazenda de Cima', 13),
(4294, 'Feliz Natal', 13),
(4295, 'Figueiropolis D Oeste', 13),
(4296, 'Filadelfia', 13),
(4297, 'Flor da Serra', 13),
(4298, 'Fontanilhas', 13),
(4299, 'Gaucha do Norte', 13),
(4300, 'General Carneiro', 13),
(4301, 'Gloria D\'oeste', 13),
(4302, 'Guaranta do Norte', 13),
(4303, 'Guarita', 13),
(4304, 'Guiratinga', 13),
(4305, 'Horizonte do Oeste', 13),
(4306, 'Indianapolis', 13),
(4307, 'Indiavai', 13),
(4308, 'Irenopolis', 13),
(4309, 'Itamarati Norte', 13),
(4310, 'Itauba', 13),
(4311, 'Itiquira', 13),
(4312, 'Jaciara', 13),
(4313, 'Jangada', 13),
(4314, 'Jarudore', 13),
(4315, 'Jatoba', 13),
(4316, 'Jauru', 13),
(4317, 'Joselandia', 13),
(4318, 'Juara', 13),
(4319, 'Juina', 13),
(4320, 'Juruena', 13),
(4321, 'Juscimeira', 13),
(4322, 'Lambari D\'oeste', 13),
(4323, 'Lavouras', 13),
(4324, 'Lucas do Rio Verde', 13),
(4325, 'Lucialva', 13),
(4326, 'Luciara', 13),
(4327, 'Machado', 13),
(4328, 'Marcelandia', 13),
(4329, 'Marzagao', 13),
(4330, 'Mata Dentro', 13),
(4331, 'Matupa', 13),
(4332, 'Mimoso', 13),
(4333, 'Mirassol D\'oeste', 13),
(4334, 'Nobres', 13),
(4335, 'Nonoai do Norte', 13),
(4336, 'Nortelandia', 13),
(4337, 'Nossa Senhora da Guia', 13),
(4338, 'Nossa Senhora do Livramento', 13),
(4339, 'Nova Alvorada', 13),
(4340, 'Nova Bandeirantes', 13),
(4341, 'Nova Brasilandia', 13),
(4342, 'Nova Brasilia', 13),
(4343, 'Nova Canaa do Norte', 13),
(4344, 'Nova Catanduva', 13),
(4345, 'Nova Galileia', 13),
(4346, 'Nova Guarita', 13),
(4347, 'Nova Lacerda', 13),
(4348, 'Nova Marilandia', 13),
(4349, 'Nova Maringa', 13),
(4350, 'Nova Monte Verde', 13),
(4351, 'Nova Mutum', 13),
(4352, 'Nova Olimpia', 13),
(4353, 'Nova Ubirata', 13),
(4354, 'Nova Xavantina', 13),
(4355, 'Novo Diamantino', 13),
(4356, 'Novo Eldorado', 13),
(4357, 'Novo Horizonte do Norte', 13),
(4358, 'Novo Mundo', 13),
(4359, 'Novo Parana', 13),
(4360, 'Novo Sao Joaquim', 13),
(4361, 'Padronal', 13),
(4362, 'Pai Andre', 13),
(4363, 'Paraiso do Leste', 13),
(4364, 'Paranaita', 13),
(4365, 'Paranatinga', 13),
(4366, 'Passagem da Conceicao', 13),
(4367, 'Pedra Preta', 13),
(4368, 'Peixoto de Azevedo', 13),
(4369, 'Pirizal', 13),
(4370, 'Placa de Santo Antonio', 13),
(4371, 'Planalto da Serra', 13),
(4372, 'Pocone', 13),
(4373, 'Pombas', 13),
(4374, 'Pontal do Araguaia', 13),
(4375, 'Ponte Branca', 13),
(4376, 'Ponte de Pedra', 13),
(4377, 'Pontes E Lacerda', 13),
(4378, 'Pontinopolis', 13),
(4379, 'Porto Alegre do Norte', 13),
(4380, 'Porto dos Gauchos', 13),
(4381, 'Porto Esperidiao', 13),
(4382, 'Porto Estrela', 13),
(4383, 'Poxoreo', 13),
(4384, 'Praia Rica', 13),
(4385, 'Primavera', 13),
(4386, 'Primavera do Leste', 13),
(4387, 'Progresso', 13),
(4388, 'Querencia', 13),
(4389, 'Rancharia', 13),
(4390, 'Reserva do Cabacal', 13),
(4391, 'Ribeirao Cascalheira', 13),
(4392, 'Ribeirao dos Cocais', 13),
(4393, 'Ribeiraozinho', 13),
(4394, 'Rio Branco', 13),
(4395, 'Rio Manso', 13),
(4396, 'Riolandia', 13),
(4397, 'Rondonopolis', 13),
(4398, 'Rosario Oeste', 13),
(4399, 'Salto do Ceu', 13),
(4400, 'Sangradouro', 13),
(4401, 'Santa Carmem', 13),
(4402, 'Santa Elvira', 13),
(4403, 'Santa Fe', 13),
(4404, 'Santa Rita', 13),
(4405, 'Santa Terezinha', 13),
(4406, 'Santaninha', 13),
(4407, 'Santo Afonso', 13),
(4408, 'Santo Antonio do Leverger', 13),
(4409, 'Santo Antonio do Rio Bonito', 13),
(4410, 'Sao Cristovao', 13),
(4411, 'Sao Domingos', 13),
(4412, 'Sao Felix do Araguaia', 13),
(4413, 'Sao Joaquim', 13),
(4414, 'Sao Jorge', 13),
(4415, 'Sao Jose', 13),
(4416, 'Sao Jose do Apui', 13),
(4417, 'Sao Jose do Planalto', 13),
(4418, 'Sao Jose do Povo', 13),
(4419, 'Sao Jose do Rio Claro', 13),
(4420, 'Sao Jose do Xingu', 13),
(4421, 'Sao Jose dos Quatro Marcos', 13),
(4422, 'Sao Lourenco de Fatima', 13),
(4423, 'Sao Pedro da Cipa', 13),
(4424, 'Sao Vicente', 13),
(4425, 'Sapezal', 13),
(4426, 'Selma', 13),
(4427, 'Serra Nova', 13),
(4428, 'Sinop', 13),
(4429, 'Sonho Azul', 13),
(4430, 'Sorriso', 13),
(4431, 'Sumidouro', 13),
(4432, 'Tabapora', 13),
(4433, 'Tangara da Serra', 13),
(4434, 'Tapirapua', 13),
(4435, 'Tapurah', 13),
(4436, 'Terra Nova do Norte', 13),
(4437, 'Terra Roxa', 13),
(4438, 'Tesouro', 13),
(4439, 'Toricueyje', 13),
(4440, 'Torixoreu', 13),
(4441, 'Tres Pontes', 13),
(4442, 'Uniao do Sul', 13),
(4443, 'Vale dos Sonhos', 13),
(4444, 'Vale Rico', 13),
(4445, 'Varginha', 13),
(4446, 'Varzea Grande', 13),
(4447, 'Vera', 13),
(4448, 'Vila Atlantica', 13),
(4449, 'Vila Bela da Santissima Trindade', 13),
(4450, 'Vila Bueno', 13),
(4451, 'Vila Mutum', 13),
(4452, 'Vila Operaria', 13),
(4453, 'Vila Paulista', 13),
(4454, 'Vila Progresso', 13),
(4455, 'Vila Rica', 13),
(4456, 'Vila Santo Antonio', 13),
(4457, 'Abaetetuba', 14),
(4458, 'Abel Figueiredo', 14),
(4459, 'Acara', 14),
(4460, 'Afua', 14),
(4461, 'Agropolis Bela Vista', 14),
(4462, 'Agua Azul do Norte', 14),
(4463, 'Agua Fria', 14),
(4464, 'Alenquer', 14),
(4465, 'Algodoal', 14),
(4466, 'Almeirim', 14),
(4467, 'Almoco', 14),
(4468, 'Alta Para', 14),
(4469, 'Altamira', 14),
(4470, 'Alter do Chao', 14),
(4471, 'Alvorada', 14),
(4472, 'Americano', 14),
(4473, 'Anajas', 14),
(4474, 'Ananindeua', 14),
(4475, 'Anapu', 14),
(4476, 'Antonio Lemos', 14),
(4477, 'Apeu', 14),
(4478, 'Apinages', 14),
(4479, 'Arapixuna', 14),
(4480, 'Araquaim', 14),
(4481, 'Arco-iris', 14),
(4482, 'Areias', 14),
(4483, 'Arumanduba', 14),
(4484, 'Aruri', 14),
(4485, 'Aturiai', 14),
(4486, 'Augusto Correa', 14),
(4487, 'Aurora do Para', 14),
(4488, 'Aveiro', 14),
(4489, 'Bagre', 14),
(4490, 'Baiao', 14),
(4491, 'Bannach', 14),
(4492, 'Barcarena', 14),
(4493, 'Barreira Branca', 14),
(4494, 'Barreira dos Campos', 14),
(4495, 'Barreiras', 14),
(4496, 'Baturite', 14),
(4497, 'Beja', 14),
(4498, 'Bela Vista do Caracol', 14),
(4499, 'Belem', 14),
(4500, 'Belterra', 14),
(4501, 'Benevides', 14),
(4502, 'Benfica', 14),
(4503, 'Boa Esperanca', 14),
(4504, 'Boa Fe', 14),
(4505, 'Boa Sorte', 14),
(4506, 'Boa Vista do Iririteua', 14),
(4507, 'Boim', 14),
(4508, 'Bom Jardim', 14),
(4509, 'Bom Jesus do Tocantins', 14),
(4510, 'Bonito', 14),
(4511, 'Braganca', 14),
(4512, 'Brasil Novo', 14),
(4513, 'Brasilia Legal', 14),
(4514, 'Brejo do Meio', 14),
(4515, 'Brejo Grande do Araguaia', 14),
(4516, 'Breu Branco', 14),
(4517, 'Breves', 14),
(4518, 'Bujaru', 14),
(4519, 'Cachoeira de Piria', 14),
(4520, 'Cachoeira do Arari', 14),
(4521, 'Cafezal', 14),
(4522, 'Cairari', 14),
(4523, 'Caju', 14),
(4524, 'Camara do Marajo', 14),
(4525, 'Cambuquira', 14),
(4526, 'Cameta', 14),
(4527, 'Camiranga', 14),
(4528, 'Canaa dos Carajas', 14),
(4529, 'Capanema', 14),
(4530, 'Capitao Poco', 14),
(4531, 'Caracara do Arari', 14),
(4532, 'Carajas', 14),
(4533, 'Carapajo', 14),
(4534, 'Caraparu', 14),
(4535, 'Caratateua', 14),
(4536, 'Caripi', 14),
(4537, 'Carrazedo', 14),
(4538, 'Castanhal', 14),
(4539, 'Castelo dos Sonhos', 14),
(4540, 'Chaves', 14),
(4541, 'Colares', 14),
(4542, 'Conceicao', 14),
(4543, 'Conceicao do Araguaia', 14),
(4544, 'Concordia do Para', 14),
(4545, 'Condeixa', 14),
(4546, 'Coqueiro', 14),
(4547, 'Cripurizao', 14),
(4548, 'Cripurizinho', 14),
(4549, 'Cuiu-cuiu', 14),
(4550, 'Cumaru do Norte', 14),
(4551, 'Curionopolis', 14),
(4552, 'Curralinho', 14),
(4553, 'Curua', 14),
(4554, 'Curuai', 14),
(4555, 'Curuca', 14),
(4556, 'Curucambaba', 14),
(4557, 'Curumu', 14),
(4558, 'Dom Eliseu', 14),
(4559, 'Eldorado dos Carajas', 14),
(4560, 'Emborai', 14),
(4561, 'Espirito Santo do Taua', 14),
(4562, 'Faro', 14),
(4563, 'Fernandes Belo', 14),
(4564, 'Flexal', 14),
(4565, 'Floresta', 14),
(4566, 'Floresta do Araguaia', 14),
(4567, 'Garrafao do Norte', 14),
(4568, 'Goianesia do Para', 14),
(4569, 'Gradaus', 14),
(4570, 'Guajara-acu', 14),
(4571, 'Guajara-miri', 14),
(4572, 'Gurupa', 14),
(4573, 'Gurupizinho', 14),
(4574, 'Hidreletrica Tucurui', 14),
(4575, 'Iatai', 14),
(4576, 'Icoraci', 14),
(4577, 'Igarape da Lama', 14),
(4578, 'Igarape-acu', 14),
(4579, 'Igarape-miri', 14),
(4580, 'Inanu', 14),
(4581, 'Inhangapi', 14),
(4582, 'Ipixuna do Para', 14),
(4583, 'Irituia', 14),
(4584, 'Itaituba', 14),
(4585, 'Itapixuna', 14),
(4586, 'Itatupa', 14),
(4587, 'Itupiranga', 14),
(4588, 'Jacareacanga', 14),
(4589, 'Jacunda', 14),
(4590, 'Jaguarari', 14),
(4591, 'Jamanxinzinho', 14),
(4592, 'Jambuacu', 14),
(4593, 'Jandiai', 14),
(4594, 'Japerica', 14),
(4595, 'Joana Coeli', 14),
(4596, 'Joana Peres', 14),
(4597, 'Joanes', 14),
(4598, 'Juaba', 14),
(4599, 'Jubim', 14),
(4600, 'Juruti', 14),
(4601, 'Km Null', 14),
(4602, 'Km Null', 14),
(4603, 'Lauro Sodre', 14),
(4604, 'Ligacao do Para', 14),
(4605, 'Limoeiro do Ajuru', 14),
(4606, 'Mae do Rio', 14),
(4607, 'Magalhaes Barata', 14),
(4608, 'Maiauata', 14),
(4609, 'Manjeiro', 14),
(4610, 'Maraba', 14),
(4611, 'Maracana', 14),
(4612, 'Marajoara', 14),
(4613, 'Marapanim', 14),
(4614, 'Marituba', 14),
(4615, 'Maruda', 14),
(4616, 'Mata Geral', 14),
(4617, 'Matapiquara', 14),
(4618, 'Medicilandia', 14),
(4619, 'Melgaco', 14),
(4620, 'Menino Deus do Anapu', 14),
(4621, 'Meruu', 14),
(4622, 'Mirasselvas', 14),
(4623, 'Miritituba', 14),
(4624, 'Mocajuba', 14),
(4625, 'Moiraba', 14),
(4626, 'Moju', 14),
(4627, 'Monsaras', 14),
(4628, 'Monte Alegre', 14),
(4629, 'Monte Alegre do Mau', 14),
(4630, 'Monte Dourado', 14),
(4631, 'Morada Nova', 14),
(4632, 'Mosqueiro', 14),
(4633, 'Muana', 14),
(4634, 'Mujui dos Campos', 14),
(4635, 'Muraja', 14),
(4636, 'Murucupi', 14),
(4637, 'Murumuru', 14),
(4638, 'Muta', 14),
(4639, 'Mutucal', 14),
(4640, 'Nazare de Mocajuba', 14),
(4641, 'Nazare dos Patos', 14),
(4642, 'Nova Esperanca do Piria', 14),
(4643, 'Nova Ipixuna', 14),
(4644, 'Nova Mocajuba', 14),
(4645, 'Nova Timboteua', 14),
(4646, 'Novo Planalto', 14),
(4647, 'Novo Progresso', 14),
(4648, 'Novo Repartimento', 14),
(4649, 'Nucleo Urbano Quilometro Null', 14),
(4650, 'Obidos', 14),
(4651, 'Oeiras do Para', 14),
(4652, 'Oriximina', 14),
(4653, 'Osvaldilandia', 14),
(4654, 'Otelo', 14),
(4655, 'Ourem', 14),
(4656, 'Ourilandia do Norte', 14),
(4657, 'Outeiro', 14),
(4658, 'Pacaja', 14),
(4659, 'Pacoval', 14),
(4660, 'Palestina do Para', 14),
(4661, 'Paragominas', 14),
(4662, 'Paratins', 14),
(4663, 'Parauapebas', 14),
(4664, 'Pau D\'arco', 14),
(4665, 'Pedreira', 14),
(4666, 'Peixe-boi', 14),
(4667, 'Penhalonga', 14),
(4668, 'Perseveranca', 14),
(4669, 'Pesqueiro', 14),
(4670, 'Piabas', 14),
(4671, 'Picarra', 14),
(4672, 'Pinhal', 14),
(4673, 'Piraquara', 14),
(4674, 'Piria', 14),
(4675, 'Placas', 14),
(4676, 'Ponta de Pedras', 14),
(4677, 'Ponta de Ramos', 14),
(4678, 'Portel', 14),
(4679, 'Porto de Moz', 14),
(4680, 'Porto Salvo', 14),
(4681, 'Porto Trombetas', 14),
(4682, 'Prainha', 14),
(4683, 'Primavera', 14),
(4684, 'Quatipuru', 14),
(4685, 'Quatro Bocas', 14),
(4686, 'Redencao', 14),
(4687, 'Remansao', 14),
(4688, 'Repartimento', 14),
(4689, 'Rio Maria', 14),
(4690, 'Rio Vermelho', 14),
(4691, 'Riozinho', 14),
(4692, 'Rondon do Para', 14),
(4693, 'Ruropolis', 14),
(4694, 'Salinopolis', 14),
(4695, 'Salvaterra', 14),
(4696, 'Santa Barbara do Para', 14),
(4697, 'Santa Cruz do Arari', 14),
(4698, 'Santa Isabel do Para', 14),
(4699, 'Santa Luzia do Para', 14),
(4700, 'Santa Maria', 14),
(4701, 'Santa Maria das Barreiras', 14),
(4702, 'Santa Maria do Para', 14),
(4703, 'Santa Rosa da Vigia', 14),
(4704, 'Santa Terezinha', 14),
(4705, 'Santana do Araguaia', 14),
(4706, 'Santarem', 14),
(4707, 'Santarem Novo', 14),
(4708, 'Santo Antonio', 14),
(4709, 'Santo Antonio do Taua', 14),
(4710, 'Sao Caetano de Odivelas', 14),
(4711, 'Sao Domingos do Araguaia', 14),
(4712, 'Sao Domingos do Capim', 14),
(4713, 'Sao Felix do Xingu', 14),
(4714, 'Sao Francisco', 14),
(4715, 'Sao Francisco da Jararaca', 14),
(4716, 'Sao Francisco do Para', 14),
(4717, 'Sao Geraldo do Araguaia', 14),
(4718, 'Sao Joao da Ponta', 14),
(4719, 'Sao Joao de Pirabas', 14),
(4720, 'Sao Joao do Acangata', 14),
(4721, 'Sao Joao do Araguaia', 14),
(4722, 'Sao Joao do Piria', 14),
(4723, 'Sao Joao dos Ramos', 14),
(4724, 'Sao Joaquim do Tapara', 14),
(4725, 'Sao Jorge', 14),
(4726, 'Sao Jose do Gurupi', 14),
(4727, 'Sao Jose do Piria', 14),
(4728, 'Sao Luiz do Tapajos', 14),
(4729, 'Sao Miguel do Guama', 14),
(4730, 'Sao Miguel dos Macacos', 14),
(4731, 'Sao Pedro de Viseu', 14),
(4732, 'Sao Pedro do Capim', 14),
(4733, 'Sao Raimundo de Borralhos', 14),
(4734, 'Sao Raimundo do Araguaia', 14),
(4735, 'Sao Raimundo dos Furtados', 14),
(4736, 'Sao Roberto', 14),
(4737, 'Sao Sebastiao da Boa Vista', 14),
(4738, 'Sao Sebastiao de Vicosa', 14),
(4739, 'Sapucaia', 14),
(4740, 'Senador Jose Porfirio', 14),
(4741, 'Serra Pelada', 14),
(4742, 'Soure', 14),
(4743, 'Tailandia', 14),
(4744, 'Tatuteua', 14),
(4745, 'Tauari', 14),
(4746, 'Tauarizinho', 14),
(4747, 'Tentugal', 14),
(4748, 'Terra Alta', 14),
(4749, 'Terra Santa', 14),
(4750, 'Tijoca', 14),
(4751, 'Timboteua', 14),
(4752, 'Tome-acu', 14),
(4753, 'Tracuateua', 14),
(4754, 'Trairao', 14),
(4755, 'Tucuma', 14),
(4756, 'Tucurui', 14),
(4757, 'Ulianopolis', 14),
(4758, 'Uruara', 14),
(4759, 'Urucuri', 14),
(4760, 'Urucuriteua', 14),
(4761, 'Val-de-caes', 14),
(4762, 'Veiros', 14),
(4763, 'Vigia', 14),
(4764, 'Vila do Carmo do Tocantins', 14),
(4765, 'Vila dos Cabanos', 14),
(4766, 'Vila Franca', 14),
(4767, 'Vila Goreth', 14),
(4768, 'Vila Isol', 14),
(4769, 'Vila Nova', 14),
(4770, 'Vila Planalto', 14),
(4771, 'Vila Santa Fe', 14),
(4772, 'Vila Socorro', 14),
(4773, 'Vilarinho do Monte', 14),
(4774, 'Viseu', 14),
(4775, 'Vista Alegre', 14),
(4776, 'Vista Alegre do Para', 14),
(4777, 'Vitoria do Xingu', 14),
(4778, 'Xinguara', 14),
(4779, 'Xinguarinha', 14),
(4780, 'Agua Branca', 15),
(4781, 'Aguiar', 15),
(4782, 'Alagoa Grande', 15),
(4783, 'Alagoa Nova', 15),
(4784, 'Alagoinha', 15),
(4785, 'Alcantil', 15),
(4786, 'Algodao de Jandaira', 15),
(4787, 'Alhandra', 15),
(4788, 'Amparo', 15),
(4789, 'Aparecida', 15),
(4790, 'Aracagi', 15),
(4791, 'Arara', 15),
(4792, 'Araruna', 15),
(4793, 'Areia', 15),
(4794, 'Areia de Baraunas', 15),
(4795, 'Areial', 15),
(4796, 'Areias', 15),
(4797, 'Aroeiras', 15),
(4798, 'Assis Chateaubriand', 15),
(4799, 'Assuncao', 15),
(4800, 'Baia da Traicao', 15),
(4801, 'Balancos', 15),
(4802, 'Bananeiras', 15),
(4803, 'Barauna', 15),
(4804, 'Barra de Santa Rosa', 15),
(4805, 'Barra de Santana', 15),
(4806, 'Barra de Sao Miguel', 15),
(4807, 'Barra do Camaratuba', 15),
(4808, 'Bayeux', 15),
(4809, 'Belem', 15),
(4810, 'Belem do Brejo do Cruz', 15),
(4811, 'Bernardino Batista', 15),
(4812, 'Boa Ventura', 15),
(4813, 'Boa Vista', 15),
(4814, 'Bom Jesus', 15),
(4815, 'Bom Sucesso', 15),
(4816, 'Bonito de Santa Fe', 15),
(4817, 'Boqueirao', 15),
(4818, 'Borborema', 15),
(4819, 'Brejo do Cruz', 15),
(4820, 'Brejo dos Santos', 15),
(4821, 'Caapora', 15),
(4822, 'Cabaceiras', 15),
(4823, 'Cabedelo', 15),
(4824, 'Cachoeira', 15),
(4825, 'Cachoeira dos Indios', 15),
(4826, 'Cachoeirinha', 15),
(4827, 'Cacimba de Areia', 15),
(4828, 'Cacimba de Dentro', 15),
(4829, 'Cacimbas', 15),
(4830, 'Caicara', 15),
(4831, 'Cajazeiras', 15),
(4832, 'Cajazeirinhas', 15),
(4833, 'Caldas Brandao', 15),
(4834, 'Camalau', 15),
(4835, 'Campina Grande', 15),
(4836, 'Campo Alegre', 15),
(4837, 'Campo Grande', 15),
(4838, 'Camurupim', 15),
(4839, 'Capim', 15),
(4840, 'Caraubas', 15),
(4841, 'Cardoso', 15),
(4842, 'Carrapateira', 15),
(4843, 'Casinha do Homem', 15),
(4844, 'Casserengue', 15),
(4845, 'Catingueira', 15),
(4846, 'Catole', 15),
(4847, 'Catole do Rocha', 15),
(4848, 'Caturite', 15),
(4849, 'Cepilho', 15),
(4850, 'Conceicao', 15),
(4851, 'Condado', 15),
(4852, 'Conde', 15),
(4853, 'Congo', 15),
(4854, 'Coremas', 15),
(4855, 'Coronel Maia', 15),
(4856, 'Coxixola', 15),
(4857, 'Cruz do Espirito Santo', 15),
(4858, 'Cubati', 15),
(4859, 'Cuite', 15),
(4860, 'Cuite de Mamanguape', 15),
(4861, 'Cuitegi', 15),
(4862, 'Cupissura', 15),
(4863, 'Curral de Cima', 15),
(4864, 'Curral Velho', 15),
(4865, 'Damiao', 15),
(4866, 'Desterro', 15),
(4867, 'Diamante', 15),
(4868, 'Dona Ines', 15),
(4869, 'Duas Estradas', 15),
(4870, 'Emas', 15),
(4871, 'Engenheiro Avidos', 15),
(4872, 'Esperanca', 15),
(4873, 'Fagundes', 15),
(4874, 'Fatima', 15),
(4875, 'Fazenda Nova', 15),
(4876, 'Forte Velho', 15),
(4877, 'Frei Martinho', 15),
(4878, 'Gado Bravo', 15),
(4879, 'Galante', 15),
(4880, 'Guarabira', 15),
(4881, 'Guarita', 15),
(4882, 'Gurinhem', 15),
(4883, 'Gurjao', 15),
(4884, 'Ibiara', 15),
(4885, 'Igaracy', 15),
(4886, 'Imaculada', 15),
(4887, 'Inga', 15),
(4888, 'Itabaiana', 15),
(4889, 'Itajubatiba', 15),
(4890, 'Itaporanga', 15),
(4891, 'Itapororoca', 15),
(4892, 'Itatuba', 15),
(4893, 'Jacarau', 15),
(4894, 'Jerico', 15),
(4895, 'Joao Pessoa', 15),
(4896, 'Juarez Tavora', 15),
(4897, 'Juazeirinho', 15),
(4898, 'Junco do Serido', 15),
(4899, 'Juripiranga', 15),
(4900, 'Juru', 15),
(4901, 'Lagoa', 15),
(4902, 'Lagoa de Dentro', 15),
(4903, 'Lagoa Seca', 15),
(4904, 'Lastro', 15),
(4905, 'Lerolandia', 15),
(4906, 'Livramento', 15),
(4907, 'Logradouro', 15),
(4908, 'Lucena', 15),
(4909, 'Mae D\'agua', 15),
(4910, 'Maia', 15),
(4911, 'Malta', 15),
(4912, 'Mamanguape', 15),
(4913, 'Manaira', 15),
(4914, 'Marcacao', 15),
(4915, 'Mari', 15),
(4916, 'Marizopolis', 15),
(4917, 'Massaranduba', 15),
(4918, 'Mata Limpa', 15),
(4919, 'Mata Virgem', 15),
(4920, 'Mataraca', 15),
(4921, 'Matinhas', 15),
(4922, 'Mato Grosso', 15),
(4923, 'Matureia', 15),
(4924, 'Melo', 15),
(4925, 'Mogeiro', 15),
(4926, 'Montadas', 15),
(4927, 'Monte Horebe', 15),
(4928, 'Monteiro', 15),
(4929, 'Montevideo', 15),
(4930, 'Mulungu', 15),
(4931, 'Muquem', 15),
(4932, 'Natuba', 15),
(4933, 'Nazare', 15),
(4934, 'Nazarezinho', 15),
(4935, 'Nossa Senhora do Livramento', 15),
(4936, 'Nova Floresta', 15),
(4937, 'Nova Olinda', 15),
(4938, 'Nova Palmeira', 15),
(4939, 'Nucleo N Null', 15),
(4940, 'Nucleo N Null', 15),
(4941, 'Odilandia', 15),
(4942, 'Olho D\'agua', 15),
(4943, 'Olivedos', 15),
(4944, 'Ouro Velho', 15),
(4945, 'Parari', 15),
(4946, 'Passagem', 15),
(4947, 'Patos', 15),
(4948, 'Paulista', 15),
(4949, 'Pedra Branca', 15),
(4950, 'Pedra Lavrada', 15),
(4951, 'Pedras de Fogo', 15),
(4952, 'Pedro Regis', 15),
(4953, 'Pelo Sinal', 15),
(4954, 'Pereiros', 15),
(4955, 'Pianco', 15),
(4956, 'Picui', 15),
(4957, 'Pilar', 15),
(4958, 'Piloes', 15),
(4959, 'Piloezinhos', 15),
(4960, 'Pindurao', 15),
(4961, 'Pio X', 15),
(4962, 'Piraua', 15),
(4963, 'Pirpirituba', 15),
(4964, 'Pitanga de Estrada', 15),
(4965, 'Pitimbu', 15),
(4966, 'Pocinhos', 15),
(4967, 'Poco Dantas', 15),
(4968, 'Poco de Jose de Moura', 15),
(4969, 'Pombal', 15),
(4970, 'Porteirinha de Pedra', 15),
(4971, 'Prata', 15),
(4972, 'Princesa Isabel', 15),
(4973, 'Puxinana', 15),
(4974, 'Queimadas', 15),
(4975, 'Quixaba', 15),
(4976, 'Remigio', 15),
(4977, 'Riachao', 15),
(4978, 'Riachao do Poco', 15),
(4979, 'Riacho de Santo Antonio', 15),
(4980, 'Riacho dos Cavalos', 15),
(4981, 'Ribeira', 15),
(4982, 'Rio Tinto', 15),
(4983, 'Rua Nova', 15),
(4984, 'Salema', 15),
(4985, 'Salgadinho', 15),
(4986, 'Salgado de Sao Felix', 15),
(4987, 'Santa Cecilia de Umbuzeiro', 15),
(4988, 'Santa Cruz', 15),
(4989, 'Santa Gertrudes', 15),
(4990, 'Santa Helena', 15),
(4991, 'Santa Ines', 15),
(4992, 'Santa Luzia', 15),
(4993, 'Santa Luzia do Cariri', 15),
(4994, 'Santa Maria', 15),
(4995, 'Santa Rita', 15),
(4996, 'Santa Teresinha', 15),
(4997, 'Santa Terezinha', 15),
(4998, 'Santana de Mangueira', 15),
(4999, 'Santana dos Garrotes', 15),
(5000, 'Santarem', 15),
(5001, 'Santo Andre', 15),
(5002, 'Sao Bento', 15),
(5003, 'Sao Bento de Pombal', 15),
(5004, 'Sao Domingos de Pombal', 15),
(5005, 'Sao Domingos do Cariri', 15),
(5006, 'Sao Francisco', 15),
(5007, 'Sao Goncalo', 15),
(5008, 'Sao Joao Bosco', 15),
(5009, 'Sao Joao do Cariri', 15),
(5010, 'Sao Joao do Rio do Peixe', 15),
(5011, 'Sao Joao do Tigre', 15),
(5012, 'Sao Jose da Lagoa Tapada', 15),
(5013, 'Sao Jose da Mata', 15),
(5014, 'Sao Jose de Caiana', 15),
(5015, 'Sao Jose de Espinharas', 15),
(5016, 'Sao Jose de Marimbas', 15),
(5017, 'Sao Jose de Piranhas', 15),
(5018, 'Sao Jose de Princesa', 15),
(5019, 'Sao Jose do Bonfim', 15),
(5020, 'Sao Jose do Brejo do Cruz', 15),
(5021, 'Sao Jose do Sabugi', 15),
(5022, 'Sao Jose dos Cordeiros', 15),
(5023, 'Sao Jose dos Ramos', 15),
(5024, 'Sao Mamede', 15),
(5025, 'Sao Miguel de Taipu', 15),
(5026, 'Sao Pedro', 15),
(5027, 'Sao Sebastiao de Lagoa de Roca', 15),
(5028, 'Sao Sebastiao do Umbuzeiro', 15),
(5029, 'Sape', 15),
(5030, 'Serido', 15),
(5031, 'Serido/sao Vicente do Serido', 15),
(5032, 'Serra Branca', 15),
(5033, 'Serra da Raiz', 15),
(5034, 'Serra Grande', 15),
(5035, 'Serra Redonda', 15),
(5036, 'Serraria', 15),
(5037, 'Sertaozinho', 15),
(5038, 'Sobrado', 15),
(5039, 'Solanea', 15),
(5040, 'Soledade', 15),
(5041, 'Sossego', 15),
(5042, 'Sousa', 15),
(5043, 'Sucuru', 15),
(5044, 'Sume', 15),
(5045, 'Tacima', 15),
(5046, 'Tambau', 15),
(5047, 'Tambauzinho', 15),
(5048, 'Taperoa', 15),
(5049, 'Tavares', 15),
(5050, 'Teixeira', 15),
(5051, 'Tenorio', 15),
(5052, 'Triunfo', 15),
(5053, 'Uirauna', 15),
(5054, 'Umari', 15),
(5055, 'Umbuzeiro', 15),
(5056, 'Varzea', 15),
(5057, 'Varzea Comprida', 15),
(5058, 'Varzea Nova', 15),
(5059, 'Vazante', 15),
(5060, 'Vieiropolis', 15),
(5061, 'Vista Serrana', 15),
(5062, 'Zabele', 15),
(5063, 'Abreu E Lima', 16),
(5064, 'Afogados da Ingazeira', 16),
(5065, 'Afranio', 16),
(5066, 'Agrestina', 16),
(5067, 'Agua Fria', 16),
(5068, 'Agua Preta', 16),
(5069, 'Aguas Belas', 16),
(5070, 'Airi', 16),
(5071, 'Alagoinha', 16),
(5072, 'Albuquerque Ne', 16),
(5073, 'Algodoes', 16),
(5074, 'Alianca', 16),
(5075, 'Altinho', 16),
(5076, 'Amaraji', 16),
(5077, 'Ameixas', 16),
(5078, 'Angelim', 16),
(5079, 'Apoti', 16),
(5080, 'Aracoiaba', 16),
(5081, 'Araripina', 16),
(5082, 'Arcoverde', 16),
(5083, 'Aripibu', 16),
(5084, 'Arizona', 16),
(5085, 'Barra de Farias', 16),
(5086, 'Barra de Guabiraba', 16),
(5087, 'Barra de Sao Pedro', 16),
(5088, 'Barra do Brejo', 16),
(5089, 'Barra do Chata', 16),
(5090, 'Barra do Jardim', 16),
(5091, 'Barra do Riachao', 16),
(5092, 'Barra do Sirinhaem', 16),
(5093, 'Barreiros', 16),
(5094, 'Batateira', 16),
(5095, 'Belem de Maria', 16),
(5096, 'Belem de Sao Francisco', 16),
(5097, 'Belo Jardim', 16),
(5098, 'Bengalas', 16),
(5099, 'Bentivi', 16),
(5100, 'Bernardo Vieira', 16),
(5101, 'Betania', 16),
(5102, 'Bezerros', 16),
(5103, 'Bizarra', 16),
(5104, 'Boas Novas', 16),
(5105, 'Bodoco', 16),
(5106, 'Bom Conselho', 16),
(5107, 'Bom Jardim', 16),
(5108, 'Bom Nome', 16),
(5109, 'Bonfim', 16),
(5110, 'Bonito', 16),
(5111, 'Brejao', 16),
(5112, 'Brejinho', 16),
(5113, 'Brejo da Madre de Deus', 16),
(5114, 'Buenos Aires', 16),
(5115, 'Buique', 16),
(5116, 'Cabanas', 16),
(5117, 'Cabo de Santo Agostinho', 16),
(5118, 'Cabrobo', 16),
(5119, 'Cachoeira do Roberto', 16),
(5120, 'Cachoeirinha', 16),
(5121, 'Caetes', 16),
(5122, 'Caicarinha da Penha', 16),
(5123, 'Calcado', 16),
(5124, 'Caldeiroes', 16),
(5125, 'Calumbi', 16),
(5126, 'Camaragibe', 16),
(5127, 'Camela', 16),
(5128, 'Camocim de Sao Felix', 16),
(5129, 'Camutanga', 16),
(5130, 'Canaa', 16),
(5131, 'Canhotinho', 16),
(5132, 'Capoeiras', 16),
(5133, 'Caraiba', 16),
(5134, 'Caraibeiras', 16),
(5135, 'Carapotos', 16),
(5136, 'Carice', 16),
(5137, 'Carima', 16),
(5138, 'Caririmirim', 16),
(5139, 'Carnaiba', 16),
(5140, 'Carnaubeira da Penha', 16),
(5141, 'Carneiro', 16),
(5142, 'Carpina', 16),
(5143, 'Carqueja', 16),
(5144, 'Caruaru', 16),
(5145, 'Casinhas', 16),
(5146, 'Catende', 16),
(5147, 'Catimbau', 16),
(5148, 'Catole', 16),
(5149, 'Cavaleiro', 16),
(5150, 'Cedro', 16),
(5151, 'Cha de Alegria', 16),
(5152, 'Cha do Rocha', 16),
(5153, 'Cha Grande', 16),
(5154, 'Cimbres', 16),
(5155, 'Clarana', 16),
(5156, 'Cocau', 16),
(5157, 'Conceicao das Crioulas', 16),
(5158, 'Condado', 16),
(5159, 'Correntes', 16),
(5160, 'Cortes', 16),
(5161, 'Couro D\'antas', 16),
(5162, 'Cristalia', 16),
(5163, 'Cruanji', 16),
(5164, 'Cruzes', 16),
(5165, 'Cuiambuca', 16),
(5166, 'Cumaru', 16),
(5167, 'Cupira', 16),
(5168, 'Curral Queimado', 16),
(5169, 'Custodia', 16),
(5170, 'Dois Leoes', 16),
(5171, 'Dormentes', 16),
(5172, 'Entroncamento', 16),
(5173, 'Escada', 16),
(5174, 'Espirito Santo', 16),
(5175, 'Exu', 16),
(5176, 'Fazenda Nova', 16),
(5177, 'Feira Nova', 16),
(5178, 'Feitoria', 16),
(5179, 'Fernando de Noronha', 16),
(5180, 'Ferreiros', 16),
(5181, 'Flores', 16),
(5182, 'Floresta', 16),
(5183, 'Frei Miguelinho', 16),
(5184, 'Frexeiras', 16),
(5185, 'Gameleira', 16),
(5186, 'Garanhuns', 16),
(5187, 'Gloria do Goita', 16),
(5188, 'Goiana', 16),
(5189, 'Goncalves Ferreira', 16),
(5190, 'Granito', 16),
(5191, 'Gravata', 16),
(5192, 'Gravata do Ibiapina', 16),
(5193, 'Grotao', 16),
(5194, 'Guanumbi', 16),
(5195, 'Henrique Dias', 16),
(5196, 'Iateca', 16),
(5197, 'Iati', 16),
(5198, 'Ibimirim', 16),
(5199, 'Ibirajuba', 16),
(5200, 'Ibiranga', 16),
(5201, 'Ibiratinga', 16),
(5202, 'Ibitiranga', 16),
(5203, 'Ibo', 16),
(5204, 'Icaicara', 16),
(5205, 'Igapo', 16),
(5206, 'Igarapeassu', 16),
(5207, 'Igarapeba', 16),
(5208, 'Igarassu', 16),
(5209, 'Iguaraci', 16),
(5210, 'Inaja', 16),
(5211, 'Ingazeira', 16),
(5212, 'Ipojuca', 16),
(5213, 'Ipubi', 16),
(5214, 'Ipuera', 16),
(5215, 'Iraguacu', 16),
(5216, 'Irajai', 16),
(5217, 'Iratama', 16),
(5218, 'Itacuruba', 16),
(5219, 'Itaiba', 16),
(5220, 'Itamaraca', 16),
(5221, 'Itambe', 16),
(5222, 'Itapetim', 16),
(5223, 'Itapissuma', 16),
(5224, 'Itaquitinga', 16),
(5225, 'Ituguacu', 16),
(5226, 'Iuitepora', 16),
(5227, 'Jabitaca', 16),
(5228, 'Jaboatao', 16),
(5229, 'Jaboatao dos Guararapes', 16),
(5230, 'Japecanga', 16),
(5231, 'Jaqueira', 16),
(5232, 'Jatauba', 16),
(5233, 'Jatiuca', 16),
(5234, 'Jatoba', 16),
(5235, 'Jenipapo', 16),
(5236, 'Joao Alfredo', 16),
(5237, 'Joaquim Nabuco', 16),
(5238, 'Jose da Costa', 16),
(5239, 'Jose Mariano', 16),
(5240, 'Jucaral', 16),
(5241, 'Jucati', 16),
(5242, 'Jupi', 16),
(5243, 'Jurema', 16),
(5244, 'Jutai', 16),
(5245, 'Lagoa', 16),
(5246, 'Lagoa de Sao Jose', 16),
(5247, 'Lagoa do Barro', 16),
(5248, 'Lagoa do Carro', 16),
(5249, 'Lagoa do Itaenga', 16),
(5250, 'Lagoa do Ouro', 16),
(5251, 'Lagoa do Souza', 16),
(5252, 'Lagoa dos Gatos', 16),
(5253, 'Lagoa Grande', 16),
(5254, 'Laje de Sao Jose', 16),
(5255, 'Laje Grande', 16),
(5256, 'Lajedo', 16),
(5257, 'Lajedo do Cedro', 16),
(5258, 'Limoeiro', 16),
(5259, 'Livramento do Tiuma', 16),
(5260, 'Luanda', 16),
(5261, 'Macaparana', 16),
(5262, 'Machados', 16),
(5263, 'Macuje', 16),
(5264, 'Manari', 16),
(5265, 'Mandacaia', 16),
(5266, 'Mandacaru', 16),
(5267, 'Manicoba', 16),
(5268, 'Maraial', 16),
(5269, 'Maravilha', 16),
(5270, 'Mimoso', 16),
(5271, 'Miracica', 16),
(5272, 'Mirandiba', 16),
(5273, 'Morais', 16),
(5274, 'Moreilandia', 16),
(5275, 'Moreno', 16),
(5276, 'Moxoto', 16),
(5277, 'Mulungu', 16),
(5278, 'Murupe', 16),
(5279, 'Mutuca', 16),
(5280, 'Nascente', 16),
(5281, 'Navarro', 16),
(5282, 'Nazare da Mata', 16),
(5283, 'Negras', 16),
(5284, 'Nossa Senhora da Luz', 16),
(5285, 'Nossa Senhora do Carmo', 16),
(5286, 'Nossa Senhora do O', 16),
(5287, 'Nova Cruz', 16),
(5288, 'Olho D\'agua De Dentro', 16),
(5289, 'Olinda', 16),
(5290, 'Oratorio', 16),
(5291, 'Ori', 16),
(5292, 'Orobo', 16),
(5293, 'Oroco', 16),
(5294, 'Ouricuri', 16),
(5295, 'Pajeu', 16),
(5296, 'Palmares', 16),
(5297, 'Palmeirina', 16),
(5298, 'Panelas', 16),
(5299, 'Pao de Acucar', 16),
(5300, 'Pao de Acucar do Pocao', 16),
(5301, 'Papagaio', 16),
(5302, 'Paquevira', 16),
(5303, 'Para', 16),
(5304, 'Paranatama', 16),
(5305, 'Paratibe', 16),
(5306, 'Parnamirim', 16),
(5307, 'Passagem do To', 16),
(5308, 'Passira', 16),
(5309, 'Pau Ferro', 16),
(5310, 'Paudalho', 16),
(5311, 'Paulista', 16),
(5312, 'Pedra', 16),
(5313, 'Perpetuo Socorro', 16),
(5314, 'Pesqueira', 16),
(5315, 'Petrolandia', 16),
(5316, 'Petrolina', 16),
(5317, 'Pirituba', 16),
(5318, 'Pocao', 16),
(5319, 'Pocao de Afranio', 16),
(5320, 'Poco Comprido', 16),
(5321, 'Poco Fundo', 16),
(5322, 'Pombos', 16),
(5323, 'Pontas de Pedra', 16),
(5324, 'Ponte dos Carvalhos', 16),
(5325, 'Praia da Conceicao', 16),
(5326, 'Primavera', 16),
(5327, 'Quipapa', 16),
(5328, 'Quitimbu', 16),
(5329, 'Quixaba', 16),
(5330, 'Rainha Isabel', 16),
(5331, 'Rajada', 16),
(5332, 'Rancharia', 16),
(5333, 'Recife', 16),
(5334, 'Riacho das Almas', 16),
(5335, 'Riacho do Meio', 16),
(5336, 'Riacho Fechado', 16),
(5337, 'Riacho Pequeno', 16),
(5338, 'Ribeirao', 16),
(5339, 'Rio da Barra', 16),
(5340, 'Rio Formoso', 16),
(5341, 'Saire', 16),
(5342, 'Salgadinho', 16),
(5343, 'Salgueiro', 16),
(5344, 'Saloa', 16),
(5345, 'Salobro', 16),
(5346, 'Sanharo', 16),
(5347, 'Santa Cruz', 16),
(5348, 'Santa Cruz da Baixa Verde', 16),
(5349, 'Santa Cruz do Capibaribe', 16),
(5350, 'Santa Filomena', 16),
(5351, 'Santa Maria da Boa Vista', 16),
(5352, 'Santa Maria do Cambuca', 16),
(5353, 'Santa Rita', 16),
(5354, 'Santa Terezinha', 16),
(5355, 'Santana de Sao Joaquim', 16),
(5356, 'Santo Agostinho', 16),
(5357, 'Santo Antonio das Queimadas', 16),
(5358, 'Santo Antonio dos Palmares', 16),
(5359, 'Sao Benedito do Sul', 16),
(5360, 'Sao Bento do Una', 16),
(5361, 'Sao Caetano do Navio', 16),
(5362, 'Sao Caitano', 16),
(5363, 'Sao Domingos', 16),
(5364, 'Sao Joao', 16),
(5365, 'Sao Joaquim do Monte', 16),
(5366, 'Sao Jose', 16),
(5367, 'Sao Jose da Coroa Grande', 16),
(5368, 'Sao Jose do Belmonte', 16),
(5369, 'Sao Jose do Egito', 16),
(5370, 'Sao Lazaro', 16),
(5371, 'Sao Lourenco da Mata', 16),
(5372, 'Sao Pedro', 16),
(5373, 'Sao Vicente', 16),
(5374, 'Sao Vicente Ferrer', 16),
(5375, 'Sapucarana', 16),
(5376, 'Saue', 16),
(5377, 'Serra Branca', 16),
(5378, 'Serra do Vento', 16),
(5379, 'Serra Talhada', 16),
(5380, 'Serrita', 16),
(5381, 'Serrolandia', 16),
(5382, 'Sertania', 16),
(5383, 'Sertaozinho de Baixo', 16),
(5384, 'Siriji', 16),
(5385, 'Sirinhaem', 16),
(5386, 'Sitio dos Nunes', 16),
(5387, 'Solidao', 16),
(5388, 'Surubim', 16),
(5389, 'Tabira', 16),
(5390, 'Tabocas', 16),
(5391, 'Tacaimbo', 16),
(5392, 'Tacaratu', 16),
(5393, 'Tamandare', 16),
(5394, 'Tamboata', 16),
(5395, 'Tapiraim', 16),
(5396, 'Taquaritinga do Norte', 16),
(5397, 'Tara', 16),
(5398, 'Tauapiranga', 16),
(5399, 'Tejucupapo', 16),
(5400, 'Terezinha', 16),
(5401, 'Terra Nova', 16),
(5402, 'Timbauba', 16),
(5403, 'Timorante', 16),
(5404, 'Toritama', 16),
(5405, 'Tracunhaem', 16),
(5406, 'Trapia', 16),
(5407, 'Tres Ladeiras', 16),
(5408, 'Trindade', 16),
(5409, 'Triunfo', 16),
(5410, 'Tupanaci', 16),
(5411, 'Tupanatinga', 16),
(5412, 'Tupaoca', 16),
(5413, 'Tuparetama', 16),
(5414, 'Umas', 16),
(5415, 'Umburetama', 16),
(5416, 'Upatininga', 16),
(5417, 'Urimama', 16),
(5418, 'Urucu-mirim', 16),
(5419, 'Urucuba', 16),
(5420, 'Vasques', 16),
(5421, 'Veneza', 16),
(5422, 'Venturosa', 16),
(5423, 'Verdejante', 16),
(5424, 'Vertente do Lerio', 16),
(5425, 'Vertentes', 16),
(5426, 'Vicencia', 16),
(5427, 'Vila Nova', 16),
(5428, 'Viracao', 16),
(5429, 'Vitoria de Santo Antao', 16),
(5430, 'Volta do Moxoto', 16),
(5431, 'Xexeu', 16),
(5432, 'Xucuru', 16),
(5433, 'Ze Gomes', 16),
(5434, 'Acaua', 17),
(5435, 'Agricolandia', 17),
(5436, 'Agua Branca', 17),
(5437, 'Alagoinha do Piaui', 17),
(5438, 'Alegrete do Piaui', 17),
(5439, 'Alto Longa', 17),
(5440, 'Altos', 17),
(5441, 'Alvorada do Gurgueia', 17),
(5442, 'Amarante', 17),
(5443, 'Angical do Piaui', 17),
(5444, 'Anisio de Abreu', 17),
(5445, 'Antonio Almeida', 17),
(5446, 'Aroazes', 17),
(5447, 'Arraial', 17),
(5448, 'Assuncao do Piaui', 17),
(5449, 'Avelino Lopes', 17),
(5450, 'Baixa Grande do Ribeiro', 17),
(5451, 'Barra D\'alcantara', 17),
(5452, 'Barras', 17),
(5453, 'Barreiras do Piaui', 17),
(5454, 'Barro Duro', 17),
(5455, 'Batalha', 17),
(5456, 'Bela Vista do Piaui', 17),
(5457, 'Belem do Piaui', 17),
(5458, 'Beneditinos', 17),
(5459, 'Bertolinia', 17),
(5460, 'Betania do Piaui', 17),
(5461, 'Boa Hora', 17),
(5462, 'Bocaina', 17),
(5463, 'Bom Jesus', 17),
(5464, 'Bom Principio do Piaui', 17),
(5465, 'Bonfim do Piaui', 17),
(5466, 'Boqueirao do Piaui', 17),
(5467, 'Brasileira', 17),
(5468, 'Brejo do Piaui', 17),
(5469, 'Buriti dos Lopes', 17),
(5470, 'Buriti dos Montes', 17),
(5471, 'Cabeceiras do Piaui', 17),
(5472, 'Cajazeiras do Piaui', 17),
(5473, 'Cajueiro da Praia', 17),
(5474, 'Caldeirao Grande do Piaui', 17),
(5475, 'Campinas do Piaui', 17),
(5476, 'Campo Alegre do Fidalgo', 17),
(5477, 'Campo Grande do Piaui', 17),
(5478, 'Campo Largo do Piaui', 17),
(5479, 'Campo Maior', 17),
(5480, 'Canavieira', 17),
(5481, 'Canto do Buriti', 17),
(5482, 'Capitao de Campos', 17),
(5483, 'Capitao Gervasio Oliveira', 17),
(5484, 'Caracol', 17),
(5485, 'Caraubas do Piaui', 17),
(5486, 'Caridade do Piaui', 17),
(5487, 'Castelo do Piaui', 17),
(5488, 'Caxingo', 17),
(5489, 'Cocal', 17),
(5490, 'Cocal de Telha', 17),
(5491, 'Cocal dos Alves', 17),
(5492, 'Coivaras', 17),
(5493, 'Colonia do Gurgueia', 17),
(5494, 'Colonia do Piaui', 17),
(5495, 'Conceicao do Caninde', 17),
(5496, 'Coronel Jose Dias', 17),
(5497, 'Corrente', 17),
(5498, 'Cristalandia do Piaui', 17),
(5499, 'Cristino Castro', 17),
(5500, 'Curimata', 17),
(5501, 'Currais', 17),
(5502, 'Curral Novo do Piaui', 17),
(5503, 'Curralinhos', 17),
(5504, 'Demerval Lobao', 17),
(5505, 'Dirceu Arcoverde', 17),
(5506, 'Dom Expedito Lopes', 17),
(5507, 'Dom Inocencio', 17),
(5508, 'Domingos Mourao', 17),
(5509, 'Elesbao Veloso', 17),
(5510, 'Eliseu Martins', 17),
(5511, 'Esperantina', 17),
(5512, 'Fartura do Piaui', 17),
(5513, 'Flores do Piaui', 17),
(5514, 'Floresta do Piaui', 17),
(5515, 'Floriano', 17),
(5516, 'Francinopolis', 17),
(5517, 'Francisco Ayres', 17),
(5518, 'Francisco Macedo', 17),
(5519, 'Francisco Santos', 17),
(5520, 'Fronteiras', 17),
(5521, 'Geminiano', 17),
(5522, 'Gilbues', 17),
(5523, 'Guadalupe', 17),
(5524, 'Guaribas', 17),
(5525, 'Hugo Napoleao', 17),
(5526, 'Ilha Grande', 17),
(5527, 'Inhuma', 17),
(5528, 'Ipiranga do Piaui', 17),
(5529, 'Isaias Coelho', 17),
(5530, 'Itainopolis', 17),
(5531, 'Itaueira', 17),
(5532, 'Jacobina do Piaui', 17),
(5533, 'Jaicos', 17),
(5534, 'Jardim do Mulato', 17),
(5535, 'Jatoba do Piaui', 17),
(5536, 'Jerumenha', 17),
(5537, 'Joao Costa', 17),
(5538, 'Joaquim Pires', 17),
(5539, 'Joca Marques', 17),
(5540, 'Jose de Freitas', 17),
(5541, 'Juazeiro do Piaui', 17),
(5542, 'Julio Borges', 17),
(5543, 'Jurema', 17),
(5544, 'Lagoa Alegre', 17),
(5545, 'Lagoa de Sao Francisco', 17),
(5546, 'Lagoa do Barro do Piaui', 17),
(5547, 'Lagoa do Piaui', 17),
(5548, 'Lagoa do Sitio', 17),
(5549, 'Lagoinha do Piaui', 17),
(5550, 'Landri Sales', 17),
(5551, 'Luis Correia', 17),
(5552, 'Luzilandia', 17),
(5553, 'Madeiro', 17),
(5554, 'Manoel Emidio', 17),
(5555, 'Marcolandia', 17),
(5556, 'Marcos Parente', 17),
(5557, 'Massape do Piaui', 17),
(5558, 'Matias Olimpio', 17),
(5559, 'Miguel Alves', 17),
(5560, 'Miguel Leao', 17),
(5561, 'Milton Brandao', 17),
(5562, 'Monsenhor Gil', 17),
(5563, 'Monsenhor Hipolito', 17),
(5564, 'Monte Alegre do Piaui', 17),
(5565, 'Morro Cabeca No Tempo', 17),
(5566, 'Morro do Chapeu do Piaui', 17),
(5567, 'Murici dos Portelas', 17),
(5568, 'Nazare do Piaui', 17),
(5569, 'Nossa Senhora de Nazare', 17),
(5570, 'Nossa Senhora dos Remedios', 17),
(5571, 'Nova Santa Rita', 17),
(5572, 'Novo Nilo', 17),
(5573, 'Novo Oriente do Piaui', 17),
(5574, 'Novo Santo Antonio', 17),
(5575, 'Oeiras', 17),
(5576, 'Olho D\'agua Do Piaui', 17),
(5577, 'Padre Marcos', 17),
(5578, 'Paes Landim', 17),
(5579, 'Pajeu do Piaui', 17),
(5580, 'Palmeira do Piaui', 17),
(5581, 'Palmeirais', 17),
(5582, 'Paqueta', 17),
(5583, 'Parnagua', 17),
(5584, 'Parnaiba', 17),
(5585, 'Passagem Franca do Piaui', 17),
(5586, 'Patos do Piaui', 17),
(5587, 'Paulistana', 17),
(5588, 'Pavussu', 17),
(5589, 'Pedro Ii', 17),
(5590, 'Pedro Laurentino', 17),
(5591, 'Picos', 17),
(5592, 'Pimenteiras', 17),
(5593, 'Pio Ix', 17),
(5594, 'Piracuruca', 17),
(5595, 'Piripiri', 17),
(5596, 'Porto', 17),
(5597, 'Porto Alegre do Piaui', 17),
(5598, 'Prata do Piaui', 17),
(5599, 'Queimada Nova', 17),
(5600, 'Redencao do Gurgueia', 17),
(5601, 'Regeneracao', 17),
(5602, 'Riacho Frio', 17),
(5603, 'Ribeira do Piaui', 17),
(5604, 'Ribeiro Goncalves', 17),
(5605, 'Rio Grande do Piaui', 17),
(5606, 'Santa Cruz do Piaui', 17),
(5607, 'Santa Cruz dos Milagres', 17),
(5608, 'Santa Filomena', 17),
(5609, 'Santa Luz', 17),
(5610, 'Santa Rosa do Piaui', 17),
(5611, 'Santana do Piaui', 17),
(5612, 'Santo Antonio de Lisboa', 17),
(5613, 'Santo Antonio dos Milagres', 17),
(5614, 'Santo Inacio do Piaui', 17),
(5615, 'Sao Braz do Piaui', 17),
(5616, 'Sao Felix do Piaui', 17),
(5617, 'Sao Francisco de Assis do Piaui', 17),
(5618, 'Sao Francisco do Piaui', 17),
(5619, 'Sao Goncalo do Gurgueia', 17),
(5620, 'Sao Goncalo do Piaui', 17),
(5621, 'Sao Joao da Canabrava', 17),
(5622, 'Sao Joao da Fronteira', 17),
(5623, 'Sao Joao da Serra', 17),
(5624, 'Sao Joao da Varjota', 17),
(5625, 'Sao Joao do Arraial', 17),
(5626, 'Sao Joao do Piaui', 17),
(5627, 'Sao Jose do Divino', 17),
(5628, 'Sao Jose do Peixe', 17),
(5629, 'Sao Jose do Piaui', 17),
(5630, 'Sao Juliao', 17),
(5631, 'Sao Lourenco do Piaui', 17),
(5632, 'Sao Luis do Piaui', 17),
(5633, 'Sao Miguel da Baixa Grande', 17),
(5634, 'Sao Miguel do Fidalgo', 17),
(5635, 'Sao Miguel do Tapuio', 17),
(5636, 'Sao Pedro do Piaui', 17),
(5637, 'Sao Raimundo Nonato', 17),
(5638, 'Sebastiao Barros', 17),
(5639, 'Sebastiao Leal', 17),
(5640, 'Sigefredo Pacheco', 17),
(5641, 'Simoes', 17),
(5642, 'Simplicio Mendes', 17),
(5643, 'Socorro do Piaui', 17),
(5644, 'Sussuapara', 17),
(5645, 'Tamboril do Piaui', 17),
(5646, 'Tanque do Piaui', 17),
(5647, 'Teresina', 17),
(5648, 'Uniao', 17),
(5649, 'Urucui', 17),
(5650, 'Valenca do Piaui', 17),
(5651, 'Varzea Branca', 17),
(5652, 'Varzea Grande', 17),
(5653, 'Vera Mendes', 17),
(5654, 'Vila Nova do Piaui', 17),
(5655, 'Wall Ferraz', 17),
(5656, 'Abapa', 18),
(5657, 'Abatia', 18),
(5658, 'Acampamento das Minas', 18),
(5659, 'Acungui', 18),
(5660, 'Adhemar de Barros', 18),
(5661, 'Adrianopolis', 18),
(5662, 'Agostinho', 18),
(5663, 'Agua Azul', 18),
(5664, 'Agua Boa', 18),
(5665, 'Agua Branca', 18),
(5666, 'Agua do Boi', 18),
(5667, 'Agua Mineral', 18),
(5668, 'Agua Vermelha', 18),
(5669, 'Agudos do Sul', 18),
(5670, 'Alecrim', 18),
(5671, 'Alexandra', 18),
(5672, 'Almirante Tamandare', 18),
(5673, 'Altamira do Parana', 18),
(5674, 'Altaneira', 18),
(5675, 'Alto Alegre', 18),
(5676, 'Alto Alegre do Iguacu', 18),
(5677, 'Alto Amparo', 18),
(5678, 'Alto do Amparo', 18),
(5679, 'Alto Para', 18),
(5680, 'Alto Parana', 18),
(5681, 'Alto Piquiri', 18),
(5682, 'Alto Pora', 18),
(5683, 'Alto Sabia', 18),
(5684, 'Alto Santa Fe', 18),
(5685, 'Alto Sao Joao', 18),
(5686, 'Altonia', 18),
(5687, 'Alvorada do Iguacu', 18),
(5688, 'Alvorada do Sul', 18),
(5689, 'Amapora', 18),
(5690, 'Amorinha', 18),
(5691, 'Ampere', 18),
(5692, 'Anahy', 18),
(5693, 'Andira', 18),
(5694, 'Andorinhas', 18),
(5695, 'Angai', 18),
(5696, 'Angulo', 18),
(5697, 'Antas', 18),
(5698, 'Antonina', 18),
(5699, 'Antonio Brandao de Oliveira', 18),
(5700, 'Antonio Olinto', 18),
(5701, 'Anunciacao', 18),
(5702, 'Aparecida do Oeste', 18),
(5703, 'Apiaba', 18),
(5704, 'Apucarana', 18),
(5705, 'Aquidaban', 18),
(5706, 'Aranha', 18),
(5707, 'Arapongas', 18),
(5708, 'Arapoti', 18),
(5709, 'Arapua', 18),
(5710, 'Arapuan', 18),
(5711, 'Ararapira', 18),
(5712, 'Araruna', 18),
(5713, 'Araucaria', 18),
(5714, 'Areia Branca dos Assis', 18),
(5715, 'Areias', 18),
(5716, 'Aricanduva', 18),
(5717, 'Ariranha do Ivai', 18),
(5718, 'Aroeira', 18),
(5719, 'Arquimedes', 18),
(5720, 'Assai', 18),
(5721, 'Assis Chateaubriand', 18),
(5722, 'Astorga', 18),
(5723, 'Atalaia', 18),
(5724, 'Aurora do Iguacu', 18),
(5725, 'Bairro Cachoeira', 18),
(5726, 'Bairro do Felisberto', 18),
(5727, 'Bairro Limoeiro', 18),
(5728, 'Balsa Nova', 18),
(5729, 'Bandeirantes', 18),
(5730, 'Bandeirantes D\'oeste', 18),
(5731, 'Banhado', 18),
(5732, 'Barao de Lucena', 18),
(5733, 'Barbosa Ferraz', 18),
(5734, 'Barra Bonita', 18),
(5735, 'Barra do Jacare', 18),
(5736, 'Barra Grande', 18),
(5737, 'Barra Mansa', 18),
(5738, 'Barra Santa Salete', 18),
(5739, 'Barracao', 18),
(5740, 'Barras', 18),
(5741, 'Barreiro', 18),
(5742, 'Barreiro das Frutas', 18),
(5743, 'Barreiros', 18),
(5744, 'Barrinha', 18),
(5745, 'Barro Preto', 18),
(5746, 'Bateias', 18),
(5747, 'Baulandia', 18),
(5748, 'Bela Vista', 18),
(5749, 'Bela Vista do Caroba', 18),
(5750, 'Bela Vista do Ivai', 18),
(5751, 'Bela Vista do Paraiso', 18),
(5752, 'Bela Vista do Piquiri', 18),
(5753, 'Bela Vista do Tapiracui', 18),
(5754, 'Bentopolis', 18),
(5755, 'Bernardelli', 18),
(5756, 'Betaras', 18),
(5757, 'Bituruna', 18),
(5758, 'Boa Esperanca', 18),
(5759, 'Boa Esperanca do Iguacu', 18),
(5760, 'Boa Ventura de Sao Roque', 18),
(5761, 'Boa Vista', 18),
(5762, 'Boa Vista da Aparecida', 18),
(5763, 'Bocaina', 18),
(5764, 'Bocaiuva do Sul', 18),
(5765, 'Bom Jardim do Sul', 18),
(5766, 'Bom Jesus do Sul', 18),
(5767, 'Bom Progresso', 18),
(5768, 'Bom Retiro', 18),
(5769, 'Bom Sucesso', 18),
(5770, 'Bom Sucesso do Sul', 18),
(5771, 'Borda do Campo', 18),
(5772, 'Borda do Campo de Sao Sebastiao', 18),
(5773, 'Borman', 18),
(5774, 'Borrazopolis', 18),
(5775, 'Botuquara', 18),
(5776, 'Bourbonia', 18),
(5777, 'Braganey', 18),
(5778, 'Bragantina', 18),
(5779, 'Brasilandia do Sul', 18),
(5780, 'Bugre', 18),
(5781, 'Bulcao', 18),
(5782, 'Cabrito', 18),
(5783, 'Cacatu', 18),
(5784, 'Cachoeira', 18),
(5785, 'Cachoeira de Cima', 18),
(5786, 'Cachoeira de Sao Jose', 18),
(5787, 'Cachoeira do Espirito Santo', 18),
(5788, 'Cachoeirinha', 18),
(5789, 'Cadeadinho', 18),
(5790, 'Caetano Mendes', 18),
(5791, 'Cafeara', 18),
(5792, 'Cafeeiros', 18),
(5793, 'Cafelandia', 18),
(5794, 'Cafezal do Sul', 18),
(5795, 'Caita', 18),
(5796, 'Caixa Prego', 18),
(5797, 'California', 18),
(5798, 'Calogeras', 18),
(5799, 'Cambara', 18),
(5800, 'Cambe', 18),
(5801, 'Cambiju', 18),
(5802, 'Cambira', 18),
(5803, 'Campestrinho', 18),
(5804, 'Campina', 18),
(5805, 'Campina da Lagoa', 18),
(5806, 'Campina do Miranguava', 18),
(5807, 'Campina do Simao', 18),
(5808, 'Campina dos Furtados', 18),
(5809, 'Campina Grande do Sul', 18),
(5810, 'Campinas', 18),
(5811, 'Campo Bonito', 18),
(5812, 'Campo do Meio', 18),
(5813, 'Campo do Tenente', 18),
(5814, 'Campo Largo', 18),
(5815, 'Campo Largo da Roseira', 18),
(5816, 'Campo Magro', 18),
(5817, 'Campo Mourao', 18),
(5818, 'Candido de Abreu', 18),
(5819, 'Candoi', 18),
(5820, 'Canela', 18),
(5821, 'Cantagalo', 18),
(5822, 'Canzianopolis', 18),
(5823, 'Capanema', 18),
(5824, 'Capao Alto', 18),
(5825, 'Capao Bonito', 18),
(5826, 'Capao da Lagoa', 18),
(5827, 'Capao Grande', 18),
(5828, 'Capao Rico', 18),
(5829, 'Capitao Leonidas Marques', 18),
(5830, 'Capivara', 18),
(5831, 'Capoeirinha', 18),
(5832, 'Cara Pintado', 18),
(5833, 'Cara-cara', 18),
(5834, 'Caraja', 18),
(5835, 'Carambei', 18),
(5836, 'Caramuru', 18),
(5837, 'Caratuva', 18),
(5838, 'Carazinho', 18),
(5839, 'Carbonera', 18),
(5840, 'Carlopolis', 18),
(5841, 'Casa Nova', 18),
(5842, 'Cascatinha', 18),
(5843, 'Cascavel', 18),
(5844, 'Castro', 18),
(5845, 'Catanduvas', 18),
(5846, 'Catanduvas do Sul', 18),
(5847, 'Catarinenses', 18),
(5848, 'Caxambu', 18),
(5849, 'Cedro', 18),
(5850, 'Centenario', 18),
(5851, 'Centenario do Sul', 18),
(5852, 'Central Lupion', 18),
(5853, 'Centralito', 18),
(5854, 'Centro Novo', 18),
(5855, 'Cerne', 18),
(5856, 'Cerrado Grande', 18),
(5857, 'Cerro Azul', 18),
(5858, 'Cerro Velho', 18),
(5859, 'Ceu Azul', 18),
(5860, 'Chopinzinho', 18),
(5861, 'Cianorte', 18),
(5862, 'Cidade Gaucha', 18),
(5863, 'Cintra Pimentel', 18),
(5864, 'Clevelandia', 18),
(5865, 'Coitinho', 18),
(5866, 'Colombo', 18),
(5867, 'Colonia Acioli', 18),
(5868, 'Colonia Castelhanos', 18),
(5869, 'Colonia Castrolanda', 18),
(5870, 'Colonia Centenario', 18),
(5871, 'Colonia Cristina', 18),
(5872, 'Colonia Dom Carlos', 18),
(5873, 'Colonia Esperanca', 18),
(5874, 'Colonia General Carneiro', 18),
(5875, 'Colonia Iapo', 18),
(5876, 'Colonia Melissa', 18),
(5877, 'Colonia Murici', 18),
(5878, 'Colonia Padre Paulo', 18),
(5879, 'Colonia Pereira', 18),
(5880, 'Colonia Santos Andrade', 18),
(5881, 'Colonia Sao Jose', 18),
(5882, 'Colonia Sapucai', 18),
(5883, 'Colonia Saude', 18),
(5884, 'Colonia Tapera', 18),
(5885, 'Colorado', 18),
(5886, 'Comur', 18),
(5887, 'Conceicao', 18),
(5888, 'Conchas Velhas', 18),
(5889, 'Conciolandia', 18),
(5890, 'Congonhas', 18),
(5891, 'Congonhinhas', 18),
(5892, 'Conselheiro Mairinck', 18),
(5893, 'Conselheiro Zacarias', 18),
(5894, 'Contenda', 18),
(5895, 'Copacabana do Norte', 18),
(5896, 'Corbelia', 18),
(5897, 'Cornelio Procopio', 18),
(5898, 'Coronel Domingos Soares', 18),
(5899, 'Coronel Firmino Martins', 18),
(5900, 'Coronel Vivida', 18),
(5901, 'Correia de Freitas', 18),
(5902, 'Corumbatai do Sul', 18),
(5903, 'Corvo', 18),
(5904, 'Costeira', 18),
(5905, 'Covo', 18),
(5906, 'Coxilha Rica', 18),
(5907, 'Cristo Rei', 18),
(5908, 'Cruz Machado', 18),
(5909, 'Cruzeiro do Iguacu', 18),
(5910, 'Cruzeiro do Norte', 18),
(5911, 'Cruzeiro do Oeste', 18),
(5912, 'Cruzeiro do Sul', 18),
(5913, 'Cruzmaltina', 18),
(5914, 'Cunhaporanga', 18),
(5915, 'Curitiba', 18),
(5916, 'Curiuva', 18),
(5917, 'Curucaca', 18),
(5918, 'Deputado Jose Afonso', 18),
(5919, 'Despique', 18),
(5920, 'Despraiado', 18),
(5921, 'Dez de Maio', 18),
(5922, 'Diamante', 18),
(5923, 'Diamante D\'oeste', 18),
(5924, 'Diamante do Norte', 18),
(5925, 'Diamante do Sul', 18),
(5926, 'Doce Grande', 18),
(5927, 'Dois Irmaos', 18),
(5928, 'Dois Marcos', 18),
(5929, 'Dois Vizinhos', 18),
(5930, 'Dom Rodrigo', 18),
(5931, 'Dorizon', 18),
(5932, 'Douradina', 18),
(5933, 'Doutor Antonio Paranhos', 18),
(5934, 'Doutor Camargo', 18),
(5935, 'Doutor Ernesto', 18),
(5936, 'Doutor Oliveira Castro', 18),
(5937, 'Doutor Ulysses', 18),
(5938, 'Eduardo Xavier da Silva', 18),
(5939, 'Emboguacu', 18),
(5940, 'Emboque', 18),
(5941, 'Encantado D\'oeste', 18),
(5942, 'Encruzilhada', 18),
(5943, 'Eneas Marques', 18),
(5944, 'Engenheiro Beltrao', 18),
(5945, 'Entre Rios', 18),
(5946, 'Entre Rios do Oeste', 18),
(5947, 'Esperanca do Norte', 18),
(5948, 'Esperanca Nova', 18),
(5949, 'Espigao Alto do Iguacu', 18),
(5950, 'Espirito Santo', 18),
(5951, 'Estacao General Lucio', 18),
(5952, 'Estacao Roca Nova', 18),
(5953, 'Europa', 18),
(5954, 'Euzebio de Oliveira', 18),
(5955, 'Faisqueira', 18),
(5956, 'Farol', 18),
(5957, 'Faxina', 18),
(5958, 'Faxinal', 18),
(5959, 'Faxinal do Ceu', 18),
(5960, 'Faxinal dos Elias', 18),
(5961, 'Faxinal Santa Cruz', 18),
(5962, 'Fazenda do Brigadeiro', 18),
(5963, 'Fazenda dos Barbosas', 18),
(5964, 'Fazenda Jangada', 18),
(5965, 'Fazenda Rio Grande', 18),
(5966, 'Fazenda Salmo Null', 18),
(5967, 'Fazendinha', 18),
(5968, 'Felpudo', 18),
(5969, 'Fenix', 18),
(5970, 'Fernandes Pinheiro', 18),
(5971, 'Fernao Dias', 18),
(5972, 'Ferraria', 18),
(5973, 'Ferreiras', 18),
(5974, 'Figueira', 18),
(5975, 'Figueira do Oeste', 18),
(5976, 'Fiusas', 18),
(5977, 'Flor da Serra', 18),
(5978, 'Flor da Serra do Sul', 18),
(5979, 'Florai', 18),
(5980, 'Floresta', 18),
(5981, 'Florestopolis', 18),
(5982, 'Floriano', 18),
(5983, 'Florida', 18),
(5984, 'Floropolis', 18),
(5985, 'Fluviopolis', 18),
(5986, 'Formigone', 18),
(5987, 'Formosa do Oeste', 18),
(5988, 'Foz do Iguacu', 18),
(5989, 'Foz do Jordao', 18),
(5990, 'Francisco Alves', 18),
(5991, 'Francisco Beltrao', 18),
(5992, 'Francisco Frederico Teixeira Guimaraes', 18),
(5993, 'Frei Timoteo', 18),
(5994, 'Fueros', 18),
(5995, 'Fundao', 18),
(5996, 'Gamadinho', 18),
(5997, 'Gamela', 18),
(5998, 'Gaucha', 18),
(5999, 'Gaviao', 18),
(6000, 'General Carneiro', 18),
(6001, 'General Osorio', 18),
(6002, 'Geremia Lunardelli', 18),
(6003, 'Godoy Moreira', 18),
(6004, 'Goioere', 18),
(6005, 'Goioxim', 18),
(6006, 'Gois', 18),
(6007, 'Goncalves Junior', 18),
(6008, 'Graciosa', 18),
(6009, 'Grandes Rios', 18),
(6010, 'Guaipora', 18),
(6011, 'Guaira', 18),
(6012, 'Guairaca', 18),
(6013, 'Guajuvira', 18),
(6014, 'Guamiranga', 18),
(6015, 'Guamirim', 18),
(6016, 'Guapirama', 18),
(6017, 'Guapore', 18),
(6018, 'Guaporema', 18),
(6019, 'Guara', 18);
INSERT INTO `bsc_cidade` (`id`, `nome`, `estado_id`) VALUES
(6020, 'Guaraci', 18),
(6021, 'Guaragi', 18),
(6022, 'Guaraituba', 18),
(6023, 'Guarani', 18),
(6024, 'Guaraniacu', 18),
(6025, 'Guarapuava', 18),
(6026, 'Guarapuavinha', 18),
(6027, 'Guaraquecaba', 18),
(6028, 'Guararema', 18),
(6029, 'Guaratuba', 18),
(6030, 'Guarauna', 18),
(6031, 'Guaravera', 18),
(6032, 'Guardamoria', 18),
(6033, 'Harmonia', 18),
(6034, 'Herculandia', 18),
(6035, 'Herval Grande', 18),
(6036, 'Herveira', 18),
(6037, 'Hidreletrica Itaipu', 18),
(6038, 'Honorio Serpa', 18),
(6039, 'Iarama', 18),
(6040, 'Ibaiti', 18),
(6041, 'Ibema', 18),
(6042, 'Ibiaci', 18),
(6043, 'Ibipora', 18),
(6044, 'Icara', 18),
(6045, 'Icaraima', 18),
(6046, 'Icatu', 18),
(6047, 'Igrejinha', 18),
(6048, 'Iguaracu', 18),
(6049, 'Iguatemi', 18),
(6050, 'Iguatu', 18),
(6051, 'Iguipora', 18),
(6052, 'Ilha do Mel', 18),
(6053, 'Ilha dos Valadares', 18),
(6054, 'Imbau', 18),
(6055, 'Imbauzinho', 18),
(6056, 'Imbituva', 18),
(6057, 'Inacio Martins', 18),
(6058, 'Inaja', 18),
(6059, 'Independencia', 18),
(6060, 'Indianopolis', 18),
(6061, 'Inspetor Carvalho', 18),
(6062, 'Invernada', 18),
(6063, 'Invernadinha', 18),
(6064, 'Iolopolis', 18),
(6065, 'Ipiranga', 18),
(6066, 'Ipora', 18),
(6067, 'Iracema do Oeste', 18),
(6068, 'Irapuan', 18),
(6069, 'Irati', 18),
(6070, 'Irere', 18),
(6071, 'Iretama', 18),
(6072, 'Itaguaje', 18),
(6073, 'Itaiacoca', 18),
(6074, 'Itaipulandia', 18),
(6075, 'Itambaraca', 18),
(6076, 'Itambe', 18),
(6077, 'Itapanhacanga', 18),
(6078, 'Itapara', 18),
(6079, 'Itapejara D\'oeste', 18),
(6080, 'Itaperucu', 18),
(6081, 'Itaqui', 18),
(6082, 'Itauna do Sul', 18),
(6083, 'Itinga', 18),
(6084, 'Ivai', 18),
(6085, 'Ivailandia', 18),
(6086, 'Ivaipora', 18),
(6087, 'Ivaitinga', 18),
(6088, 'Ivate', 18),
(6089, 'Ivatuba', 18),
(6090, 'Jaborandi', 18),
(6091, 'Jaboti', 18),
(6092, 'Jaboticabal', 18),
(6093, 'Jaburu', 18),
(6094, 'Jacare', 18),
(6095, 'Jacarezinho', 18),
(6096, 'Jaciaba', 18),
(6097, 'Jacutinga', 18),
(6098, 'Jaguapita', 18),
(6099, 'Jaguariaiva', 18),
(6100, 'Jandaia do Sul', 18),
(6101, 'Jangada', 18),
(6102, 'Jangada do Sul', 18),
(6103, 'Janiopolis', 18),
(6104, 'Japira', 18),
(6105, 'Japura', 18),
(6106, 'Jaracatia', 18),
(6107, 'Jardim', 18),
(6108, 'Jardim Alegre', 18),
(6109, 'Jardim Olinda', 18),
(6110, 'Jardim Paredao', 18),
(6111, 'Jardim Paulista', 18),
(6112, 'Jardinopolis', 18),
(6113, 'Jataizinho', 18),
(6114, 'Javacae', 18),
(6115, 'Jesuitas', 18),
(6116, 'Joa', 18),
(6117, 'Joaquim Tavora', 18),
(6118, 'Jordaozinho', 18),
(6119, 'Jose Lacerda', 18),
(6120, 'Juciara', 18),
(6121, 'Jundiai do Sul', 18),
(6122, 'Juranda', 18),
(6123, 'Jussara', 18),
(6124, 'Juvinopolis', 18),
(6125, 'Kalore', 18),
(6126, 'Km Null', 18),
(6127, 'Lagoa', 18),
(6128, 'Lagoa Bonita', 18),
(6129, 'Lagoa dos Ribas', 18),
(6130, 'Lagoa Dourada', 18),
(6131, 'Lagoa Seca', 18),
(6132, 'Lagoa Verde', 18),
(6133, 'Lagoinha', 18),
(6134, 'Lajeado', 18),
(6135, 'Lajeado Bonito', 18),
(6136, 'Lajeado Grande', 18),
(6137, 'Lambari', 18),
(6138, 'Lapa', 18),
(6139, 'Laranja Azeda', 18),
(6140, 'Laranjal', 18),
(6141, 'Laranjeiras do Sul', 18),
(6142, 'Lavra', 18),
(6143, 'Lavrinha', 18),
(6144, 'Leopolis', 18),
(6145, 'Lerroville', 18),
(6146, 'Lidianopolis', 18),
(6147, 'Lindoeste', 18),
(6148, 'Linha Giacomini', 18),
(6149, 'Loanda', 18),
(6150, 'Lobato', 18),
(6151, 'Londrina', 18),
(6152, 'Lopei', 18),
(6153, 'Lovat', 18),
(6154, 'Luar', 18),
(6155, 'Luiziana', 18),
(6156, 'Lunardelli', 18),
(6157, 'Lupionopolis', 18),
(6158, 'Macaco', 18),
(6159, 'Macucos', 18),
(6160, 'Maira', 18),
(6161, 'Maita', 18),
(6162, 'Mallet', 18),
(6163, 'Malu', 18),
(6164, 'Mambore', 18),
(6165, 'Mandacaia', 18),
(6166, 'Mandaguacu', 18),
(6167, 'Mandaguari', 18),
(6168, 'Mandiocaba', 18),
(6169, 'Mandirituba', 18),
(6170, 'Manfrinopolis', 18),
(6171, 'Mangueirinha', 18),
(6172, 'Manoel Ribas', 18),
(6173, 'Maraba', 18),
(6174, 'Maracana', 18),
(6175, 'Marajo', 18),
(6176, 'Maravilha', 18),
(6177, 'Marcelino', 18),
(6178, 'Marcionopolis', 18),
(6179, 'Marechal Candido Rondon', 18),
(6180, 'Margarida', 18),
(6181, 'Maria Helena', 18),
(6182, 'Maria Luiza', 18),
(6183, 'Marialva', 18),
(6184, 'Mariental', 18),
(6185, 'Marilandia do Sul', 18),
(6186, 'Marilena', 18),
(6187, 'Marilu', 18),
(6188, 'Mariluz', 18),
(6189, 'Marimbondo', 18),
(6190, 'Maringa', 18),
(6191, 'Mariopolis', 18),
(6192, 'Maripa', 18),
(6193, 'Maristela', 18),
(6194, 'Mariza', 18),
(6195, 'Marmelandia', 18),
(6196, 'Marmeleiro', 18),
(6197, 'Marques de Abrantes', 18),
(6198, 'Marquinho', 18),
(6199, 'Marrecas', 18),
(6200, 'Martins', 18),
(6201, 'Marumbi', 18),
(6202, 'Matelandia', 18),
(6203, 'Matinhos', 18),
(6204, 'Mato Queimado', 18),
(6205, 'Mato Rico', 18),
(6206, 'Maua da Serra', 18),
(6207, 'Medianeira', 18),
(6208, 'Meia-lua', 18),
(6209, 'Memoria', 18),
(6210, 'Mendeslandia', 18),
(6211, 'Mercedes', 18),
(6212, 'Mirador', 18),
(6213, 'Miranda', 18),
(6214, 'Mirante do Piquiri', 18),
(6215, 'Miraselva', 18),
(6216, 'Missal', 18),
(6217, 'Monjolinho', 18),
(6218, 'Monte Real', 18),
(6219, 'Moreira Sales', 18),
(6220, 'Morretes', 18),
(6221, 'Morro Alto', 18),
(6222, 'Morro Ingles', 18),
(6223, 'Munhoz de Melo', 18),
(6224, 'Natingui', 18),
(6225, 'Nilza', 18),
(6226, 'Nordestina', 18),
(6227, 'Nossa Senhora Aparecida', 18),
(6228, 'Nossa Senhora da Aparecida', 18),
(6229, 'Nossa Senhora da Candelaria', 18),
(6230, 'Nossa Senhora das Gracas', 18),
(6231, 'Nossa Senhora de Lourdes', 18),
(6232, 'Nossa Senhora do Carmo', 18),
(6233, 'Nova Alianca do Ivai', 18),
(6234, 'Nova Altamira', 18),
(6235, 'Nova America da Colina', 18),
(6236, 'Nova Amoreira', 18),
(6237, 'Nova Aurora', 18),
(6238, 'Nova Bilac', 18),
(6239, 'Nova Brasilia', 18),
(6240, 'Nova Brasilia do Itarare', 18),
(6241, 'Nova Cantu', 18),
(6242, 'Nova Concordia', 18),
(6243, 'Nova Esperanca', 18),
(6244, 'Nova Esperanca do Sudoeste', 18),
(6245, 'Nova Fatima', 18),
(6246, 'Nova Laranjeiras', 18),
(6247, 'Nova Londrina', 18),
(6248, 'Nova Lourdes', 18),
(6249, 'Nova Olimpia', 18),
(6250, 'Nova Prata do Iguacu', 18),
(6251, 'Nova Riqueza', 18),
(6252, 'Nova Santa Barbara', 18),
(6253, 'Nova Santa Rosa', 18),
(6254, 'Nova Tebas', 18),
(6255, 'Nova Tirol', 18),
(6256, 'Nova Videira', 18),
(6257, 'Novo Horizonte', 18),
(6258, 'Novo Itacolomi', 18),
(6259, 'Novo Jardim', 18),
(6260, 'Novo Sarandi', 18),
(6261, 'Novo Sobradinho', 18),
(6262, 'Novo Tres Passos', 18),
(6263, 'Olaria', 18),
(6264, 'Olho Agudo', 18),
(6265, 'Olho D\'agua', 18),
(6266, 'Oroite', 18),
(6267, 'Ortigueira', 18),
(6268, 'Ourilandia', 18),
(6269, 'Ourizona', 18),
(6270, 'Ouro Verde do Oeste', 18),
(6271, 'Ouro Verde do Piquiri', 18),
(6272, 'Padre Ponciano', 18),
(6273, 'Paicandu', 18),
(6274, 'Paiol de Baixo', 18),
(6275, 'Paiol Queimado', 18),
(6276, 'Paiquere', 18),
(6277, 'Palmas', 18),
(6278, 'Palmeira', 18),
(6279, 'Palmeirinha', 18),
(6280, 'Palmira', 18),
(6281, 'Palmital', 18),
(6282, 'Palmital de Sao Silvestre', 18),
(6283, 'Palmitopolis', 18),
(6284, 'Palotina', 18),
(6285, 'Panema', 18),
(6286, 'Pangare', 18),
(6287, 'Papagaios Novos', 18),
(6288, 'Paraiso do Norte', 18),
(6289, 'Parana D\'oeste', 18),
(6290, 'Paranacity', 18),
(6291, 'Paranagi', 18),
(6292, 'Paranagua', 18),
(6293, 'Paranapoema', 18),
(6294, 'Paranavai', 18),
(6295, 'Passa Una', 18),
(6296, 'Passo da Ilha', 18),
(6297, 'Passo dos Pupos', 18),
(6298, 'Passo Fundo', 18),
(6299, 'Passo Liso', 18),
(6300, 'Pato Bragado', 18),
(6301, 'Pato Branco', 18),
(6302, 'Patos Velhos', 18),
(6303, 'Pau D\'alho Do Sul', 18),
(6304, 'Paula Freitas', 18),
(6305, 'Paulistania', 18),
(6306, 'Paulo Frontin', 18),
(6307, 'Peabiru', 18),
(6308, 'Pedra Branca do Araraquara', 18),
(6309, 'Pedras', 18),
(6310, 'Pedro Lustosa', 18),
(6311, 'Pelado', 18),
(6312, 'Perobal', 18),
(6313, 'Perola', 18),
(6314, 'Perola do Oeste', 18),
(6315, 'Perola Independente', 18),
(6316, 'Piassuguera', 18),
(6317, 'Pien', 18),
(6318, 'Pinare', 18),
(6319, 'Pinhais', 18),
(6320, 'Pinhal do Sao Bento', 18),
(6321, 'Pinhal Preto', 18),
(6322, 'Pinhalao', 18),
(6323, 'Pinhalzinho', 18),
(6324, 'Pinhao', 18),
(6325, 'Pinheiro', 18),
(6326, 'Piquirivai', 18),
(6327, 'Piracema', 18),
(6328, 'Pirai do Sul', 18),
(6329, 'Pirapo', 18),
(6330, 'Piraquara', 18),
(6331, 'Piriquitos', 18),
(6332, 'Pitanga', 18),
(6333, 'Pitangueiras', 18),
(6334, 'Pitangui', 18),
(6335, 'Planaltina do Parana', 18),
(6336, 'Planalto', 18),
(6337, 'Pocinho', 18),
(6338, 'Poema', 18),
(6339, 'Ponta do Pasto', 18),
(6340, 'Ponta Grossa', 18),
(6341, 'Pontal do Parana', 18),
(6342, 'Porecatu', 18),
(6343, 'Portao', 18),
(6344, 'Porteira Preta', 18),
(6345, 'Porto Amazonas', 18),
(6346, 'Porto Barreiro', 18),
(6347, 'Porto Belo', 18),
(6348, 'Porto Brasilio', 18),
(6349, 'Porto Camargo', 18),
(6350, 'Porto de Cima', 18),
(6351, 'Porto Meira', 18),
(6352, 'Porto Mendes', 18),
(6353, 'Porto Rico', 18),
(6354, 'Porto San Juan', 18),
(6355, 'Porto Santana', 18),
(6356, 'Porto Sao Carlos', 18),
(6357, 'Porto Sao Jose', 18),
(6358, 'Porto Vitoria', 18),
(6359, 'Prado Ferreira', 18),
(6360, 'Pranchita', 18),
(6361, 'Prata', 18),
(6362, 'Prata Um', 18),
(6363, 'Presidente Castelo Branco', 18),
(6364, 'Presidente Kennedy', 18),
(6365, 'Primeiro de Maio', 18),
(6366, 'Progresso', 18),
(6367, 'Prudentopolis', 18),
(6368, 'Pulinopolis', 18),
(6369, 'Quatigua', 18),
(6370, 'Quatro Barras', 18),
(6371, 'Quatro Pontes', 18),
(6372, 'Quebra Freio', 18),
(6373, 'Quedas do Iguacu', 18),
(6374, 'Queimados', 18),
(6375, 'Querencia do Norte', 18),
(6376, 'Quinta do Sol', 18),
(6377, 'Quinzopolis', 18),
(6378, 'Quitandinha', 18),
(6379, 'Ramilandia', 18),
(6380, 'Rancho Alegre', 18),
(6381, 'Rancho Alegre D\'oeste', 18),
(6382, 'Realeza', 18),
(6383, 'Reboucas', 18),
(6384, 'Regiao dos Valos', 18),
(6385, 'Reianopolis', 18),
(6386, 'Renascenca', 18),
(6387, 'Reserva', 18),
(6388, 'Reserva do Iguacu', 18),
(6389, 'Retiro', 18),
(6390, 'Retiro Grande', 18),
(6391, 'Ribeirao Bonito', 18),
(6392, 'Ribeirao Claro', 18),
(6393, 'Ribeirao do Pinhal', 18),
(6394, 'Ribeirao do Pinheiro', 18),
(6395, 'Rio Abaixo', 18),
(6396, 'Rio Azul', 18),
(6397, 'Rio Bom', 18),
(6398, 'Rio Bonito', 18),
(6399, 'Rio Bonito do Iguacu', 18),
(6400, 'Rio Branco do Ivai', 18),
(6401, 'Rio Branco do Sul', 18),
(6402, 'Rio Claro do Sul', 18),
(6403, 'Rio da Prata', 18),
(6404, 'Rio das Antas', 18),
(6405, 'Rio das Mortes', 18),
(6406, 'Rio das Pedras', 18),
(6407, 'Rio das Pombas', 18),
(6408, 'Rio do Mato', 18),
(6409, 'Rio do Salto', 18),
(6410, 'Rio Negro', 18),
(6411, 'Rio Novo', 18),
(6412, 'Rio Pinheiro', 18),
(6413, 'Rio Quatorze', 18),
(6414, 'Rio Saltinho', 18),
(6415, 'Rio Saudade', 18),
(6416, 'Rio Verde', 18),
(6417, 'Roberto Silveira', 18),
(6418, 'Roca Velha', 18),
(6419, 'Rolandia', 18),
(6420, 'Romeopolis', 18),
(6421, 'Roncador', 18),
(6422, 'Rondinha', 18),
(6423, 'Rondon', 18),
(6424, 'Rosario do Ivai', 18),
(6425, 'Sabaudia', 18),
(6426, 'Sagrada Familia', 18),
(6427, 'Salgado Filho', 18),
(6428, 'Salles de Oliveira', 18),
(6429, 'Saltinho do Oeste', 18),
(6430, 'Salto do Itarare', 18),
(6431, 'Salto do Lontra', 18),
(6432, 'Salto Portao', 18),
(6433, 'Samambaia', 18),
(6434, 'Santa Amelia', 18),
(6435, 'Santa Cecilia do Pavao', 18),
(6436, 'Santa Clara', 18),
(6437, 'Santa Cruz de Monte Castelo', 18),
(6438, 'Santa Eliza', 18),
(6439, 'Santa Esmeralda', 18),
(6440, 'Santa Fe', 18),
(6441, 'Santa Fe do Pirapo', 18),
(6442, 'Santa Helena', 18),
(6443, 'Santa Ines', 18),
(6444, 'Santa Isabel do Ivai', 18),
(6445, 'Santa Izabel do Oeste', 18),
(6446, 'Santa Lucia', 18),
(6447, 'Santa Lurdes', 18),
(6448, 'Santa Luzia da Alvorada', 18),
(6449, 'Santa Margarida', 18),
(6450, 'Santa Maria', 18),
(6451, 'Santa Maria do Oeste', 18),
(6452, 'Santa Maria do Rio do Peixe', 18),
(6453, 'Santa Mariana', 18),
(6454, 'Santa Monica', 18),
(6455, 'Santa Quiteria', 18),
(6456, 'Santa Rita', 18),
(6457, 'Santa Rita do Oeste', 18),
(6458, 'Santa Rosa', 18),
(6459, 'Santa Tereza do Oeste', 18),
(6460, 'Santa Terezinha de Itaipu', 18),
(6461, 'Santa Zelia', 18),
(6462, 'Santana', 18),
(6463, 'Santana do Itarare', 18),
(6464, 'Santo Antonio', 18),
(6465, 'Santo Antonio da Platina', 18),
(6466, 'Santo Antonio do Caiua', 18),
(6467, 'Santo Antonio do Iratim', 18),
(6468, 'Santo Antonio do Palmital', 18),
(6469, 'Santo Antonio do Paraiso', 18),
(6470, 'Santo Antonio do Sudoeste', 18),
(6471, 'Santo Inacio', 18),
(6472, 'Santo Rei', 18),
(6473, 'Sao Bento', 18),
(6474, 'Sao Braz', 18),
(6475, 'Sao Camilo', 18),
(6476, 'Sao Carlos do Ivai', 18),
(6477, 'Sao Cirilo', 18),
(6478, 'Sao Clemente', 18),
(6479, 'Sao Cristovao', 18),
(6480, 'Sao Domingos', 18),
(6481, 'Sao Francisco', 18),
(6482, 'Sao Francisco de Imbau', 18),
(6483, 'Sao Francisco de Sales', 18),
(6484, 'Sao Gabriel', 18),
(6485, 'Sao Gotardo', 18),
(6486, 'Sao Jeronimo da Serra', 18),
(6487, 'Sao Joao', 18),
(6488, 'Sao Joao D\'oeste', 18),
(6489, 'Sao Joao da Boa Vista', 18),
(6490, 'Sao Joao do Caiua', 18),
(6491, 'Sao Joao do Ivai', 18),
(6492, 'Sao Joao do Pinhal', 18),
(6493, 'Sao Joao do Triunfo', 18),
(6494, 'Sao Joaquim', 18),
(6495, 'Sao Joaquim do Pontal', 18),
(6496, 'Sao Jorge D\'oeste', 18),
(6497, 'Sao Jorge do Ivai', 18),
(6498, 'Sao Jorge do Patrocinio', 18),
(6499, 'Sao Jose', 18),
(6500, 'Sao Jose da Boa Vista', 18),
(6501, 'Sao Jose das Palmeiras', 18),
(6502, 'Sao Jose do Iguacu', 18),
(6503, 'Sao Jose do Itavo', 18),
(6504, 'Sao Jose do Ivai', 18),
(6505, 'Sao Jose dos Pinhais', 18),
(6506, 'Sao Judas Tadeu', 18),
(6507, 'Sao Leonardo', 18),
(6508, 'Sao Lourenco', 18),
(6509, 'Sao Luiz', 18),
(6510, 'Sao Luiz do Puruna', 18),
(6511, 'Sao Manoel do Parana', 18),
(6512, 'Sao Marcos', 18),
(6513, 'Sao Martinho', 18),
(6514, 'Sao Mateus do Sul', 18),
(6515, 'Sao Miguel', 18),
(6516, 'Sao Miguel do Cambui', 18),
(6517, 'Sao Miguel do Iguacu', 18),
(6518, 'Sao Paulo', 18),
(6519, 'Sao Pedro', 18),
(6520, 'Sao Pedro do Florido', 18),
(6521, 'Sao Pedro do Iguacu', 18),
(6522, 'Sao Pedro do Ivai', 18),
(6523, 'Sao Pedro do Parana', 18),
(6524, 'Sao Pedro Lopei', 18),
(6525, 'Sao Pio X', 18),
(6526, 'Sao Roque', 18),
(6527, 'Sao Roque do Pinhal', 18),
(6528, 'Sao Salvador', 18),
(6529, 'Sao Sebastiao', 18),
(6530, 'Sao Sebastiao da Amoreira', 18),
(6531, 'Sao Silvestre', 18),
(6532, 'Sao Tome', 18),
(6533, 'Sao Valentim', 18),
(6534, 'Sao Vicente', 18),
(6535, 'Sape', 18),
(6536, 'Sapopema', 18),
(6537, 'Sarandi', 18),
(6538, 'Saudade do Iguacu', 18),
(6539, 'Sede Alvorada', 18),
(6540, 'Sede Chaparral', 18),
(6541, 'Sede Nova Sant\'ana', 18),
(6542, 'Sede Progresso', 18),
(6543, 'Selva', 18),
(6544, 'Senges', 18),
(6545, 'Senhor Bom Jesus dos Gramados', 18),
(6546, 'Serra dos Dourados', 18),
(6547, 'Serra Negra', 18),
(6548, 'Serranopolis do Iguacu', 18),
(6549, 'Serraria Klas', 18),
(6550, 'Serrinha', 18),
(6551, 'Sertaneja', 18),
(6552, 'Sertanopolis', 18),
(6553, 'Sertaozinho', 18),
(6554, 'Sete Saltos de Cima', 18),
(6555, 'Silvolandia', 18),
(6556, 'Siqueira Belo', 18),
(6557, 'Siqueira Campos', 18),
(6558, 'Socavao', 18),
(6559, 'Socorro', 18),
(6560, 'Sulina', 18),
(6561, 'Sumare', 18),
(6562, 'Sussui', 18),
(6563, 'Sutis', 18),
(6564, 'Taipa', 18),
(6565, 'Tamarana', 18),
(6566, 'Tambarutaca', 18),
(6567, 'Tamboara', 18),
(6568, 'Tanque Grande', 18),
(6569, 'Tapejara', 18),
(6570, 'Tapira', 18),
(6571, 'Tapui', 18),
(6572, 'Taquara', 18),
(6573, 'Taquari dos Polacos', 18),
(6574, 'Taquari dos Russos', 18),
(6575, 'Taquaruna', 18),
(6576, 'Teixeira Soares', 18),
(6577, 'Telemaco Borba', 18),
(6578, 'Teolandia', 18),
(6579, 'Tereza Breda', 18),
(6580, 'Tereza Cristina', 18),
(6581, 'Terra Boa', 18),
(6582, 'Terra Nova', 18),
(6583, 'Terra Rica', 18),
(6584, 'Terra Roxa', 18),
(6585, 'Tibagi', 18),
(6586, 'Tijucas do Sul', 18),
(6587, 'Tijuco Preto', 18),
(6588, 'Timbu Velho', 18),
(6589, 'Tindiquera', 18),
(6590, 'Tiradentes', 18),
(6591, 'Toledo', 18),
(6592, 'Tomaz Coelho', 18),
(6593, 'Tomazina', 18),
(6594, 'Tranqueira', 18),
(6595, 'Tres Barras do Parana', 18),
(6596, 'Tres Bicos', 18),
(6597, 'Tres Bocas', 18),
(6598, 'Tres Capoes', 18),
(6599, 'Tres Corregos', 18),
(6600, 'Tres Lagoas', 18),
(6601, 'Tres Pinheiros', 18),
(6602, 'Tres Placas', 18),
(6603, 'Triangulo', 18),
(6604, 'Trindade', 18),
(6605, 'Triolandia', 18),
(6606, 'Tronco', 18),
(6607, 'Tunas do Parana', 18),
(6608, 'Tuneiras do Oeste', 18),
(6609, 'Tupassi', 18),
(6610, 'Tupinamba', 18),
(6611, 'Turvo', 18),
(6612, 'Ubaldino Taques', 18),
(6613, 'Ubauna', 18),
(6614, 'Ubirata', 18),
(6615, 'Umuarama', 18),
(6616, 'Uniao', 18),
(6617, 'Uniao da Vitoria', 18),
(6618, 'Uniao do Oeste', 18),
(6619, 'Uniflor', 18),
(6620, 'Urai', 18),
(6621, 'Usina', 18),
(6622, 'Uvaia', 18),
(6623, 'Valentins', 18),
(6624, 'Valerio', 18),
(6625, 'Vargeado', 18),
(6626, 'Vassoural', 18),
(6627, 'Ventania', 18),
(6628, 'Vera Cruz do Oeste', 18),
(6629, 'Vera Guarani', 18),
(6630, 'Vere', 18),
(6631, 'Vida Nova', 18),
(6632, 'Vidigal', 18),
(6633, 'Vila Alta', 18),
(6634, 'Vila Diniz', 18),
(6635, 'Vila dos Roldos', 18),
(6636, 'Vila Florida', 18),
(6637, 'Vila Gandhi', 18),
(6638, 'Vila Guay', 18),
(6639, 'Vila Nova', 18),
(6640, 'Vila Nova de Florenca', 18),
(6641, 'Vila Paraiso', 18),
(6642, 'Vila Reis', 18),
(6643, 'Vila Rica do Ivai', 18),
(6644, 'Vila Roberto Brzezinski', 18),
(6645, 'Vila Silva Jardim', 18),
(6646, 'Vila Velha', 18),
(6647, 'Virmond', 18),
(6648, 'Vista Alegre', 18),
(6649, 'Vista Bonita', 18),
(6650, 'Vitoria', 18),
(6651, 'Vitorino', 18),
(6652, 'Warta', 18),
(6653, 'Wenceslau Braz', 18),
(6654, 'Xambre', 18),
(6655, 'Xaxim', 18),
(6656, 'Yolanda', 18),
(6657, 'Abarracamento', 19),
(6658, 'Abraao', 19),
(6659, 'Afonso Arinos', 19),
(6660, 'Agulhas Negras', 19),
(6661, 'Amparo', 19),
(6662, 'Andrade Pinto', 19),
(6663, 'Angra dos Reis', 19),
(6664, 'Anta', 19),
(6665, 'Aperibe', 19),
(6666, 'Araruama', 19),
(6667, 'Areal', 19),
(6668, 'Armacao de Buzios', 19),
(6669, 'Arraial do Cabo', 19),
(6670, 'Arrozal', 19),
(6671, 'Avelar', 19),
(6672, 'Bacaxa', 19),
(6673, 'Baltazar', 19),
(6674, 'Banquete', 19),
(6675, 'Barao de Juparana', 19),
(6676, 'Barcelos', 19),
(6677, 'Barra Alegre', 19),
(6678, 'Barra de Macae', 19),
(6679, 'Barra de Sao Joao', 19),
(6680, 'Barra do Pirai', 19),
(6681, 'Barra Mansa', 19),
(6682, 'Barra Seca', 19),
(6683, 'Belford Roxo', 19),
(6684, 'Bemposta', 19),
(6685, 'Boa Esperanca', 19),
(6686, 'Boa Sorte', 19),
(6687, 'Boa Ventura', 19),
(6688, 'Bom Jardim', 19),
(6689, 'Bom Jesus do Itabapoana', 19),
(6690, 'Bom Jesus do Querendo', 19),
(6691, 'Cabo Frio', 19),
(6692, 'Cabucu', 19),
(6693, 'Cachoeiras de Macacu', 19),
(6694, 'Cachoeiros', 19),
(6695, 'Calheiros', 19),
(6696, 'Cambiasca', 19),
(6697, 'Cambuci', 19),
(6698, 'Campo do Coelho', 19),
(6699, 'Campos dos Goytacazes', 19),
(6700, 'Campos Elyseos', 19),
(6701, 'Cantagalo', 19),
(6702, 'Carabucu', 19),
(6703, 'Carapebus', 19),
(6704, 'Cardoso Moreira', 19),
(6705, 'Carmo', 19),
(6706, 'Cascatinha', 19),
(6707, 'Casimiro de Abreu', 19),
(6708, 'Cava', 19),
(6709, 'Coelho da Rocha', 19),
(6710, 'Colonia', 19),
(6711, 'Comendador Levy Gasparian', 19),
(6712, 'Comendador Venancio', 19),
(6713, 'Conceicao de Jacarei', 19),
(6714, 'Conceicao de Macabu', 19),
(6715, 'Conrado', 19),
(6716, 'Conselheiro Paulino', 19),
(6717, 'Conservatoria', 19),
(6718, 'Cordeiro', 19),
(6719, 'Coroa Grande', 19),
(6720, 'Correas', 19),
(6721, 'Corrego da Prata', 19),
(6722, 'Corrego do Ouro', 19),
(6723, 'Correntezas', 19),
(6724, 'Cunhambebe', 19),
(6725, 'Dorandia', 19),
(6726, 'Dores de Macabu', 19),
(6727, 'Doutor Elias', 19),
(6728, 'Doutor Loreti', 19),
(6729, 'Duas Barras', 19),
(6730, 'Duque de Caxias', 19),
(6731, 'Engenheiro Passos', 19),
(6732, 'Engenheiro Paulo de Frontin', 19),
(6733, 'Engenheiro Pedreira', 19),
(6734, 'Estrada Nova', 19),
(6735, 'Euclidelandia', 19),
(6736, 'Falcao', 19),
(6737, 'Floriano', 19),
(6738, 'Fumaca', 19),
(6739, 'Funil', 19),
(6740, 'Gavioes', 19),
(6741, 'Getulandia', 19),
(6742, 'Glicerio', 19),
(6743, 'Goitacazes', 19),
(6744, 'Governador Portela', 19),
(6745, 'Guapimirim', 19),
(6746, 'Guia de Pacobaiba', 19),
(6747, 'Ibitiguacu', 19),
(6748, 'Ibitioca', 19),
(6749, 'Ibituporanga', 19),
(6750, 'Iguaba Grande', 19),
(6751, 'Imbarie', 19),
(6752, 'Inconfidencia', 19),
(6753, 'Inhomirim', 19),
(6754, 'Inoa', 19),
(6755, 'Ipiabas', 19),
(6756, 'Ipiiba', 19),
(6757, 'Ipuca', 19),
(6758, 'Itabapoana', 19),
(6759, 'Itaborai', 19),
(6760, 'Itacurussa', 19),
(6761, 'Itaguai', 19),
(6762, 'Itaipava', 19),
(6763, 'Itaipu', 19),
(6764, 'Itajara', 19),
(6765, 'Italva', 19),
(6766, 'Itambi', 19),
(6767, 'Itaocara', 19),
(6768, 'Itaperuna', 19),
(6769, 'Itatiaia', 19),
(6770, 'Jacuecanga', 19),
(6771, 'Jaguarembe', 19),
(6772, 'Jamapara', 19),
(6773, 'Japeri', 19),
(6774, 'Japuiba', 19),
(6775, 'Laje do Muriae', 19),
(6776, 'Laranjais', 19),
(6777, 'Lidice', 19),
(6778, 'Lumiar', 19),
(6779, 'Macabuzinho', 19),
(6780, 'Macae', 19),
(6781, 'Macuco', 19),
(6782, 'Mage', 19),
(6783, 'Mambucaba', 19),
(6784, 'Mangaratiba', 19),
(6785, 'Maniva', 19),
(6786, 'Manoel Ribeiro', 19),
(6787, 'Manuel Duarte', 19),
(6788, 'Marangatu', 19),
(6789, 'Marica', 19),
(6790, 'Mendes', 19),
(6791, 'Mesquita', 19),
(6792, 'Miguel Pereira', 19),
(6793, 'Miracema', 19),
(6794, 'Monera', 19),
(6795, 'Monjolo', 19),
(6796, 'Monte Alegre', 19),
(6797, 'Monte Verde', 19),
(6798, 'Monumento', 19),
(6799, 'Morangaba', 19),
(6800, 'Morro do Coco', 19),
(6801, 'Morro Grande', 19),
(6802, 'Mussurepe', 19),
(6803, 'Natividade', 19),
(6804, 'Neves', 19),
(6805, 'Nhunguacu', 19),
(6806, 'Nilopolis', 19),
(6807, 'Niteroi', 19),
(6808, 'Nossa Senhora da Aparecida', 19),
(6809, 'Nossa Senhora da Penha', 19),
(6810, 'Nossa Senhora do Amparo', 19),
(6811, 'Nova Friburgo', 19),
(6812, 'Nova Iguacu', 19),
(6813, 'Olinda', 19),
(6814, 'Ourania', 19),
(6815, 'Papucaia', 19),
(6816, 'Paquequer Pequeno', 19),
(6817, 'Paracambi', 19),
(6818, 'Paraiba do Sul', 19),
(6819, 'Paraiso do Tobias', 19),
(6820, 'Paraoquena', 19),
(6821, 'Parapeuna', 19),
(6822, 'Parati', 19),
(6823, 'Parati Mirim', 19),
(6824, 'Passa Tres', 19),
(6825, 'Paty do Alferes', 19),
(6826, 'Pedra Selada', 19),
(6827, 'Pedro do Rio', 19),
(6828, 'Penedo', 19),
(6829, 'Pentagna', 19),
(6830, 'Petropolis', 19),
(6831, 'Piabeta', 19),
(6832, 'Piao', 19),
(6833, 'Pinheiral', 19),
(6834, 'Pipeiras', 19),
(6835, 'Pirai', 19),
(6836, 'Pirangai', 19),
(6837, 'Pirapetinga de Bom Jesus', 19),
(6838, 'Porciuncula', 19),
(6839, 'Portela', 19),
(6840, 'Porto das Caixas', 19),
(6841, 'Porto Real', 19),
(6842, 'Porto Velho do Cunha', 19),
(6843, 'Posse', 19),
(6844, 'Praia de Aracatiba', 19),
(6845, 'Pureza', 19),
(6846, 'Purilandia', 19),
(6847, 'Quarteis', 19),
(6848, 'Quatis', 19),
(6849, 'Queimados', 19),
(6850, 'Quissama', 19),
(6851, 'Raposo', 19),
(6852, 'Renascenca', 19),
(6853, 'Resende', 19),
(6854, 'Retiro do Muriae', 19),
(6855, 'Rialto', 19),
(6856, 'Ribeirao de Sao Joaquim', 19),
(6857, 'Rio Bonito', 19),
(6858, 'Rio Claro', 19),
(6859, 'Rio das Flores', 19),
(6860, 'Rio das Ostras', 19),
(6861, 'Rio de Janeiro', 19),
(6862, 'Riograndina', 19),
(6863, 'Rosal', 19),
(6864, 'Sacra Familia do Tingua', 19),
(6865, 'Salutaris', 19),
(6866, 'Sambaetiba', 19),
(6867, 'Sampaio Correia', 19),
(6868, 'Sana', 19),
(6869, 'Santa Clara', 19),
(6870, 'Santa Cruz', 19),
(6871, 'Santa Cruz da Serra', 19),
(6872, 'Santa Isabel', 19),
(6873, 'Santa Isabel do Rio Preto', 19),
(6874, 'Santa Maria', 19),
(6875, 'Santa Maria Madalena', 19),
(6876, 'Santa Rita da Floresta', 19),
(6877, 'Santanesia', 19),
(6878, 'Santo Aleixo', 19),
(6879, 'Santo Amaro de Campos', 19),
(6880, 'Santo Antonio de Padua', 19),
(6881, 'Santo Antonio do Imbe', 19),
(6882, 'Santo Eduardo', 19),
(6883, 'Sao Fidelis', 19),
(6884, 'Sao Francisco de Itabapoana', 19),
(6885, 'Sao Goncalo', 19),
(6886, 'Sao Joao da Barra', 19),
(6887, 'Sao Joao de Meriti', 19),
(6888, 'Sao Joao do Paraiso', 19),
(6889, 'Sao Joao Marcos', 19),
(6890, 'Sao Joaquim', 19),
(6891, 'Sao Jose de Uba', 19),
(6892, 'Sao Jose do Ribeirao', 19),
(6893, 'Sao Jose do Turvo', 19),
(6894, 'Sao Jose do Vale do Rio Preto', 19),
(6895, 'Sao Mateus', 19),
(6896, 'Sao Pedro da Aldeia', 19),
(6897, 'Sao Sebastiao de Campos', 19),
(6898, 'Sao Sebastiao do Alto', 19),
(6899, 'Sao Sebastiao do Paraiba', 19),
(6900, 'Sao Sebastiao dos Ferreiros', 19),
(6901, 'Sao Vicente de Paula', 19),
(6902, 'Sapucaia', 19),
(6903, 'Saquarema', 19),
(6904, 'Saracuruna', 19),
(6905, 'Sebastiao de Lacerda', 19),
(6906, 'Seropedica', 19),
(6907, 'Serrinha', 19),
(6908, 'Sete Pontes', 19),
(6909, 'Silva Jardim', 19),
(6910, 'Sodrelandia', 19),
(6911, 'Sossego', 19),
(6912, 'Subaio', 19),
(6913, 'Sumidouro', 19),
(6914, 'Surui', 19),
(6915, 'Taboas', 19),
(6916, 'Tamoios', 19),
(6917, 'Tangua', 19),
(6918, 'Tapera', 19),
(6919, 'Tarituba', 19),
(6920, 'Teresopolis', 19),
(6921, 'Tocos', 19),
(6922, 'Trajano de Morais', 19),
(6923, 'Travessao', 19),
(6924, 'Tres Irmaos', 19),
(6925, 'Tres Rios', 19),
(6926, 'Triunfo', 19),
(6927, 'Valao do Barro', 19),
(6928, 'Valenca', 19),
(6929, 'Vargem Alegre', 19),
(6930, 'Varre-sai', 19),
(6931, 'Vassouras', 19),
(6932, 'Venda das Flores', 19),
(6933, 'Venda das Pedras', 19),
(6934, 'Vila da Grama', 19),
(6935, 'Vila do Frade', 19),
(6936, 'Vila Muriqui', 19),
(6937, 'Vila Nova de Campos', 19),
(6938, 'Visconde de Imbe', 19),
(6939, 'Volta Redonda', 19),
(6940, 'Werneck', 19),
(6941, 'Xerem', 19),
(6942, 'Acari', 20),
(6943, 'Acu', 20),
(6944, 'Afonso Bezerra', 20),
(6945, 'Agua Nova', 20),
(6946, 'Alexandria', 20),
(6947, 'Almino Afonso', 20),
(6948, 'Alto do Rodrigues', 20),
(6949, 'Angicos', 20),
(6950, 'Antonio Martins', 20),
(6951, 'Apodi', 20),
(6952, 'Areia Branca', 20),
(6953, 'Ares', 20),
(6954, 'Baia Formosa', 20),
(6955, 'Barao de Serra Branca', 20),
(6956, 'Barauna', 20),
(6957, 'Barcelona', 20),
(6958, 'Belo Horizonte', 20),
(6959, 'Bento Fernandes', 20),
(6960, 'Boa Saude', 20),
(6961, 'Bodo', 20),
(6962, 'Bom Jesus', 20),
(6963, 'Brejinho', 20),
(6964, 'Caicara do Norte', 20),
(6965, 'Caicara do Rio do Vento', 20),
(6966, 'Caico', 20),
(6967, 'Campo Grande', 20),
(6968, 'Campo Redondo', 20),
(6969, 'Canguaretama', 20),
(6970, 'Caraubas', 20),
(6971, 'Carnauba dos Dantas', 20),
(6972, 'Carnaubais', 20),
(6973, 'Ceara-mirim', 20),
(6974, 'Cerro Cora', 20),
(6975, 'Coronel Ezequiel', 20),
(6976, 'Coronel Joao Pessoa', 20),
(6977, 'Corrego de Sao Mateus', 20),
(6978, 'Cruzeta', 20),
(6979, 'Currais Novos', 20),
(6980, 'Doutor Severiano', 20),
(6981, 'Encanto', 20),
(6982, 'Equador', 20),
(6983, 'Espirito Santo', 20),
(6984, 'Espirito Santo do Oeste', 20),
(6985, 'Extremoz', 20),
(6986, 'Felipe Guerra', 20),
(6987, 'Fernando Pedroza', 20),
(6988, 'Firmamento', 20),
(6989, 'Florania', 20),
(6990, 'Francisco Dantas', 20),
(6991, 'Frutuoso Gomes', 20),
(6992, 'Galinhos', 20),
(6993, 'Gameleira', 20),
(6994, 'Goianinha', 20),
(6995, 'Governador Dix-sept Rosado', 20),
(6996, 'Grossos', 20),
(6997, 'Guamare', 20),
(6998, 'Ielmo Marinho', 20),
(6999, 'Igreja Nova', 20),
(7000, 'Ipanguacu', 20),
(7001, 'Ipiranga', 20),
(7002, 'Ipueira', 20),
(7003, 'Itaja', 20),
(7004, 'Itau', 20),
(7005, 'Jacana', 20),
(7006, 'Jandaira', 20),
(7007, 'Janduis', 20),
(7008, 'Japi', 20),
(7009, 'Jardim de Angicos', 20),
(7010, 'Jardim de Piranhas', 20),
(7011, 'Jardim do Serido', 20),
(7012, 'Joao Camara', 20),
(7013, 'Joao Dias', 20),
(7014, 'Jose da Penha', 20),
(7015, 'Jucurutu', 20),
(7016, 'Jundia de Cima', 20),
(7017, 'Lagoa D\'anta', 20),
(7018, 'Lagoa de Pedras', 20),
(7019, 'Lagoa de Velhos', 20),
(7020, 'Lagoa Nova', 20),
(7021, 'Lagoa Salgada', 20),
(7022, 'Lajes', 20),
(7023, 'Lajes Pintadas', 20),
(7024, 'Lucrecia', 20),
(7025, 'Luis Gomes', 20),
(7026, 'Macaiba', 20),
(7027, 'Macau', 20),
(7028, 'Major Felipe', 20),
(7029, 'Major Sales', 20),
(7030, 'Marcelino Vieira', 20),
(7031, 'Martins', 20),
(7032, 'Mata de Sao Braz', 20),
(7033, 'Maxaranguape', 20),
(7034, 'Messias Targino', 20),
(7035, 'Montanhas', 20),
(7036, 'Monte Alegre', 20),
(7037, 'Monte das Gameleiras', 20),
(7038, 'Mossoro', 20),
(7039, 'Natal', 20),
(7040, 'Nisia Floresta', 20),
(7041, 'Nova Cruz', 20),
(7042, 'Olho-d\'agua Do Borges', 20),
(7043, 'Ouro Branco', 20),
(7044, 'Parana', 20),
(7045, 'Parazinho', 20),
(7046, 'Parelhas', 20),
(7047, 'Parnamirim', 20),
(7048, 'Passa E Fica', 20),
(7049, 'Passagem', 20),
(7050, 'Patu', 20),
(7051, 'Pau dos Ferros', 20),
(7052, 'Pedra Grande', 20),
(7053, 'Pedra Preta', 20),
(7054, 'Pedro Avelino', 20),
(7055, 'Pedro Velho', 20),
(7056, 'Pendencias', 20),
(7057, 'Piloes', 20),
(7058, 'Poco Branco', 20),
(7059, 'Portalegre', 20),
(7060, 'Porto do Mangue', 20),
(7061, 'Pureza', 20),
(7062, 'Rafael Fernandes', 20),
(7063, 'Rafael Godeiro', 20),
(7064, 'Riacho da Cruz', 20),
(7065, 'Riacho de Santana', 20),
(7066, 'Riachuelo', 20),
(7067, 'Rio do Fogo', 20),
(7068, 'Rodolfo Fernandes', 20),
(7069, 'Rosario', 20),
(7070, 'Ruy Barbosa', 20),
(7071, 'Salva Vida', 20),
(7072, 'Santa Cruz', 20),
(7073, 'Santa Fe', 20),
(7074, 'Santa Maria', 20),
(7075, 'Santa Teresa', 20),
(7076, 'Santana do Matos', 20),
(7077, 'Santana do Serido', 20),
(7078, 'Santo Antonio', 20),
(7079, 'Santo Antonio do Potengi', 20),
(7080, 'Sao Bento do Norte', 20),
(7081, 'Sao Bento do Trairi', 20),
(7082, 'Sao Bernardo', 20),
(7083, 'Sao Fernando', 20),
(7084, 'Sao Francisco do Oeste', 20),
(7085, 'Sao Geraldo', 20),
(7086, 'Sao Goncalo do Amarante', 20),
(7087, 'Sao Joao do Sabugi', 20),
(7088, 'Sao Jose da Passagem', 20),
(7089, 'Sao Jose de Mipibu', 20),
(7090, 'Sao Jose do Campestre', 20),
(7091, 'Sao Jose do Serido', 20),
(7092, 'Sao Miguel', 20),
(7093, 'Sao Miguel de Touros', 20),
(7094, 'Sao Paulo do Potengi', 20),
(7095, 'Sao Pedro', 20),
(7096, 'Sao Rafael', 20),
(7097, 'Sao Tome', 20),
(7098, 'Sao Vicente', 20),
(7099, 'Senador Eloi de Souza', 20),
(7100, 'Senador Georgino Avelino', 20),
(7101, 'Serra Caiada', 20),
(7102, 'Serra da Tapuia', 20),
(7103, 'Serra de Sao Bento', 20),
(7104, 'Serra do Mel', 20),
(7105, 'Serra Negra do Norte', 20),
(7106, 'Serrinha', 20),
(7107, 'Serrinha dos Pintos', 20),
(7108, 'Severiano Melo', 20),
(7109, 'Sitio Novo', 20),
(7110, 'Taboleiro Grande', 20),
(7111, 'Taipu', 20),
(7112, 'Tangara', 20),
(7113, 'Tenente Ananias', 20),
(7114, 'Tenente Laurentino Cruz', 20),
(7115, 'Tibau', 20),
(7116, 'Tibau do Sul', 20),
(7117, 'Timbauba dos Batistas', 20),
(7118, 'Touros', 20),
(7119, 'Trairi', 20),
(7120, 'Triunfo Potiguar', 20),
(7121, 'Umarizal', 20),
(7122, 'Upanema', 20),
(7123, 'Varzea', 20),
(7124, 'Venha-ver', 20),
(7125, 'Vera Cruz', 20),
(7126, 'Vicosa', 20),
(7127, 'Vila Flor', 20),
(7128, 'Abuna', 21),
(7129, 'Alta Alegre dos Parecis', 21),
(7130, 'Alta Floresta do Oeste', 21),
(7131, 'Alto Paraiso', 21),
(7132, 'Alvorada do Oeste', 21),
(7133, 'Ariquemes', 21),
(7134, 'Buritis', 21),
(7135, 'Cabixi', 21),
(7136, 'Cacaulandia', 21),
(7137, 'Cacoal', 21),
(7138, 'Calama', 21),
(7139, 'Campo Novo de Rondonia', 21),
(7140, 'Candeias do Jamari', 21),
(7141, 'Castanheiras', 21),
(7142, 'Cerejeiras', 21),
(7143, 'Chupinguaia', 21),
(7144, 'Colorado do Oeste', 21),
(7145, 'Corumbiara', 21),
(7146, 'Costa Marques', 21),
(7147, 'Cujubim', 21),
(7148, 'Espigao D\'oeste', 21),
(7149, 'Governador Jorge Teixeira', 21),
(7150, 'Guajara-mirim', 21),
(7151, 'Jaci Parana', 21),
(7152, 'Jamari', 21),
(7153, 'Jaru', 21),
(7154, 'Ji-parana', 21),
(7155, 'Machadinho D\'oeste', 21),
(7156, 'Marco Rondon', 21),
(7157, 'Ministro Andreazza', 21),
(7158, 'Mirante da Serra', 21),
(7159, 'Monte Negro', 21),
(7160, 'Nova Brasilandia D\'oeste', 21),
(7161, 'Nova Mamore', 21),
(7162, 'Nova Uniao', 21),
(7163, 'Nova Vida', 21),
(7164, 'Novo Horizonte do Oeste', 21),
(7165, 'Ouro Preto do Oeste', 21),
(7166, 'Parecis', 21),
(7167, 'Pedras Negras', 21),
(7168, 'Pimenta Bueno', 21),
(7169, 'Pimenteiras do Oeste', 21),
(7170, 'Porto Velho', 21),
(7171, 'Presidente Medici', 21),
(7172, 'Primavera de Rondonia', 21),
(7173, 'Principe da Beira', 21),
(7174, 'Rio Crespo', 21),
(7175, 'Riozinho', 21),
(7176, 'Rolim de Moura', 21),
(7177, 'Santa Luzia do Oeste', 21),
(7178, 'Sao Felipe D\'oeste', 21),
(7179, 'Sao Francisco do Guapore', 21),
(7180, 'Sao Miguel do Guapore', 21),
(7181, 'Seringueiras', 21),
(7182, 'Tabajara', 21),
(7183, 'Teixeiropolis', 21),
(7184, 'Theobroma', 21),
(7185, 'Urupa', 21),
(7186, 'Vale do Anari', 21),
(7187, 'Vale do Paraiso', 21),
(7188, 'Vila Extrema', 21),
(7189, 'Vilhena', 21),
(7190, 'Vista Alegre do Abuna', 21),
(7191, 'Alto Alegre', 22),
(7192, 'Amajari', 22),
(7193, 'Boa Vista', 22),
(7194, 'Bonfim', 22),
(7195, 'Canta', 22),
(7196, 'Caracarai', 22),
(7197, 'Caroebe', 22),
(7198, 'Iracema', 22),
(7199, 'Mucajai', 22),
(7200, 'Normandia', 22),
(7201, 'Pacaraima', 22),
(7202, 'Rorainopolis', 22),
(7203, 'Sao Joao da Baliza', 22),
(7204, 'Sao Luiz', 22),
(7205, 'Uiramuta', 22),
(7206, 'Acegua', 23),
(7207, 'Afonso Rodrigues', 23),
(7208, 'Agua Santa', 23),
(7209, 'Aguas Claras', 23),
(7210, 'Agudo', 23),
(7211, 'Ajuricaba', 23),
(7212, 'Albardao', 23),
(7213, 'Alecrim', 23),
(7214, 'Alegrete', 23),
(7215, 'Alegria', 23),
(7216, 'Alfredo Brenner', 23),
(7217, 'Almirante Tamandare', 23),
(7218, 'Alpestre', 23),
(7219, 'Alto Alegre', 23),
(7220, 'Alto da Uniao', 23),
(7221, 'Alto Feliz', 23),
(7222, 'Alto Paredao', 23),
(7223, 'Alto Recreio', 23),
(7224, 'Alto Uruguai', 23),
(7225, 'Alvorada', 23),
(7226, 'Amaral Ferrador', 23),
(7227, 'Ametista do Sul', 23),
(7228, 'Andre da Rocha', 23),
(7229, 'Anta Gorda', 23),
(7230, 'Antonio Kerpel', 23),
(7231, 'Antonio Prado', 23),
(7232, 'Arambare', 23),
(7233, 'Ararica', 23),
(7234, 'Aratiba', 23),
(7235, 'Arco Verde', 23),
(7236, 'Arco-iris', 23),
(7237, 'Arroio Canoas', 23),
(7238, 'Arroio do Meio', 23),
(7239, 'Arroio do Padre', 23),
(7240, 'Arroio do Sal', 23),
(7241, 'Arroio do So', 23),
(7242, 'Arroio do Tigre', 23),
(7243, 'Arroio dos Ratos', 23),
(7244, 'Arroio Grande', 23),
(7245, 'Arvore So', 23),
(7246, 'Arvorezinha', 23),
(7247, 'Atafona', 23),
(7248, 'Atiacu', 23),
(7249, 'Augusto Pestana', 23),
(7250, 'Aurea', 23),
(7251, 'Avelino Paranhos', 23),
(7252, 'Azevedo Sodre', 23),
(7253, 'Bacupari', 23),
(7254, 'Bage', 23),
(7255, 'Baliza', 23),
(7256, 'Balneario Pinhal', 23),
(7257, 'Banhado do Colegio', 23),
(7258, 'Barao', 23),
(7259, 'Barao de Cotegipe', 23),
(7260, 'Barao do Triunfo', 23),
(7261, 'Barra do Guarita', 23),
(7262, 'Barra do Ouro', 23),
(7263, 'Barra do Quarai', 23),
(7264, 'Barra do Ribeiro', 23),
(7265, 'Barra do Rio Azul', 23),
(7266, 'Barra Funda', 23),
(7267, 'Barracao', 23),
(7268, 'Barreirinho', 23),
(7269, 'Barreiro', 23),
(7270, 'Barro Preto', 23),
(7271, 'Barro Vermelho', 23),
(7272, 'Barros Cassal', 23),
(7273, 'Basilio', 23),
(7274, 'Bela Vista', 23),
(7275, 'Beluno', 23),
(7276, 'Benjamin Constant do Sul', 23),
(7277, 'Bento Goncalves', 23),
(7278, 'Bexiga', 23),
(7279, 'Boa Esperanca', 23),
(7280, 'Boa Vista', 23),
(7281, 'Boa Vista das Missoes', 23),
(7282, 'Boa Vista do Burica', 23),
(7283, 'Boa Vista do Cadeado', 23),
(7284, 'Boa Vista do Incra', 23),
(7285, 'Boa Vista do Sul', 23),
(7286, 'Boca do Monte', 23),
(7287, 'Boi Preto', 23),
(7288, 'Bojuru', 23),
(7289, 'Bom Jardim', 23),
(7290, 'Bom Jesus', 23),
(7291, 'Bom Principio', 23),
(7292, 'Bom Progresso', 23),
(7293, 'Bom Retiro', 23),
(7294, 'Bom Retiro do Guaiba', 23),
(7295, 'Bom Retiro do Sul', 23),
(7296, 'Bonito', 23),
(7297, 'Boqueirao', 23),
(7298, 'Boqueirao do Leao', 23),
(7299, 'Borore', 23),
(7300, 'Bossoroca', 23),
(7301, 'Botucarai', 23),
(7302, 'Braga', 23),
(7303, 'Brochier', 23),
(7304, 'Buriti', 23),
(7305, 'Butia', 23),
(7306, 'Butias', 23),
(7307, 'Cacapava do Sul', 23),
(7308, 'Cacequi', 23),
(7309, 'Cachoeira do Sul', 23),
(7310, 'Cachoeirinha', 23),
(7311, 'Cacique Doble', 23),
(7312, 'Cadorna', 23),
(7313, 'Caibate', 23),
(7314, 'Caicara', 23),
(7315, 'Camaqua', 23),
(7316, 'Camargo', 23),
(7317, 'Cambara do Sul', 23),
(7318, 'Camobi', 23),
(7319, 'Campestre Baixo', 23),
(7320, 'Campestre da Serra', 23),
(7321, 'Campina das Missoes', 23),
(7322, 'Campina Redonda', 23),
(7323, 'Campinas', 23),
(7324, 'Campinas do Sul', 23),
(7325, 'Campo Bom', 23),
(7326, 'Campo Branco', 23),
(7327, 'Campo do Meio', 23),
(7328, 'Campo Novo', 23),
(7329, 'Campo Santo', 23),
(7330, 'Campo Seco', 23),
(7331, 'Campo Vicente', 23),
(7332, 'Campos Borges', 23),
(7333, 'Candelaria', 23),
(7334, 'Candido Freire', 23),
(7335, 'Candido Godoi', 23),
(7336, 'Candiota', 23),
(7337, 'Canela', 23),
(7338, 'Cangucu', 23),
(7339, 'Canhembora', 23),
(7340, 'Canoas', 23),
(7341, 'Canudos', 23),
(7342, 'Capane', 23),
(7343, 'Capao Bonito', 23),
(7344, 'Capao Comprido', 23),
(7345, 'Capao da Canoa', 23),
(7346, 'Capao da Porteira', 23),
(7347, 'Capao do Cedro', 23),
(7348, 'Capao do Cipo', 23),
(7349, 'Capao do Leao', 23),
(7350, 'Capela de Santana', 23),
(7351, 'Capela Velha', 23),
(7352, 'Capinzal', 23),
(7353, 'Capitao', 23),
(7354, 'Capivari do Sul', 23),
(7355, 'Capivarita', 23),
(7356, 'Capo-ere', 23),
(7357, 'Capoeira Grande', 23),
(7358, 'Caraa', 23),
(7359, 'Caraja Seival', 23),
(7360, 'Carazinho', 23),
(7361, 'Carlos Barbosa', 23),
(7362, 'Carlos Gomes', 23),
(7363, 'Carovi', 23),
(7364, 'Casca', 23),
(7365, 'Cascata', 23),
(7366, 'Caseiros', 23),
(7367, 'Castelinho', 23),
(7368, 'Catuipe', 23),
(7369, 'Cavajureta', 23),
(7370, 'Cavera', 23),
(7371, 'Caxias do Sul', 23),
(7372, 'Cazuza Ferreira', 23),
(7373, 'Cedro Marcado', 23),
(7374, 'Centenario', 23),
(7375, 'Centro Linha Brasil', 23),
(7376, 'Cerrito', 23),
(7377, 'Cerrito Alegre', 23),
(7378, 'Cerrito do Ouro Ou Vila do Cerrito', 23),
(7379, 'Cerro Alto', 23),
(7380, 'Cerro Branco', 23),
(7381, 'Cerro Claro', 23),
(7382, 'Cerro do Martins', 23),
(7383, 'Cerro do Roque', 23),
(7384, 'Cerro Grande', 23),
(7385, 'Cerro Grande do Sul', 23),
(7386, 'Cerro Largo', 23),
(7387, 'Chapada', 23),
(7388, 'Charqueadas', 23),
(7389, 'Charrua', 23),
(7390, 'Chiapetta', 23),
(7391, 'Chicoloma', 23),
(7392, 'Chimarrao', 23),
(7393, 'Chorao', 23),
(7394, 'Chui', 23),
(7395, 'Chuvisca', 23),
(7396, 'Cidreira', 23),
(7397, 'Cinquentenario', 23),
(7398, 'Ciriaco', 23),
(7399, 'Clara', 23),
(7400, 'Clemente Argolo', 23),
(7401, 'Coimbra', 23),
(7402, 'Colinas', 23),
(7403, 'Colonia das Almas', 23),
(7404, 'Colonia Medeiros', 23),
(7405, 'Colonia Municipal', 23),
(7406, 'Colonia Nova', 23),
(7407, 'Colonia Sao Joao', 23),
(7408, 'Colonia Z-null', 23),
(7409, 'Coloninha', 23),
(7410, 'Colorado', 23),
(7411, 'Comandai', 23),
(7412, 'Condor', 23),
(7413, 'Consolata', 23),
(7414, 'Constantina', 23),
(7415, 'Coqueiro Baixo', 23),
(7416, 'Coqueiros do Sul', 23),
(7417, 'Cordilheira', 23),
(7418, 'Coroados', 23),
(7419, 'Coronel Barros', 23),
(7420, 'Coronel Bicaco', 23),
(7421, 'Coronel Finzito', 23),
(7422, 'Coronel Pilar', 23),
(7423, 'Coronel Teixeira', 23),
(7424, 'Cortado', 23),
(7425, 'Costa da Cadeia', 23),
(7426, 'Costao', 23),
(7427, 'Cotipora', 23),
(7428, 'Coxilha', 23),
(7429, 'Coxilha Grande', 23),
(7430, 'Cr-null', 23),
(7431, 'Crissiumal', 23),
(7432, 'Cristal', 23),
(7433, 'Cristal do Sul', 23),
(7434, 'Criuva', 23),
(7435, 'Cruz Alta', 23),
(7436, 'Cruz Altense', 23),
(7437, 'Cruzeiro', 23),
(7438, 'Cruzeiro do Sul', 23),
(7439, 'Curral Alto', 23),
(7440, 'Curumim', 23),
(7441, 'Daltro Filho', 23),
(7442, 'Dario Lassance', 23),
(7443, 'David Canabarro', 23),
(7444, 'Delfina', 23),
(7445, 'Deodoro', 23),
(7446, 'Deposito', 23),
(7447, 'Derrubadas', 23),
(7448, 'Dezesseis de Novembro', 23),
(7449, 'Dilermando de Aguiar', 23),
(7450, 'Divino', 23),
(7451, 'Dois Irmaos', 23),
(7452, 'Dois Irmaos das Missoes', 23),
(7453, 'Dois Lajeados', 23),
(7454, 'Dom Diogo', 23),
(7455, 'Dom Feliciano', 23),
(7456, 'Dom Pedrito', 23),
(7457, 'Dom Pedro de Alcantara', 23),
(7458, 'Dona Francisca', 23),
(7459, 'Dona Otilia', 23),
(7460, 'Dourado', 23),
(7461, 'Doutor Bozano', 23),
(7462, 'Doutor Edgardo Pereira Velho', 23),
(7463, 'Doutor Mauricio Cardoso', 23),
(7464, 'Doutor Ricardo', 23),
(7465, 'Eldorado do Sul', 23),
(7466, 'Eletra', 23),
(7467, 'Encantado', 23),
(7468, 'Encruzilhada', 23),
(7469, 'Encruzilhada do Sul', 23),
(7470, 'Engenho Velho', 23),
(7471, 'Entre Rios do Sul', 23),
(7472, 'Entre-ijuis', 23),
(7473, 'Entrepelado', 23),
(7474, 'Erebango', 23),
(7475, 'Erechim', 23),
(7476, 'Ernestina', 23),
(7477, 'Ernesto Alves', 23),
(7478, 'Erval Grande', 23),
(7479, 'Erval Seco', 23),
(7480, 'Erveiras', 23),
(7481, 'Esmeralda', 23),
(7482, 'Esperanca do Sul', 23),
(7483, 'Espigao', 23),
(7484, 'Espigao Alto', 23),
(7485, 'Espinilho Grande', 23),
(7486, 'Espirito Santo', 23),
(7487, 'Espumoso', 23),
(7488, 'Esquina Araujo', 23),
(7489, 'Esquina Bom Sucesso', 23),
(7490, 'Esquina Gaucha', 23),
(7491, 'Esquina Ipiranga', 23),
(7492, 'Esquina Piratini', 23),
(7493, 'Estacao', 23),
(7494, 'Estancia Grande', 23),
(7495, 'Estancia Velha', 23),
(7496, 'Esteio', 23),
(7497, 'Esteira', 23),
(7498, 'Estreito', 23),
(7499, 'Estrela', 23),
(7500, 'Estrela Velha', 23),
(7501, 'Eugenio de Castro', 23),
(7502, 'Evangelista', 23),
(7503, 'Fagundes Varela', 23),
(7504, 'Fao', 23),
(7505, 'Faria Lemos', 23),
(7506, 'Farinhas', 23),
(7507, 'Farrapos', 23),
(7508, 'Farroupilha', 23),
(7509, 'Faxinal', 23),
(7510, 'Faxinal do Soturno', 23),
(7511, 'Faxinalzinho', 23),
(7512, 'Fazenda Fialho', 23),
(7513, 'Fazenda Souza', 23),
(7514, 'Fazenda Vilanova', 23),
(7515, 'Feliz', 23),
(7516, 'Ferreira', 23),
(7517, 'Flores da Cunha', 23),
(7518, 'Floresta', 23),
(7519, 'Floriano Peixoto', 23),
(7520, 'Florida', 23),
(7521, 'Fontoura Xavier', 23),
(7522, 'Formigueiro', 23),
(7523, 'Formosa', 23),
(7524, 'Forninho', 23),
(7525, 'Forquetinha', 23),
(7526, 'Fortaleza dos Valos', 23),
(7527, 'Frederico Westphalen', 23),
(7528, 'Frei Sebastiao', 23),
(7529, 'Freire', 23),
(7530, 'Garibaldi', 23),
(7531, 'Garibaldina', 23),
(7532, 'Garruchos', 23),
(7533, 'Gaurama', 23),
(7534, 'General Camara', 23),
(7535, 'Gentil', 23),
(7536, 'Getulio Vargas', 23),
(7537, 'Girua', 23),
(7538, 'Gloria', 23),
(7539, 'Glorinha', 23),
(7540, 'Goio-en', 23),
(7541, 'Gramado', 23),
(7542, 'Gramado dos Loureiros', 23),
(7543, 'Gramado Sao Pedro', 23),
(7544, 'Gramado Xavier', 23),
(7545, 'Gravatai', 23),
(7546, 'Guabiju', 23),
(7547, 'Guaiba', 23),
(7548, 'Guajuviras', 23),
(7549, 'Guapore', 23),
(7550, 'Guarani das Missoes', 23),
(7551, 'Guassupi', 23),
(7552, 'Harmonia', 23),
(7553, 'Herval', 23),
(7554, 'Herveiras', 23),
(7555, 'Hidraulica', 23),
(7556, 'Horizontina', 23),
(7557, 'Hulha Negra', 23),
(7558, 'Humaita', 23),
(7559, 'Ibarama', 23),
(7560, 'Ibare', 23),
(7561, 'Ibiaca', 23),
(7562, 'Ibiraiaras', 23),
(7563, 'Ibirapuita', 23),
(7564, 'Ibiruba', 23),
(7565, 'Igrejinha', 23),
(7566, 'Ijucapirama', 23),
(7567, 'Ijui', 23),
(7568, 'Ilha dos Marinheiros', 23),
(7569, 'Ilopolis', 23),
(7570, 'Imbe', 23),
(7571, 'Imigrante', 23),
(7572, 'Independencia', 23),
(7573, 'Inhacora', 23),
(7574, 'Ipe', 23),
(7575, 'Ipiranga', 23),
(7576, 'Ipiranga do Sul', 23),
(7577, 'Ipuacu', 23),
(7578, 'Irai', 23),
(7579, 'Irui', 23),
(7580, 'Itaara', 23),
(7581, 'Itacolomi', 23),
(7582, 'Itacurubi', 23),
(7583, 'Itai', 23),
(7584, 'Itaimbezinho', 23),
(7585, 'Itao', 23),
(7586, 'Itapua', 23),
(7587, 'Itapuca', 23),
(7588, 'Itaqui', 23),
(7589, 'Itati', 23),
(7590, 'Itatiba do Sul', 23),
(7591, 'Itauba', 23),
(7592, 'Ituim', 23),
(7593, 'Ivai', 23),
(7594, 'Ivora', 23),
(7595, 'Ivoti', 23),
(7596, 'Jaboticaba', 23),
(7597, 'Jacuizinho', 23),
(7598, 'Jacutinga', 23),
(7599, 'Jaguarao', 23),
(7600, 'Jaguarete', 23),
(7601, 'Jaguari', 23),
(7602, 'Jansen', 23),
(7603, 'Jaquirana', 23),
(7604, 'Jari', 23),
(7605, 'Jazidas Ou Capela Sao Vicente', 23),
(7606, 'Joao Arregui', 23),
(7607, 'Joao Rodrigues', 23),
(7608, 'Joca Tavares', 23),
(7609, 'Joia', 23),
(7610, 'Jose Otavio', 23),
(7611, 'Jua', 23),
(7612, 'Julio de Castilhos', 23),
(7613, 'Lagoa Bonita', 23),
(7614, 'Lagoa dos Tres Cantos', 23),
(7615, 'Lagoa Vermelha', 23),
(7616, 'Lagoao', 23),
(7617, 'Lajeado', 23),
(7618, 'Lajeado Bonito', 23),
(7619, 'Lajeado Cerne', 23),
(7620, 'Lajeado do Bugre', 23),
(7621, 'Lajeado Grande', 23),
(7622, 'Lara', 23),
(7623, 'Laranjeira', 23),
(7624, 'Lava-pes', 23),
(7625, 'Lavras do Sul', 23),
(7626, 'Leonel Rocha', 23),
(7627, 'Liberato Salzano', 23),
(7628, 'Lindolfo Collor', 23),
(7629, 'Linha Comprida', 23),
(7630, 'Linha Nova', 23),
(7631, 'Linha Vitoria', 23),
(7632, 'Loreto', 23),
(7633, 'Macambara', 23),
(7634, 'Machadinho', 23),
(7635, 'Magisterio', 23),
(7636, 'Mampituba', 23),
(7637, 'Manchinha', 23),
(7638, 'Mangueiras', 23),
(7639, 'Manoel Viana', 23),
(7640, 'Maquine', 23),
(7641, 'Marata', 23),
(7642, 'Marau', 23),
(7643, 'Marcelino Ramos', 23),
(7644, 'Marcorama', 23),
(7645, 'Mariana Pimentel', 23),
(7646, 'Mariano Moro', 23),
(7647, 'Mariante', 23),
(7648, 'Mariapolis', 23),
(7649, 'Marques de Souza', 23),
(7650, 'Mata', 23),
(7651, 'Matarazzo', 23),
(7652, 'Mato Castelhano', 23),
(7653, 'Mato Grande', 23),
(7654, 'Mato Leitao', 23),
(7655, 'Mato Queimado', 23),
(7656, 'Maua', 23),
(7657, 'Maximiliano de Almeida', 23),
(7658, 'Medianeira', 23),
(7659, 'Minas do Leao', 23),
(7660, 'Miraguai', 23),
(7661, 'Miraguaia', 23),
(7662, 'Mirim', 23),
(7663, 'Montauri', 23),
(7664, 'Monte Alegre', 23),
(7665, 'Monte Alegre dos Campos', 23),
(7666, 'Monte Alverne', 23),
(7667, 'Monte Belo do Sul', 23),
(7668, 'Monte Bonito', 23),
(7669, 'Montenegro', 23),
(7670, 'Mormaco', 23),
(7671, 'Morrinhos', 23),
(7672, 'Morrinhos do Sul', 23),
(7673, 'Morro Alto', 23),
(7674, 'Morro Azul', 23),
(7675, 'Morro Redondo', 23),
(7676, 'Morro Reuter', 23),
(7677, 'Morungava', 23),
(7678, 'Mostardas', 23),
(7679, 'Mucum', 23),
(7680, 'Muitos Capoes', 23),
(7681, 'Muliterno', 23),
(7682, 'Nao-me-toque', 23),
(7683, 'Nazare', 23),
(7684, 'Nicolau Vergueiro', 23),
(7685, 'Nonoai', 23),
(7686, 'Nossa Senhora Aparecida', 23),
(7687, 'Nossa Senhora da Conceicao', 23),
(7688, 'Nova Alvorada', 23),
(7689, 'Nova Araca', 23),
(7690, 'Nova Bassano', 23),
(7691, 'Nova Boa Vista', 23),
(7692, 'Nova Brescia', 23),
(7693, 'Nova Candelaria', 23),
(7694, 'Nova Esperanca do Sul', 23),
(7695, 'Nova Hartz', 23),
(7696, 'Nova Milano', 23),
(7697, 'Nova Padua', 23),
(7698, 'Nova Palma', 23),
(7699, 'Nova Petropolis', 23),
(7700, 'Nova Prata', 23),
(7701, 'Nova Ramada', 23),
(7702, 'Nova Roma do Sul', 23),
(7703, 'Nova Santa Rita', 23),
(7704, 'Nova Sardenha', 23),
(7705, 'Novo Barreiro', 23),
(7706, 'Novo Cabrais', 23),
(7707, 'Novo Hamburgo', 23),
(7708, 'Novo Horizonte', 23),
(7709, 'Novo Machado', 23),
(7710, 'Novo Planalto', 23),
(7711, 'Novo Tiradentes', 23),
(7712, 'Oliva', 23),
(7713, 'Oralina', 23),
(7714, 'Osorio', 23),
(7715, 'Osvaldo Cruz', 23),
(7716, 'Osvaldo Kroeff', 23),
(7717, 'Otavio Rocha', 23),
(7718, 'Pacheca', 23),
(7719, 'Padilha', 23),
(7720, 'Padre Gonzales', 23),
(7721, 'Paim Filho', 23),
(7722, 'Palmares do Sul', 23),
(7723, 'Palmas', 23),
(7724, 'Palmeira das Missoes', 23),
(7725, 'Palmitinho', 23),
(7726, 'Pampeiro', 23),
(7727, 'Panambi', 23),
(7728, 'Pantano Grande', 23),
(7729, 'Parai', 23),
(7730, 'Paraiso do Sul', 23),
(7731, 'Pareci Novo', 23),
(7732, 'Parobe', 23),
(7733, 'Passa Sete', 23),
(7734, 'Passinhos', 23),
(7735, 'Passo Burmann', 23),
(7736, 'Passo da Areia', 23),
(7737, 'Passo da Caveira', 23),
(7738, 'Passo das Pedras', 23),
(7739, 'Passo do Adao', 23),
(7740, 'Passo do Sabao', 23),
(7741, 'Passo do Sobrado', 23),
(7742, 'Passo Fundo', 23),
(7743, 'Passo Novo', 23),
(7744, 'Passo Raso', 23),
(7745, 'Paulo Bento', 23),
(7746, 'Pavao', 23),
(7747, 'Paverama', 23),
(7748, 'Pedras Altas', 23),
(7749, 'Pedreiras', 23),
(7750, 'Pedro Garcia', 23),
(7751, 'Pedro Osorio', 23),
(7752, 'Pedro Paiva', 23),
(7753, 'Pejucara', 23),
(7754, 'Pelotas', 23),
(7755, 'Picada Cafe', 23),
(7756, 'Pinhal', 23),
(7757, 'Pinhal Alto', 23),
(7758, 'Pinhal da Serra', 23),
(7759, 'Pinhal Grande', 23),
(7760, 'Pinhalzinho', 23),
(7761, 'Pinheirinho do Vale', 23),
(7762, 'Pinheiro Machado', 23),
(7763, 'Pinheiro Marcado', 23),
(7764, 'Pinto Bandeira', 23),
(7765, 'Pirai', 23),
(7766, 'Pirapo', 23),
(7767, 'Piratini', 23),
(7768, 'Pitanga', 23),
(7769, 'Planalto', 23),
(7770, 'Plano Alto', 23),
(7771, 'Poco das Antas', 23),
(7772, 'Poligono do Erval', 23),
(7773, 'Polo Petroquimico de Triunfo', 23),
(7774, 'Pontao', 23),
(7775, 'Ponte Preta', 23),
(7776, 'Portao', 23),
(7777, 'Porto Alegre', 23),
(7778, 'Porto Batista', 23),
(7779, 'Porto Lucena', 23),
(7780, 'Porto Maua', 23),
(7781, 'Porto Vera Cruz', 23),
(7782, 'Porto Xavier', 23),
(7783, 'Pouso Novo', 23),
(7784, 'Povo Novo', 23),
(7785, 'Povoado Tozzo', 23),
(7786, 'Pranchada', 23),
(7787, 'Pratos', 23),
(7788, 'Presidente Lucena', 23),
(7789, 'Progresso', 23),
(7790, 'Protasio Alves', 23),
(7791, 'Pulador', 23),
(7792, 'Putinga', 23),
(7793, 'Quarai', 23),
(7794, 'Quaraim', 23),
(7795, 'Quatro Irmaos', 23),
(7796, 'Quevedos', 23),
(7797, 'Quilombo', 23),
(7798, 'Quinta', 23),
(7799, 'Quintao', 23),
(7800, 'Quinze de Novembro', 23),
(7801, 'Quiteria', 23),
(7802, 'Rancho Velho', 23),
(7803, 'Redentora', 23),
(7804, 'Refugiado', 23),
(7805, 'Relvado', 23),
(7806, 'Restinga Seca', 23),
(7807, 'Rincao de Sao Pedro', 23),
(7808, 'Rincao Del Rei', 23),
(7809, 'Rincao do Cristovao Pereira', 23),
(7810, 'Rincao do Meio', 23),
(7811, 'Rincao do Segredo', 23),
(7812, 'Rincao Doce', 23),
(7813, 'Rincao dos Kroeff', 23),
(7814, 'Rincao dos Mendes', 23),
(7815, 'Rincao Vermelho', 23),
(7816, 'Rio Azul', 23),
(7817, 'Rio Branco', 23),
(7818, 'Rio da Ilha', 23),
(7819, 'Rio dos Indios', 23),
(7820, 'Rio Grande', 23),
(7821, 'Rio Pardinho', 23),
(7822, 'Rio Pardo', 23),
(7823, 'Rio Telha', 23),
(7824, 'Rio Tigre', 23),
(7825, 'Rio Toldo', 23),
(7826, 'Riozinho', 23),
(7827, 'Roca Sales', 23),
(7828, 'Rodeio Bonito', 23),
(7829, 'Rolador', 23),
(7830, 'Rolante', 23),
(7831, 'Rolantinho da Figueira', 23),
(7832, 'Ronda Alta', 23),
(7833, 'Rondinha', 23),
(7834, 'Roque Gonzales', 23),
(7835, 'Rosario', 23),
(7836, 'Rosario do Sul', 23),
(7837, 'Sagrada Familia', 23),
(7838, 'Saica', 23),
(7839, 'Saldanha Marinho', 23),
(7840, 'Saltinho', 23),
(7841, 'Salto', 23),
(7842, 'Salto do Jacui', 23),
(7843, 'Salvador das Missoes', 23),
(7844, 'Salvador do Sul', 23),
(7845, 'Sananduva', 23),
(7846, 'Sant Auta', 23),
(7847, 'Santa Barbara', 23),
(7848, 'Santa Barbara do Sul', 23),
(7849, 'Santa Catarina', 23),
(7850, 'Santa Cecilia', 23),
(7851, 'Santa Clara do Ingai', 23),
(7852, 'Santa Clara do Sul', 23),
(7853, 'Santa Cristina', 23),
(7854, 'Santa Cruz', 23),
(7855, 'Santa Cruz da Concordia', 23),
(7856, 'Santa Cruz do Sul', 23),
(7857, 'Santa Flora', 23),
(7858, 'Santa Ines', 23),
(7859, 'Santa Izabel do Sul', 23),
(7860, 'Santa Lucia', 23),
(7861, 'Santa Lucia do Piai', 23),
(7862, 'Santa Luiza', 23),
(7863, 'Santa Luzia', 23),
(7864, 'Santa Maria', 23),
(7865, 'Santa Maria do Herval', 23),
(7866, 'Santa Rita do Sul', 23),
(7867, 'Santa Rosa', 23),
(7868, 'Santa Silvana', 23),
(7869, 'Santa Teresinha', 23),
(7870, 'Santa Tereza', 23),
(7871, 'Santa Vitoria do Palmar', 23),
(7872, 'Santana', 23),
(7873, 'Santana da Boa Vista', 23),
(7874, 'Santana do Livramento', 23),
(7875, 'Santiago', 23),
(7876, 'Santo Amaro do Sul', 23),
(7877, 'Santo Angelo', 23),
(7878, 'Santo Antonio', 23),
(7879, 'Santo Antonio da Patrulha', 23),
(7880, 'Santo Antonio das Missoes', 23),
(7881, 'Santo Antonio de Castro', 23),
(7882, 'Santo Antonio do Bom Retiro', 23),
(7883, 'Santo Antonio do Palma', 23),
(7884, 'Santo Antonio do Planalto', 23),
(7885, 'Santo Augusto', 23),
(7886, 'Santo Cristo', 23),
(7887, 'Santo Expedito do Sul', 23),
(7888, 'Santo Inacio', 23),
(7889, 'Sao Bento', 23),
(7890, 'Sao Bom Jesus', 23),
(7891, 'Sao Borja', 23),
(7892, 'Sao Carlos', 23),
(7893, 'Sao Domingos do Sul', 23),
(7894, 'Sao Francisco', 23),
(7895, 'Sao Francisco de Assis', 23),
(7896, 'Sao Francisco de Paula', 23),
(7897, 'Sao Gabriel', 23),
(7898, 'Sao Jeronimo', 23),
(7899, 'Sao Joao', 23),
(7900, 'Sao Joao Batista', 23),
(7901, 'Sao Joao Bosco', 23),
(7902, 'Sao Joao da Urtiga', 23),
(7903, 'Sao Joao do Polesine', 23),
(7904, 'Sao Jorge', 23),
(7905, 'Sao Jose', 23),
(7906, 'Sao Jose da Gloria', 23),
(7907, 'Sao Jose das Missoes', 23),
(7908, 'Sao Jose de Castro', 23),
(7909, 'Sao Jose do Centro', 23),
(7910, 'Sao Jose do Herval', 23),
(7911, 'Sao Jose do Hortencio', 23),
(7912, 'Sao Jose do Inhacora', 23),
(7913, 'Sao Jose do Norte', 23),
(7914, 'Sao Jose do Ouro', 23),
(7915, 'Sao Jose dos Ausentes', 23),
(7916, 'Sao Leopoldo', 23),
(7917, 'Sao Lourenco das Missoes', 23),
(7918, 'Sao Lourenco do Sul', 23),
(7919, 'Sao Luis Rei', 23),
(7920, 'Sao Luiz', 23),
(7921, 'Sao Luiz Gonzaga', 23),
(7922, 'Sao Manuel', 23),
(7923, 'Sao Marcos', 23),
(7924, 'Sao Martinho', 23),
(7925, 'Sao Martinho da Serra', 23),
(7926, 'Sao Miguel', 23),
(7927, 'Sao Miguel das Missoes', 23),
(7928, 'Sao Nicolau', 23),
(7929, 'Sao Paulo', 23),
(7930, 'Sao Paulo das Missoes', 23),
(7931, 'Sao Pedro', 23),
(7932, 'Sao Pedro da Serra', 23),
(7933, 'Sao Pedro do Butia', 23),
(7934, 'Sao Pedro do Iraxim', 23),
(7935, 'Sao Pedro do Sul', 23),
(7936, 'Sao Roque', 23),
(7937, 'Sao Sebastiao', 23),
(7938, 'Sao Sebastiao do Cai', 23),
(7939, 'Sao Sepe', 23),
(7940, 'Sao Simao', 23),
(7941, 'Sao Valentim', 23),
(7942, 'Sao Valentim do Sul', 23),
(7943, 'Sao Valerio do Sul', 23),
(7944, 'Sao Vendelino', 23),
(7945, 'Sao Vicente do Sul', 23),
(7946, 'Sapiranga', 23),
(7947, 'Sapucaia do Sul', 23),
(7948, 'Sarandi', 23),
(7949, 'Scharlau', 23),
(7950, 'Seberi', 23),
(7951, 'Seca', 23),
(7952, 'Sede Aurora', 23),
(7953, 'Sede Nova', 23),
(7954, 'Segredo', 23),
(7955, 'Seival', 23),
(7956, 'Selbach', 23),
(7957, 'Senador Salgado Filho', 23),
(7958, 'Sentinela do Sul', 23),
(7959, 'Serafim Schmidt', 23),
(7960, 'Serafina Correa', 23),
(7961, 'Serio', 23),
(7962, 'Serra dos Gregorios', 23),
(7963, 'Serrinha', 23),
(7964, 'Sertao', 23);
INSERT INTO `bsc_cidade` (`id`, `nome`, `estado_id`) VALUES
(7965, 'Sertao Santana', 23),
(7966, 'Sertaozinho', 23),
(7967, 'Sete de Setembro', 23),
(7968, 'Sete Lagoas', 23),
(7969, 'Severiano de Almeida', 23),
(7970, 'Silva Jardim', 23),
(7971, 'Silveira', 23),
(7972, 'Silveira Martins', 23),
(7973, 'Sinimbu', 23),
(7974, 'Sirio', 23),
(7975, 'Sitio Gabriel', 23),
(7976, 'Sobradinho', 23),
(7977, 'Soledade', 23),
(7978, 'Souza Ramos', 23),
(7979, 'Suspiro', 23),
(7980, 'Tabai', 23),
(7981, 'Tabajara', 23),
(7982, 'Taim', 23),
(7983, 'Tainhas', 23),
(7984, 'Tamandua', 23),
(7985, 'Tanque', 23),
(7986, 'Tapejara', 23),
(7987, 'Tapera', 23),
(7988, 'Tapes', 23),
(7989, 'Taquara', 23),
(7990, 'Taquari', 23),
(7991, 'Taquarichim', 23),
(7992, 'Taquarucu do Sul', 23),
(7993, 'Tavares', 23),
(7994, 'Tenente Portela', 23),
(7995, 'Terra de Areia', 23),
(7996, 'Tesouras', 23),
(7997, 'Teutonia', 23),
(7998, 'Tiaraju', 23),
(7999, 'Timbauva', 23),
(8000, 'Tiradentes do Sul', 23),
(8001, 'Toropi', 23),
(8002, 'Toroqua', 23),
(8003, 'Torquato Severo', 23),
(8004, 'Torres', 23),
(8005, 'Torrinhas', 23),
(8006, 'Touro Passo', 23),
(8007, 'Tramandai', 23),
(8008, 'Travesseiro', 23),
(8009, 'Trentin', 23),
(8010, 'Tres Arroios', 23),
(8011, 'Tres Barras', 23),
(8012, 'Tres Cachoeiras', 23),
(8013, 'Tres Coroas', 23),
(8014, 'Tres de Maio', 23),
(8015, 'Tres Forquilhas', 23),
(8016, 'Tres Palmeiras', 23),
(8017, 'Tres Passos', 23),
(8018, 'Tres Vendas', 23),
(8019, 'Trindade do Sul', 23),
(8020, 'Triunfo', 23),
(8021, 'Tronqueiras', 23),
(8022, 'Tucunduva', 23),
(8023, 'Tuiuti', 23),
(8024, 'Tunas', 23),
(8025, 'Tunel Verde', 23),
(8026, 'Tupanci do Sul', 23),
(8027, 'Tupancireta', 23),
(8028, 'Tupancy Ou Vila Block', 23),
(8029, 'Tupandi', 23),
(8030, 'Tupantuba', 23),
(8031, 'Tuparendi', 23),
(8032, 'Tupi Silveira', 23),
(8033, 'Tupinamba', 23),
(8034, 'Turucu', 23),
(8035, 'Turvinho', 23),
(8036, 'Ubiretama', 23),
(8037, 'Umbu', 23),
(8038, 'Uniao da Serra', 23),
(8039, 'Unistalda', 23),
(8040, 'Uruguaiana', 23),
(8041, 'Vacacai', 23),
(8042, 'Vacaria', 23),
(8043, 'Valdastico', 23),
(8044, 'Vale do Rio Cai', 23),
(8045, 'Vale do Sol', 23),
(8046, 'Vale Real', 23),
(8047, 'Vale Veneto', 23),
(8048, 'Vale Verde', 23),
(8049, 'Vanini', 23),
(8050, 'Venancio Aires', 23),
(8051, 'Vera Cruz', 23),
(8052, 'Veranopolis', 23),
(8053, 'Vertentes', 23),
(8054, 'Vespasiano Correa', 23),
(8055, 'Viadutos', 23),
(8056, 'Viamao', 23),
(8057, 'Vicente Dutra', 23),
(8058, 'Victor Graeff', 23),
(8059, 'Vila Bender', 23),
(8060, 'Vila Cruz', 23),
(8061, 'Vila Flores', 23),
(8062, 'Vila Langaro', 23),
(8063, 'Vila Laranjeira', 23),
(8064, 'Vila Maria', 23),
(8065, 'Vila Nova do Sul', 23),
(8066, 'Vila Rica', 23),
(8067, 'Vila Seca', 23),
(8068, 'Vila Turvo', 23),
(8069, 'Vista Alegre', 23),
(8070, 'Vista Alegre do Prata', 23),
(8071, 'Vista Gaucha', 23),
(8072, 'Vitoria', 23),
(8073, 'Vitoria das Missoes', 23),
(8074, 'Volta Alegre', 23),
(8075, 'Volta Fechada', 23),
(8076, 'Volta Grande', 23),
(8077, 'Xadrez', 23),
(8078, 'Xangri-la', 23),
(8079, 'Xingu', 23),
(8080, 'Abdon Batista', 24),
(8081, 'Abelardo Luz', 24),
(8082, 'Agrolandia', 24),
(8083, 'Agronomica', 24),
(8084, 'Agua Doce', 24),
(8085, 'Aguas Brancas', 24),
(8086, 'Aguas Claras', 24),
(8087, 'Aguas de Chapeco', 24),
(8088, 'Aguas Frias', 24),
(8089, 'Aguas Mornas', 24),
(8090, 'Aguti', 24),
(8091, 'Aiure', 24),
(8092, 'Alfredo Wagner', 24),
(8093, 'Alto Alegre', 24),
(8094, 'Alto Bela Vista', 24),
(8095, 'Alto da Serra', 24),
(8096, 'Anchieta', 24),
(8097, 'Angelina', 24),
(8098, 'Anita Garibaldi', 24),
(8099, 'Anitapolis', 24),
(8100, 'Anta Gorda', 24),
(8101, 'Antonio Carlos', 24),
(8102, 'Apiuna', 24),
(8103, 'Arabuta', 24),
(8104, 'Araquari', 24),
(8105, 'Ararangua', 24),
(8106, 'Armazem', 24),
(8107, 'Arnopolis', 24),
(8108, 'Arroio Trinta', 24),
(8109, 'Arvoredo', 24),
(8110, 'Ascurra', 24),
(8111, 'Atalanta', 24),
(8112, 'Aterrado Torto', 24),
(8113, 'Aurora', 24),
(8114, 'Azambuja', 24),
(8115, 'Baia Alta', 24),
(8116, 'Balneario Arroio do Silva', 24),
(8117, 'Balneario Barra do Sul', 24),
(8118, 'Balneario Camboriu', 24),
(8119, 'Balneario Gaivota', 24),
(8120, 'Balneario Morro dos Conventos', 24),
(8121, 'Bandeirante', 24),
(8122, 'Barra Bonita', 24),
(8123, 'Barra Clara', 24),
(8124, 'Barra da Lagoa', 24),
(8125, 'Barra da Prata', 24),
(8126, 'Barra Fria', 24),
(8127, 'Barra Grande', 24),
(8128, 'Barra Velha', 24),
(8129, 'Barreiros', 24),
(8130, 'Barro Branco', 24),
(8131, 'Bateias de Baixo', 24),
(8132, 'Bela Vista', 24),
(8133, 'Bela Vista do Sul', 24),
(8134, 'Bela Vista do Toldo', 24),
(8135, 'Belmonte', 24),
(8136, 'Benedito Novo', 24),
(8137, 'Biguacu', 24),
(8138, 'Blumenau', 24),
(8139, 'Bocaina do Sul', 24),
(8140, 'Boiteuxburgo', 24),
(8141, 'Bom Jardim da Serra', 24),
(8142, 'Bom Jesus', 24),
(8143, 'Bom Jesus do Oeste', 24),
(8144, 'Bom Retiro', 24),
(8145, 'Bom Sucesso', 24),
(8146, 'Bombinhas', 24),
(8147, 'Botuvera', 24),
(8148, 'Braco do Norte', 24),
(8149, 'Braco do Trombudo', 24),
(8150, 'Brunopolis', 24),
(8151, 'Brusque', 24),
(8152, 'Cacador', 24),
(8153, 'Cachoeira de Fatima', 24),
(8154, 'Cachoeira do Bom Jesus', 24),
(8155, 'Caibi', 24),
(8156, 'Calmon', 24),
(8157, 'Camboriu', 24),
(8158, 'Cambuinzal', 24),
(8159, 'Campeche', 24),
(8160, 'Campinas', 24),
(8161, 'Campo Alegre', 24),
(8162, 'Campo Belo do Sul', 24),
(8163, 'Campo Ere', 24),
(8164, 'Campos Novos', 24),
(8165, 'Canasvieiras', 24),
(8166, 'Canelinha', 24),
(8167, 'Canoas', 24),
(8168, 'Canoinhas', 24),
(8169, 'Capao Alto', 24),
(8170, 'Capinzal', 24),
(8171, 'Capivari de Baixo', 24),
(8172, 'Caraiba', 24),
(8173, 'Catanduvas', 24),
(8174, 'Catuira', 24),
(8175, 'Caxambu do Sul', 24),
(8176, 'Cedro Alto', 24),
(8177, 'Celso Ramos', 24),
(8178, 'Cerro Negro', 24),
(8179, 'Chapadao do Lageado', 24),
(8180, 'Chapeco', 24),
(8181, 'Claraiba', 24),
(8182, 'Cocal do Sul', 24),
(8183, 'Colonia Santa Tereza', 24),
(8184, 'Colonia Santana', 24),
(8185, 'Concordia', 24),
(8186, 'Cordilheira Alta', 24),
(8187, 'Coronel Freitas', 24),
(8188, 'Coronel Martins', 24),
(8189, 'Correia Pinto', 24),
(8190, 'Corupa', 24),
(8191, 'Criciuma', 24),
(8192, 'Cunha Pora', 24),
(8193, 'Cunhatai', 24),
(8194, 'Curitibanos', 24),
(8195, 'Dal Pai', 24),
(8196, 'Dalbergia', 24),
(8197, 'Descanso', 24),
(8198, 'Dionisio Cerqueira', 24),
(8199, 'Dona Emma', 24),
(8200, 'Doutor Pedrinho', 24),
(8201, 'Engenho Velho', 24),
(8202, 'Enseada de Brito', 24),
(8203, 'Entre Rios', 24),
(8204, 'Ermo', 24),
(8205, 'Erval Velho', 24),
(8206, 'Espinilho', 24),
(8207, 'Estacao Cocal', 24),
(8208, 'Faxinal dos Guedes', 24),
(8209, 'Fazenda Zandavalli', 24),
(8210, 'Felipe Schmidt', 24),
(8211, 'Figueira', 24),
(8212, 'Flor do Sertao', 24),
(8213, 'Florianopolis', 24),
(8214, 'Formosa do Sul', 24),
(8215, 'Forquilhinha', 24),
(8216, 'Fragosos', 24),
(8217, 'Fraiburgo', 24),
(8218, 'Frederico Wastner', 24),
(8219, 'Frei Rogerio', 24),
(8220, 'Galvao', 24),
(8221, 'Garcia', 24),
(8222, 'Garopaba', 24),
(8223, 'Garuva', 24),
(8224, 'Gaspar', 24),
(8225, 'Goio-en', 24),
(8226, 'Governador Celso Ramos', 24),
(8227, 'Grao Para', 24),
(8228, 'Grapia', 24),
(8229, 'Gravatal', 24),
(8230, 'Guabiruba', 24),
(8231, 'Guaporanga', 24),
(8232, 'Guaraciaba', 24),
(8233, 'Guaramirim', 24),
(8234, 'Guaruja do Sul', 24),
(8235, 'Guata', 24),
(8236, 'Guatambu', 24),
(8237, 'Hercilio Luz', 24),
(8238, 'Herciliopolis', 24),
(8239, 'Herval D\'oeste', 24),
(8240, 'Ibiam', 24),
(8241, 'Ibicare', 24),
(8242, 'Ibicui', 24),
(8243, 'Ibirama', 24),
(8244, 'Icara', 24),
(8245, 'Ilhota', 24),
(8246, 'Imarui', 24),
(8247, 'Imbituba', 24),
(8248, 'Imbuia', 24),
(8249, 'Indaial', 24),
(8250, 'Indios', 24),
(8251, 'Ingleses do Rio Vermelho', 24),
(8252, 'Invernada', 24),
(8253, 'Iomere', 24),
(8254, 'Ipira', 24),
(8255, 'Ipomeia', 24),
(8256, 'Ipora do Oeste', 24),
(8257, 'Ipuacu', 24),
(8258, 'Ipumirim', 24),
(8259, 'Iraceminha', 24),
(8260, 'Irakitan', 24),
(8261, 'Irani', 24),
(8262, 'Iraputa', 24),
(8263, 'Irati', 24),
(8264, 'Irineopolis', 24),
(8265, 'Ita', 24),
(8266, 'Itaio', 24),
(8267, 'Itaiopolis', 24),
(8268, 'Itajai', 24),
(8269, 'Itajuba', 24),
(8270, 'Itapema', 24),
(8271, 'Itapiranga', 24),
(8272, 'Itapoa', 24),
(8273, 'Itapocu', 24),
(8274, 'Itoupava', 24),
(8275, 'Ituporanga', 24),
(8276, 'Jabora', 24),
(8277, 'Jacinto Machado', 24),
(8278, 'Jaguaruna', 24),
(8279, 'Jaragua do Sul', 24),
(8280, 'Jardinopolis', 24),
(8281, 'Joacaba', 24),
(8282, 'Joinville', 24),
(8283, 'Jose Boiteux', 24),
(8284, 'Jupia', 24),
(8285, 'Lacerdopolis', 24),
(8286, 'Lages', 24),
(8287, 'Lagoa', 24),
(8288, 'Lagoa da Estiva', 24),
(8289, 'Laguna', 24),
(8290, 'Lajeado Grande', 24),
(8291, 'Laurentino', 24),
(8292, 'Lauro Muller', 24),
(8293, 'Leao', 24),
(8294, 'Lebon Regis', 24),
(8295, 'Leoberto Leal', 24),
(8296, 'Lindoia do Sul', 24),
(8297, 'Linha das Palmeiras', 24),
(8298, 'Lontras', 24),
(8299, 'Lourdes', 24),
(8300, 'Luiz Alves', 24),
(8301, 'Luzerna', 24),
(8302, 'Machados', 24),
(8303, 'Macieira', 24),
(8304, 'Mafra', 24),
(8305, 'Major Gercino', 24),
(8306, 'Major Vieira', 24),
(8307, 'Maracaja', 24),
(8308, 'Marari', 24),
(8309, 'Marata', 24),
(8310, 'Maravilha', 24),
(8311, 'Marcilio Dias', 24),
(8312, 'Marechal Bormann', 24),
(8313, 'Marema', 24),
(8314, 'Mariflor', 24),
(8315, 'Marombas', 24),
(8316, 'Marombas Bossardi', 24),
(8317, 'Massaranduba', 24),
(8318, 'Matos Costa', 24),
(8319, 'Meleiro', 24),
(8320, 'Mirador', 24),
(8321, 'Mirim', 24),
(8322, 'Mirim Doce', 24),
(8323, 'Modelo', 24),
(8324, 'Mondai', 24),
(8325, 'Monte Alegre', 24),
(8326, 'Monte Carlo', 24),
(8327, 'Monte Castelo', 24),
(8328, 'Morro Chato', 24),
(8329, 'Morro da Fumaca', 24),
(8330, 'Morro do Meio', 24),
(8331, 'Morro Grande', 24),
(8332, 'Navegantes', 24),
(8333, 'Nossa Senhora de Caravaggio', 24),
(8334, 'Nova Cultura', 24),
(8335, 'Nova Erechim', 24),
(8336, 'Nova Guarita', 24),
(8337, 'Nova Itaberaba', 24),
(8338, 'Nova Petropolis', 24),
(8339, 'Nova Teutonia', 24),
(8340, 'Nova Trento', 24),
(8341, 'Nova Veneza', 24),
(8342, 'Novo Horizonte', 24),
(8343, 'Orleans', 24),
(8344, 'Otacilio Costa', 24),
(8345, 'Ouro', 24),
(8346, 'Ouro Verde', 24),
(8347, 'Paial', 24),
(8348, 'Painel', 24),
(8349, 'Palhoca', 24),
(8350, 'Palma Sola', 24),
(8351, 'Palmeira', 24),
(8352, 'Palmitos', 24),
(8353, 'Pantano do Sul', 24),
(8354, 'Papanduva', 24),
(8355, 'Paraiso', 24),
(8356, 'Passo de Torres', 24),
(8357, 'Passo Manso', 24),
(8358, 'Passos Maia', 24),
(8359, 'Paula Pereira', 24),
(8360, 'Paulo Lopes', 24),
(8361, 'Pedras Grandes', 24),
(8362, 'Penha', 24),
(8363, 'Perico', 24),
(8364, 'Peritiba', 24),
(8365, 'Pescaria Brava', 24),
(8366, 'Petrolandia', 24),
(8367, 'Picarras', 24),
(8368, 'Pindotiba', 24),
(8369, 'Pinhalzinho', 24),
(8370, 'Pinheiral', 24),
(8371, 'Pinheiro Preto', 24),
(8372, 'Pinheiros', 24),
(8373, 'Pirabeiraba', 24),
(8374, 'Piratuba', 24),
(8375, 'Planalto', 24),
(8376, 'Planalto Alegre', 24),
(8377, 'Poco Preto', 24),
(8378, 'Pomerode', 24),
(8379, 'Ponte Alta', 24),
(8380, 'Ponte Alta do Norte', 24),
(8381, 'Ponte Serrada', 24),
(8382, 'Porto Belo', 24),
(8383, 'Porto Uniao', 24),
(8384, 'Pouso Redondo', 24),
(8385, 'Praia Grande', 24),
(8386, 'Prata', 24),
(8387, 'Presidente Castelo Branco', 24),
(8388, 'Presidente Getulio', 24),
(8389, 'Presidente Juscelino', 24),
(8390, 'Presidente Kennedy', 24),
(8391, 'Presidente Nereu', 24),
(8392, 'Princesa', 24),
(8393, 'Quarta Linha', 24),
(8394, 'Quilombo', 24),
(8395, 'Quilometro Doze', 24),
(8396, 'Rancho Queimado', 24),
(8397, 'Ratones', 24),
(8398, 'Residencia Fuck', 24),
(8399, 'Ribeirao da Ilha', 24),
(8400, 'Ribeirao Pequeno', 24),
(8401, 'Rio Antinha', 24),
(8402, 'Rio Bonito', 24),
(8403, 'Rio D\'una', 24),
(8404, 'Rio da Anta', 24),
(8405, 'Rio da Luz', 24),
(8406, 'Rio das Antas', 24),
(8407, 'Rio das Furnas', 24),
(8408, 'Rio do Campo', 24),
(8409, 'Rio do Oeste', 24),
(8410, 'Rio do Sul', 24),
(8411, 'Rio dos Bugres', 24),
(8412, 'Rio dos Cedros', 24),
(8413, 'Rio Fortuna', 24),
(8414, 'Rio Maina', 24),
(8415, 'Rio Negrinho', 24),
(8416, 'Rio Preto do Sul', 24),
(8417, 'Rio Rufino', 24),
(8418, 'Riqueza', 24),
(8419, 'Rodeio', 24),
(8420, 'Romelandia', 24),
(8421, 'Sai', 24),
(8422, 'Salete', 24),
(8423, 'Saltinho', 24),
(8424, 'Salto Veloso', 24),
(8425, 'Sanga da Toca', 24),
(8426, 'Sangao', 24),
(8427, 'Santa Cecilia', 24),
(8428, 'Santa Cruz do Timbo', 24),
(8429, 'Santa Helena', 24),
(8430, 'Santa Izabel', 24),
(8431, 'Santa Lucia', 24),
(8432, 'Santa Maria', 24),
(8433, 'Santa Rosa de Lima', 24),
(8434, 'Santa Rosa do Sul', 24),
(8435, 'Santa Terezinha', 24),
(8436, 'Santa Terezinha do Progresso', 24),
(8437, 'Santa Terezinha do Salto', 24),
(8438, 'Santiago do Sul', 24),
(8439, 'Santo Amaro da Imperatriz', 24),
(8440, 'Santo Antonio de Lisboa', 24),
(8441, 'Sao Bento Baixo', 24),
(8442, 'Sao Bento do Sul', 24),
(8443, 'Sao Bernardino', 24),
(8444, 'Sao Bonifacio', 24),
(8445, 'Sao Carlos', 24),
(8446, 'Sao Cristovao', 24),
(8447, 'Sao Cristovao do Sul', 24),
(8448, 'Sao Defende', 24),
(8449, 'Sao Domingos', 24),
(8450, 'Sao Francisco do Sul', 24),
(8451, 'Sao Gabriel', 24),
(8452, 'Sao Joao Batista', 24),
(8453, 'Sao Joao do Itaperiu', 24),
(8454, 'Sao Joao do Oeste', 24),
(8455, 'Sao Joao do Rio Vermelho', 24),
(8456, 'Sao Joao do Sul', 24),
(8457, 'Sao Joaquim', 24),
(8458, 'Sao Jose', 24),
(8459, 'Sao Jose do Cedro', 24),
(8460, 'Sao Jose do Cerrito', 24),
(8461, 'Sao Jose do Laranjal', 24),
(8462, 'Sao Leonardo', 24),
(8463, 'Sao Lourenco do Oeste', 24),
(8464, 'Sao Ludgero', 24),
(8465, 'Sao Martinho', 24),
(8466, 'Sao Miguel D\'oeste', 24),
(8467, 'Sao Miguel da Boa Vista', 24),
(8468, 'Sao Miguel da Serra', 24),
(8469, 'Sao Pedro de Alcantara', 24),
(8470, 'Sao Pedro Tobias', 24),
(8471, 'Sao Roque', 24),
(8472, 'Sao Sebastiao do Arvoredo', 24),
(8473, 'Sao Sebastiao do Sul', 24),
(8474, 'Sapiranga', 24),
(8475, 'Saudades', 24),
(8476, 'Schroeder', 24),
(8477, 'Seara', 24),
(8478, 'Sede Oldemburg', 24),
(8479, 'Serra Alta', 24),
(8480, 'Sertao do Maruim', 24),
(8481, 'Sideropolis', 24),
(8482, 'Sombrio', 24),
(8483, 'Sorocaba do Sul', 24),
(8484, 'Sul Brasil', 24),
(8485, 'Taio', 24),
(8486, 'Tangara', 24),
(8487, 'Taquara Verde', 24),
(8488, 'Taquaras', 24),
(8489, 'Tigipio', 24),
(8490, 'Tigrinhos', 24),
(8491, 'Tijucas', 24),
(8492, 'Timbe do Sul', 24),
(8493, 'Timbo', 24),
(8494, 'Timbo Grande', 24),
(8495, 'Tres Barras', 24),
(8496, 'Treviso', 24),
(8497, 'Treze de Maio', 24),
(8498, 'Treze Tilias', 24),
(8499, 'Trombudo Central', 24),
(8500, 'Tubarao', 24),
(8501, 'Tunapolis', 24),
(8502, 'Tupitinga', 24),
(8503, 'Turvo', 24),
(8504, 'Uniao do Oeste', 24),
(8505, 'Urubici', 24),
(8506, 'Uruguai', 24),
(8507, 'Urupema', 24),
(8508, 'Urussanga', 24),
(8509, 'Vargeao', 24),
(8510, 'Vargem', 24),
(8511, 'Vargem Bonita', 24),
(8512, 'Vargem do Cedro', 24),
(8513, 'Vidal Ramos', 24),
(8514, 'Videira', 24),
(8515, 'Vila Conceicao', 24),
(8516, 'Vila de Volta Grande', 24),
(8517, 'Vila Milani', 24),
(8518, 'Vila Nova', 24),
(8519, 'Vitor Meireles', 24),
(8520, 'Witmarsum', 24),
(8521, 'Xanxere', 24),
(8522, 'Xavantina', 24),
(8523, 'Xaxim', 24),
(8524, 'Zortea', 24),
(8525, 'Altos Verdes', 25),
(8526, 'Amparo de Sao Francisco', 25),
(8527, 'Aquidaba', 25),
(8528, 'Aracaju', 25),
(8529, 'Araua', 25),
(8530, 'Areia Branca', 25),
(8531, 'Barra dos Coqueiros', 25),
(8532, 'Barracas', 25),
(8533, 'Boquim', 25),
(8534, 'Brejo Grande', 25),
(8535, 'Campo do Brito', 25),
(8536, 'Canhoba', 25),
(8537, 'Caninde de Sao Francisco', 25),
(8538, 'Capela', 25),
(8539, 'Carira', 25),
(8540, 'Carmopolis', 25),
(8541, 'Cedro de Sao Joao', 25),
(8542, 'Cristinapolis', 25),
(8543, 'Cumbe', 25),
(8544, 'Divina Pastora', 25),
(8545, 'Estancia', 25),
(8546, 'Feira Nova', 25),
(8547, 'Frei Paulo', 25),
(8548, 'Gararu', 25),
(8549, 'General Maynard', 25),
(8550, 'Graccho Cardoso', 25),
(8551, 'Ilha das Flores', 25),
(8552, 'Indiaroba', 25),
(8553, 'Itabaiana', 25),
(8554, 'Itabaianinha', 25),
(8555, 'Itabi', 25),
(8556, 'Itaporanga D\'ajuda', 25),
(8557, 'Japaratuba', 25),
(8558, 'Japoata', 25),
(8559, 'Lagarto', 25),
(8560, 'Lagoa Funda', 25),
(8561, 'Laranjeiras', 25),
(8562, 'Macambira', 25),
(8563, 'Malhada dos Bois', 25),
(8564, 'Malhador', 25),
(8565, 'Maruim', 25),
(8566, 'Miranda', 25),
(8567, 'Moita Bonita', 25),
(8568, 'Monte Alegre de Sergipe', 25),
(8569, 'Mosqueiro', 25),
(8570, 'Muribeca', 25),
(8571, 'Neopolis', 25),
(8572, 'Nossa Senhora Aparecida', 25),
(8573, 'Nossa Senhora da Gloria', 25),
(8574, 'Nossa Senhora das Dores', 25),
(8575, 'Nossa Senhora de Lourdes', 25),
(8576, 'Nossa Senhora do Socorro', 25),
(8577, 'Pacatuba', 25),
(8578, 'Palmares', 25),
(8579, 'Pedra Mole', 25),
(8580, 'Pedras', 25),
(8581, 'Pedrinhas', 25),
(8582, 'Pinhao', 25),
(8583, 'Pirambu', 25),
(8584, 'Poco Redondo', 25),
(8585, 'Poco Verde', 25),
(8586, 'Porto da Folha', 25),
(8587, 'Propria', 25),
(8588, 'Riachao do Dantas', 25),
(8589, 'Riachuelo', 25),
(8590, 'Ribeiropolis', 25),
(8591, 'Rosario do Catete', 25),
(8592, 'Salgado', 25),
(8593, 'Samambaia', 25),
(8594, 'Santa Luzia do Itanhy', 25),
(8595, 'Santa Rosa de Lima', 25),
(8596, 'Santana do Sao Francisco', 25),
(8597, 'Santo Amaro das Brotas', 25),
(8598, 'Sao Cristovao', 25),
(8599, 'Sao Domingos', 25),
(8600, 'Sao Francisco', 25),
(8601, 'Sao Jose', 25),
(8602, 'Sao Mateus da Palestina', 25),
(8603, 'Sao Miguel do Aleixo', 25),
(8604, 'Simao Dias', 25),
(8605, 'Siriri', 25),
(8606, 'Telha', 25),
(8607, 'Tobias Barreto', 25),
(8608, 'Tomar do Geru', 25),
(8609, 'Umbauba', 25),
(8610, 'Adamantina', 26),
(8611, 'Adolfo', 26),
(8612, 'Agisse', 26),
(8613, 'Agua Vermelha', 26),
(8614, 'Aguai', 26),
(8615, 'Aguas da Prata', 26),
(8616, 'Aguas de Lindoia', 26),
(8617, 'Aguas de Santa Barbara', 26),
(8618, 'Aguas de Sao Pedro', 26),
(8619, 'Agudos', 26),
(8620, 'Agulha', 26),
(8621, 'Ajapi', 26),
(8622, 'Alambari', 26),
(8623, 'Alberto Moreira', 26),
(8624, 'Aldeia', 26),
(8625, 'Aldeia de Carapicuiba', 26),
(8626, 'Alfredo Guedes', 26),
(8627, 'Alfredo Marcondes', 26),
(8628, 'Altair', 26),
(8629, 'Altinopolis', 26),
(8630, 'Alto Alegre', 26),
(8631, 'Alto Pora', 26),
(8632, 'Aluminio', 26),
(8633, 'Alvares Florence', 26),
(8634, 'Alvares Machado', 26),
(8635, 'Alvaro de Carvalho', 26),
(8636, 'Alvinlandia', 26),
(8637, 'Amadeu Amaral', 26),
(8638, 'Amandaba', 26),
(8639, 'Ameliopolis', 26),
(8640, 'Americana', 26),
(8641, 'Americo Brasiliense', 26),
(8642, 'Americo de Campos', 26),
(8643, 'Amparo', 26),
(8644, 'Ana Dias', 26),
(8645, 'Analandia', 26),
(8646, 'Anapolis', 26),
(8647, 'Andes', 26),
(8648, 'Andradina', 26),
(8649, 'Angatuba', 26),
(8650, 'Anhembi', 26),
(8651, 'Anhumas', 26),
(8652, 'Aparecida', 26),
(8653, 'Aparecida D\'oeste', 26),
(8654, 'Aparecida de Monte Alto', 26),
(8655, 'Aparecida de Sao Manuel', 26),
(8656, 'Aparecida do Bonito', 26),
(8657, 'Apiai', 26),
(8658, 'Apiai-mirim', 26),
(8659, 'Arabela', 26),
(8660, 'Aracacu', 26),
(8661, 'Aracaiba', 26),
(8662, 'Aracariguama', 26),
(8663, 'Aracatuba', 26),
(8664, 'Aracoiaba da Serra', 26),
(8665, 'Aramina', 26),
(8666, 'Arandu', 26),
(8667, 'Arapei', 26),
(8668, 'Araraquara', 26),
(8669, 'Araras', 26),
(8670, 'Araxas', 26),
(8671, 'Arcadas', 26),
(8672, 'Arco-iris', 26),
(8673, 'Arealva', 26),
(8674, 'Areias', 26),
(8675, 'Areiopolis', 26),
(8676, 'Ariranha', 26),
(8677, 'Ariri', 26),
(8678, 'Artemis', 26),
(8679, 'Artur Nogueira', 26),
(8680, 'Aruja', 26),
(8681, 'Aspasia', 26),
(8682, 'Assis', 26),
(8683, 'Assistencia', 26),
(8684, 'Atibaia', 26),
(8685, 'Atlantida', 26),
(8686, 'Auriflama', 26),
(8687, 'Avai', 26),
(8688, 'Avanhandava', 26),
(8689, 'Avare', 26),
(8690, 'Avencas', 26),
(8691, 'Bacaetava', 26),
(8692, 'Bacuriti', 26),
(8693, 'Bady Bassitt', 26),
(8694, 'Baguacu', 26),
(8695, 'Bairro Alto', 26),
(8696, 'Balbinos', 26),
(8697, 'Balsamo', 26),
(8698, 'Bananal', 26),
(8699, 'Bandeirantes D\'oeste', 26),
(8700, 'Barao Ataliba Nogueira', 26),
(8701, 'Barao de Antonina', 26),
(8702, 'Barao de Geraldo', 26),
(8703, 'Barbosa', 26),
(8704, 'Bariri', 26),
(8705, 'Barra Bonita', 26),
(8706, 'Barra do Chapeu', 26),
(8707, 'Barra do Turvo', 26),
(8708, 'Barra Dourada', 26),
(8709, 'Barrania', 26),
(8710, 'Barretos', 26),
(8711, 'Barrinha', 26),
(8712, 'Barueri', 26),
(8713, 'Bastos', 26),
(8714, 'Batatais', 26),
(8715, 'Batatuba', 26),
(8716, 'Batista Botelho', 26),
(8717, 'Bauru', 26),
(8718, 'Bebedouro', 26),
(8719, 'Bela Floresta', 26),
(8720, 'Bela Vista Sao-carlense', 26),
(8721, 'Bento de Abreu', 26),
(8722, 'Bernardino de Campos', 26),
(8723, 'Bertioga', 26),
(8724, 'Bilac', 26),
(8725, 'Birigui', 26),
(8726, 'Biritiba-mirim', 26),
(8727, 'Biritiba-ussu', 26),
(8728, 'Boa Esperanca do Sul', 26),
(8729, 'Boa Vista dos Andradas', 26),
(8730, 'Boa Vista Paulista', 26),
(8731, 'Bocaina', 26),
(8732, 'Bofete', 26),
(8733, 'Boituva', 26),
(8734, 'Bom Fim do Bom Jesus', 26),
(8735, 'Bom Jesus dos Perdoes', 26),
(8736, 'Bom Retiro da Esperanca', 26),
(8737, 'Bom Sucesso de Itarare', 26),
(8738, 'Bonfim Paulista', 26),
(8739, 'Bora', 26),
(8740, 'Boraceia', 26),
(8741, 'Borborema', 26),
(8742, 'Borebi', 26),
(8743, 'Botafogo', 26),
(8744, 'Botelho', 26),
(8745, 'Botucatu', 26),
(8746, 'Botujuru', 26),
(8747, 'Braco', 26),
(8748, 'Braganca Paulista', 26),
(8749, 'Bras Cubas', 26),
(8750, 'Brasitania', 26),
(8751, 'Brauna', 26),
(8752, 'Brejo Alegre', 26),
(8753, 'Brodowski', 26),
(8754, 'Brotas', 26),
(8755, 'Bueno de Andrada', 26),
(8756, 'Buri', 26),
(8757, 'Buritama', 26),
(8758, 'Buritizal', 26),
(8759, 'Cabralia Paulista', 26),
(8760, 'Cabreuva', 26),
(8761, 'Cacapava', 26),
(8762, 'Cachoeira de Emas', 26),
(8763, 'Cachoeira Paulista', 26),
(8764, 'Caconde', 26),
(8765, 'Cafelandia', 26),
(8766, 'Cafesopolis', 26),
(8767, 'Caiabu', 26),
(8768, 'Caibura', 26),
(8769, 'Caieiras', 26),
(8770, 'Caiua', 26),
(8771, 'Cajamar', 26),
(8772, 'Cajati', 26),
(8773, 'Cajobi', 26),
(8774, 'Cajuru', 26),
(8775, 'Cambaquara', 26),
(8776, 'Cambaratiba', 26),
(8777, 'Campestrinho', 26),
(8778, 'Campina de Fora', 26),
(8779, 'Campina do Monte Alegre', 26),
(8780, 'Campinal', 26),
(8781, 'Campinas', 26),
(8782, 'Campo Limpo Paulista', 26),
(8783, 'Campos de Cunha', 26),
(8784, 'Campos do Jordao', 26),
(8785, 'Campos Novos Paulista', 26),
(8786, 'Cananeia', 26),
(8787, 'Canas', 26),
(8788, 'Candia', 26),
(8789, 'Candido Mota', 26),
(8790, 'Candido Rodrigues', 26),
(8791, 'Canguera', 26),
(8792, 'Canitar', 26),
(8793, 'Capao Bonito', 26),
(8794, 'Capela do Alto', 26),
(8795, 'Capivari', 26),
(8796, 'Capivari da Mata', 26),
(8797, 'Caporanga', 26),
(8798, 'Capuava', 26),
(8799, 'Caraguatatuba', 26),
(8800, 'Carapicuiba', 26),
(8801, 'Cardeal', 26),
(8802, 'Cardoso', 26),
(8803, 'Caruara', 26),
(8804, 'Casa Branca', 26),
(8805, 'Cassia dos Coqueiros', 26),
(8806, 'Castilho', 26),
(8807, 'Catanduva', 26),
(8808, 'Catigua', 26),
(8809, 'Catucaba', 26),
(8810, 'Caucaia do Alto', 26),
(8811, 'Cedral', 26),
(8812, 'Cerqueira Cesar', 26),
(8813, 'Cerquilho', 26),
(8814, 'Cesario Lange', 26),
(8815, 'Cezar de Souza', 26),
(8816, 'Charqueada', 26),
(8817, 'Chavantes', 26),
(8818, 'Cipo-guacu', 26),
(8819, 'Clarinia', 26),
(8820, 'Clementina', 26),
(8821, 'Cocaes', 26),
(8822, 'Colina', 26),
(8823, 'Colombia', 26),
(8824, 'Conceicao de Monte Alegre', 26),
(8825, 'Conchal', 26),
(8826, 'Conchas', 26),
(8827, 'Cordeiropolis', 26),
(8828, 'Coroados', 26),
(8829, 'Coronel Goulart', 26),
(8830, 'Coronel Macedo', 26),
(8831, 'Corredeira', 26),
(8832, 'Corrego Rico', 26),
(8833, 'Corumbatai', 26),
(8834, 'Cosmopolis', 26),
(8835, 'Cosmorama', 26),
(8836, 'Costa Machado', 26),
(8837, 'Cotia', 26),
(8838, 'Cravinhos', 26),
(8839, 'Cristais Paulista', 26),
(8840, 'Cruz das Posses', 26),
(8841, 'Cruzalia', 26),
(8842, 'Cruzeiro', 26),
(8843, 'Cubatao', 26),
(8844, 'Cuiaba Paulista', 26),
(8845, 'Cunha', 26),
(8846, 'Curupa', 26),
(8847, 'Dalas', 26),
(8848, 'Descalvado', 26),
(8849, 'Diadema', 26),
(8850, 'Dirce Reis', 26),
(8851, 'Dirceu', 26),
(8852, 'Divinolandia', 26),
(8853, 'Dobrada', 26),
(8854, 'Dois Corregos', 26),
(8855, 'Dolcinopolis', 26),
(8856, 'Domelia', 26),
(8857, 'Dourado', 26),
(8858, 'Dracena', 26),
(8859, 'Duartina', 26),
(8860, 'Dumont', 26),
(8861, 'Duplo Ceu', 26),
(8862, 'Echapora', 26),
(8863, 'Eldorado', 26),
(8864, 'Eleuterio', 26),
(8865, 'Elias Fausto', 26),
(8866, 'Elisiario', 26),
(8867, 'Embauba', 26),
(8868, 'Embu', 26),
(8869, 'Embu-guacu', 26),
(8870, 'Emilianopolis', 26),
(8871, 'Eneida', 26),
(8872, 'Engenheiro Balduino', 26),
(8873, 'Engenheiro Coelho', 26),
(8874, 'Engenheiro Maia', 26),
(8875, 'Engenheiro Schmidt', 26),
(8876, 'Esmeralda', 26),
(8877, 'Esperanca D\'oeste', 26),
(8878, 'Espigao', 26),
(8879, 'Espirito Santo do Pinhal', 26),
(8880, 'Espirito Santo do Turvo', 26),
(8881, 'Estiva Gerbi', 26),
(8882, 'Estrela D\'oeste', 26),
(8883, 'Estrela do Norte', 26),
(8884, 'Euclides da Cunha Paulista', 26),
(8885, 'Eugenio de Melo', 26),
(8886, 'Fartura', 26),
(8887, 'Fatima', 26),
(8888, 'Fatima Paulista', 26),
(8889, 'Fazenda Velha', 26),
(8890, 'Fernando Prestes', 26),
(8891, 'Fernandopolis', 26),
(8892, 'Fernao', 26),
(8893, 'Ferraz de Vasconcelos', 26),
(8894, 'Flora Rica', 26),
(8895, 'Floreal', 26),
(8896, 'Floresta do Sul', 26),
(8897, 'Florida Paulista', 26),
(8898, 'Florinea', 26),
(8899, 'Franca', 26),
(8900, 'Francisco Morato', 26),
(8901, 'Franco da Rocha', 26),
(8902, 'Frutal do Campo', 26),
(8903, 'Gabriel Monteiro', 26),
(8904, 'Galia', 26),
(8905, 'Garca', 26),
(8906, 'Gardenia', 26),
(8907, 'Gastao Vidigal', 26),
(8908, 'Gaviao Peixoto', 26),
(8909, 'General Salgado', 26),
(8910, 'Getulina', 26),
(8911, 'Glicerio', 26),
(8912, 'Gramadinho', 26),
(8913, 'Guachos', 26),
(8914, 'Guaianas', 26),
(8915, 'Guaicara', 26),
(8916, 'Guaimbe', 26),
(8917, 'Guaira', 26),
(8918, 'Guamium', 26),
(8919, 'Guapiacu', 26),
(8920, 'Guapiara', 26),
(8921, 'Guapiranga', 26),
(8922, 'Guara', 26),
(8923, 'Guaracai', 26),
(8924, 'Guaraci', 26),
(8925, 'Guaraciaba D\'oeste', 26),
(8926, 'Guarani D\'oeste', 26),
(8927, 'Guaranta', 26),
(8928, 'Guarapiranga', 26),
(8929, 'Guarapua', 26),
(8930, 'Guararapes', 26),
(8931, 'Guararema', 26),
(8932, 'Guaratingueta', 26),
(8933, 'Guarei', 26),
(8934, 'Guariba', 26),
(8935, 'Guariroba', 26),
(8936, 'Guarizinho', 26),
(8937, 'Guaruja', 26),
(8938, 'Guarulhos', 26),
(8939, 'Guatapara', 26),
(8940, 'Guzolandia', 26),
(8941, 'Herculandia', 26),
(8942, 'Holambra', 26),
(8943, 'Holambra Ii', 26),
(8944, 'Hortolandia', 26),
(8945, 'Iacanga', 26),
(8946, 'Iacri', 26),
(8947, 'Iaras', 26),
(8948, 'Ibate', 26),
(8949, 'Ibiporanga', 26),
(8950, 'Ibira', 26),
(8951, 'Ibirarema', 26),
(8952, 'Ibitinga', 26),
(8953, 'Ibitiruna', 26),
(8954, 'Ibitiuva', 26),
(8955, 'Ibitu', 26),
(8956, 'Ibiuna', 26),
(8957, 'Icem', 26),
(8958, 'Ida Iolanda', 26),
(8959, 'Iepe', 26),
(8960, 'Igacaba', 26),
(8961, 'Igaracu do Tiete', 26),
(8962, 'Igarai', 26),
(8963, 'Igarapava', 26),
(8964, 'Igarata', 26),
(8965, 'Iguape', 26),
(8966, 'Ilha Comprida', 26),
(8967, 'Ilha Diana', 26),
(8968, 'Ilha Solteira', 26),
(8969, 'Ilhabela', 26),
(8970, 'Indaia do Aguapei', 26),
(8971, 'Indaiatuba', 26),
(8972, 'Indiana', 26),
(8973, 'Indiapora', 26),
(8974, 'Ingas', 26),
(8975, 'Inubia Paulista', 26),
(8976, 'Ipaussu', 26),
(8977, 'Ipero', 26),
(8978, 'Ipeuna', 26),
(8979, 'Ipigua', 26),
(8980, 'Iporanga', 26),
(8981, 'Ipua', 26),
(8982, 'Iracemapolis', 26),
(8983, 'Irape', 26),
(8984, 'Irapua', 26),
(8985, 'Irapuru', 26),
(8986, 'Itabera', 26),
(8987, 'Itaboa', 26),
(8988, 'Itai', 26),
(8989, 'Itaiuba', 26),
(8990, 'Itajobi', 26),
(8991, 'Itaju', 26),
(8992, 'Itanhaem', 26),
(8993, 'Itaoca', 26),
(8994, 'Itapecerica da Serra', 26),
(8995, 'Itapetininga', 26),
(8996, 'Itapeuna', 26),
(8997, 'Itapeva', 26),
(8998, 'Itapevi', 26),
(8999, 'Itapira', 26),
(9000, 'Itapirapua Paulista', 26),
(9001, 'Itapolis', 26),
(9002, 'Itaporanga', 26),
(9003, 'Itapui', 26),
(9004, 'Itapura', 26),
(9005, 'Itaquaquecetuba', 26),
(9006, 'Itaqueri da Serra', 26),
(9007, 'Itarare', 26),
(9008, 'Itariri', 26),
(9009, 'Itatiba', 26),
(9010, 'Itatinga', 26),
(9011, 'Itirapina', 26),
(9012, 'Itirapua', 26),
(9013, 'Itobi', 26),
(9014, 'Itororo do Paranapanema', 26),
(9015, 'Itu', 26),
(9016, 'Itupeva', 26),
(9017, 'Ituverava', 26),
(9018, 'Iubatinga', 26),
(9019, 'Jaborandi', 26),
(9020, 'Jaboticabal', 26),
(9021, 'Jacare', 26),
(9022, 'Jacarei', 26),
(9023, 'Jaci', 26),
(9024, 'Jacipora', 26),
(9025, 'Jacuba', 26),
(9026, 'Jacupiranga', 26),
(9027, 'Jafa', 26),
(9028, 'Jaguariuna', 26),
(9029, 'Jales', 26),
(9030, 'Jamaica', 26),
(9031, 'Jambeiro', 26),
(9032, 'Jandira', 26),
(9033, 'Jardim Belval', 26),
(9034, 'Jardim Presidente Dutra', 26),
(9035, 'Jardim Santa Luzia', 26),
(9036, 'Jardim Silveira', 26),
(9037, 'Jardinopolis', 26),
(9038, 'Jarinu', 26),
(9039, 'Jatoba', 26),
(9040, 'Jau', 26),
(9041, 'Jeriquara', 26),
(9042, 'Joanopolis', 26),
(9043, 'Joao Ramalho', 26),
(9044, 'Joaquim Egidio', 26),
(9045, 'Jordanesia', 26),
(9046, 'Jose Bonifacio', 26),
(9047, 'Juliania', 26),
(9048, 'Julio Mesquita', 26),
(9049, 'Jumirim', 26),
(9050, 'Jundiai', 26),
(9051, 'Jundiapeba', 26),
(9052, 'Junqueira', 26),
(9053, 'Junqueiropolis', 26),
(9054, 'Juquia', 26),
(9055, 'Juquiratiba', 26),
(9056, 'Juquitiba', 26),
(9057, 'Juritis', 26),
(9058, 'Juruce', 26),
(9059, 'Jurupeba', 26),
(9060, 'Jurupema', 26),
(9061, 'Lacio', 26),
(9062, 'Lagoa Azul', 26),
(9063, 'Lagoa Branca', 26),
(9064, 'Lagoinha', 26),
(9065, 'Laranjal Paulista', 26),
(9066, 'Laras', 26),
(9067, 'Lauro Penteado', 26),
(9068, 'Lavinia', 26),
(9069, 'Lavrinhas', 26),
(9070, 'Leme', 26),
(9071, 'Lencois Paulista', 26),
(9072, 'Limeira', 26),
(9073, 'Lindoia', 26),
(9074, 'Lins', 26),
(9075, 'Lobo', 26),
(9076, 'Lorena', 26),
(9077, 'Lourdes', 26),
(9078, 'Louveira', 26),
(9079, 'Lucelia', 26),
(9080, 'Lucianopolis', 26),
(9081, 'Luis Antonio', 26),
(9082, 'Luiziania', 26),
(9083, 'Lupercio', 26),
(9084, 'Lusitania', 26),
(9085, 'Lutecia', 26),
(9086, 'Macatuba', 26),
(9087, 'Macaubal', 26),
(9088, 'Macedonia', 26),
(9089, 'Macucos', 26),
(9090, 'Magda', 26),
(9091, 'Mailasqui', 26),
(9092, 'Mairinque', 26),
(9093, 'Mairipora', 26),
(9094, 'Major Prado', 26),
(9095, 'Manduri', 26),
(9096, 'Mangaratu', 26),
(9097, 'Maraba Paulista', 26),
(9098, 'Maracai', 26),
(9099, 'Marapoama', 26),
(9100, 'Marcondesia', 26),
(9101, 'Maresias', 26),
(9102, 'Mariapolis', 26),
(9103, 'Marilia', 26),
(9104, 'Marinopolis', 26),
(9105, 'Maristela', 26),
(9106, 'Martim Francisco', 26),
(9107, 'Martinho Prado Junior', 26),
(9108, 'Martinopolis', 26),
(9109, 'Matao', 26),
(9110, 'Maua', 26),
(9111, 'Mendonca', 26),
(9112, 'Meridiano', 26),
(9113, 'Mesopolis', 26),
(9114, 'Miguelopolis', 26),
(9115, 'Mineiros do Tiete', 26),
(9116, 'Mira Estrela', 26),
(9117, 'Miracatu', 26),
(9118, 'Miraluz', 26),
(9119, 'Mirandopolis', 26),
(9120, 'Mirante do Paranapanema', 26),
(9121, 'Mirassol', 26),
(9122, 'Mirassolandia', 26),
(9123, 'Mococa', 26),
(9124, 'Mogi das Cruzes', 26),
(9125, 'Mogi-guacu', 26),
(9126, 'Mogi-mirim', 26),
(9127, 'Mombuca', 26),
(9128, 'Moncoes', 26),
(9129, 'Mongagua', 26),
(9130, 'Montalvao', 26),
(9131, 'Monte Alegre do Sul', 26),
(9132, 'Monte Alto', 26),
(9133, 'Monte Aprazivel', 26),
(9134, 'Monte Azul Paulista', 26),
(9135, 'Monte Cabrao', 26),
(9136, 'Monte Castelo', 26),
(9137, 'Monte Mor', 26),
(9138, 'Monte Verde Paulista', 26),
(9139, 'Monteiro Lobato', 26),
(9140, 'Moreira Cesar', 26),
(9141, 'Morro Agudo', 26),
(9142, 'Morro do Alto', 26),
(9143, 'Morungaba', 26),
(9144, 'Mostardas', 26),
(9145, 'Motuca', 26),
(9146, 'Mourao', 26),
(9147, 'Murutinga do Sul', 26),
(9148, 'Nantes', 26),
(9149, 'Narandiba', 26),
(9150, 'Natividade da Serra', 26),
(9151, 'Nazare Paulista', 26),
(9152, 'Neves Paulista', 26),
(9153, 'Nhandeara', 26),
(9154, 'Nipoa', 26),
(9155, 'Nogueira', 26),
(9156, 'Nossa Senhora do Remedio', 26),
(9157, 'Nova Alexandria', 26),
(9158, 'Nova Alianca', 26),
(9159, 'Nova America', 26),
(9160, 'Nova Aparecida', 26),
(9161, 'Nova Campina', 26),
(9162, 'Nova Canaa Paulista', 26),
(9163, 'Nova Castilho', 26),
(9164, 'Nova Europa', 26),
(9165, 'Nova Granada', 26),
(9166, 'Nova Guataporanga', 26),
(9167, 'Nova Independencia', 26),
(9168, 'Nova Itapirema', 26),
(9169, 'Nova Luzitania', 26),
(9170, 'Nova Odessa', 26),
(9171, 'Nova Patria', 26),
(9172, 'Nova Veneza', 26),
(9173, 'Novais', 26),
(9174, 'Novo Cravinhos', 26),
(9175, 'Novo Horizonte', 26),
(9176, 'Nuporanga', 26),
(9177, 'Oasis', 26),
(9178, 'Ocaucu', 26),
(9179, 'Oleo', 26),
(9180, 'Olimpia', 26),
(9181, 'Oliveira Barros', 26),
(9182, 'Onda Branca', 26),
(9183, 'Onda Verde', 26),
(9184, 'Oriente', 26),
(9185, 'Orindiuva', 26),
(9186, 'Orlandia', 26),
(9187, 'Osasco', 26),
(9188, 'Oscar Bressane', 26),
(9189, 'Osvaldo Cruz', 26),
(9190, 'Ourinhos', 26),
(9191, 'Ouro Fino Paulista', 26),
(9192, 'Ouro Verde', 26),
(9193, 'Ouroeste', 26),
(9194, 'Pacaembu', 26),
(9195, 'Padre Nobrega', 26),
(9196, 'Palestina', 26),
(9197, 'Palmares Paulista', 26),
(9198, 'Palmeira D\'oeste', 26),
(9199, 'Palmeiras de Sao Paulo', 26),
(9200, 'Palmital', 26),
(9201, 'Panorama', 26),
(9202, 'Paraguacu Paulista', 26),
(9203, 'Paraibuna', 26),
(9204, 'Paraiso', 26),
(9205, 'Paraisolandia', 26),
(9206, 'Paranabi', 26),
(9207, 'Paranapanema', 26),
(9208, 'Paranapiacaba', 26),
(9209, 'Paranapua', 26),
(9210, 'Parapua', 26),
(9211, 'Pardinho', 26),
(9212, 'Pariquera-acu', 26),
(9213, 'Parisi', 26),
(9214, 'Parnaso', 26),
(9215, 'Parque Meia Lua', 26),
(9216, 'Paruru', 26),
(9217, 'Patrocinio Paulista', 26),
(9218, 'Pauliceia', 26),
(9219, 'Paulinia', 26),
(9220, 'Paulistania', 26),
(9221, 'Paulo de Faria', 26),
(9222, 'Paulopolis', 26),
(9223, 'Pederneiras', 26),
(9224, 'Pedra Bela', 26),
(9225, 'Pedra Branca de Itarare', 26),
(9226, 'Pedranopolis', 26),
(9227, 'Pedregulho', 26),
(9228, 'Pedreira', 26),
(9229, 'Pedrinhas Paulista', 26),
(9230, 'Pedro Barros', 26),
(9231, 'Pedro de Toledo', 26),
(9232, 'Penapolis', 26),
(9233, 'Pereira Barreto', 26),
(9234, 'Pereiras', 26),
(9235, 'Peruibe', 26),
(9236, 'Piacatu', 26),
(9237, 'Picinguaba', 26),
(9238, 'Piedade', 26),
(9239, 'Pilar do Sul', 26),
(9240, 'Pindamonhangaba', 26),
(9241, 'Pindorama', 26),
(9242, 'Pinhalzinho', 26),
(9243, 'Pinheiros', 26),
(9244, 'Pioneiros', 26),
(9245, 'Piquerobi', 26),
(9246, 'Piquete', 26),
(9247, 'Piracaia', 26),
(9248, 'Piracicaba', 26),
(9249, 'Piraju', 26),
(9250, 'Pirajui', 26),
(9251, 'Piramboia', 26),
(9252, 'Pirangi', 26),
(9253, 'Pirapitingui', 26),
(9254, 'Pirapora do Bom Jesus', 26),
(9255, 'Pirapozinho', 26),
(9256, 'Pirassununga', 26),
(9257, 'Piratininga', 26),
(9258, 'Pitangueiras', 26),
(9259, 'Planalto', 26),
(9260, 'Planalto do Sul', 26),
(9261, 'Platina', 26),
(9262, 'Poa', 26),
(9263, 'Poloni', 26),
(9264, 'Polvilho', 26),
(9265, 'Pompeia', 26),
(9266, 'Pongai', 26),
(9267, 'Pontal', 26),
(9268, 'Pontalinda', 26),
(9269, 'Pontes Gestal', 26),
(9270, 'Populina', 26),
(9271, 'Porangaba', 26),
(9272, 'Porto Feliz', 26),
(9273, 'Porto Ferreira', 26),
(9274, 'Porto Novo', 26),
(9275, 'Potim', 26),
(9276, 'Potirendaba', 26),
(9277, 'Potunduva', 26),
(9278, 'Pracinha', 26),
(9279, 'Pradinia', 26),
(9280, 'Pradopolis', 26),
(9281, 'Praia Grande', 26),
(9282, 'Pratania', 26),
(9283, 'Presidente Alves', 26),
(9284, 'Presidente Bernardes', 26),
(9285, 'Presidente Epitacio', 26),
(9286, 'Presidente Prudente', 26),
(9287, 'Presidente Venceslau', 26),
(9288, 'Primavera', 26),
(9289, 'Promissao', 26),
(9290, 'Prudencio E Moraes', 26),
(9291, 'Quadra', 26),
(9292, 'Quata', 26),
(9293, 'Queiroz', 26),
(9294, 'Queluz', 26),
(9295, 'Quintana', 26),
(9296, 'Quiririm', 26),
(9297, 'Rafard', 26),
(9298, 'Rancharia', 26),
(9299, 'Rechan', 26),
(9300, 'Redencao da Serra', 26),
(9301, 'Regente Feijo', 26),
(9302, 'Reginopolis', 26),
(9303, 'Registro', 26),
(9304, 'Restinga', 26),
(9305, 'Riacho Grande', 26),
(9306, 'Ribeira', 26),
(9307, 'Ribeirao Bonito', 26),
(9308, 'Ribeirao Branco', 26),
(9309, 'Ribeirao Corrente', 26),
(9310, 'Ribeirao do Sul', 26),
(9311, 'Ribeirao dos Indios', 26),
(9312, 'Ribeirao Grande', 26),
(9313, 'Ribeirao Pires', 26),
(9314, 'Ribeirao Preto', 26),
(9315, 'Ribeiro do Vale', 26),
(9316, 'Ribeiro dos Santos', 26),
(9317, 'Rifaina', 26),
(9318, 'Rincao', 26),
(9319, 'Rinopolis', 26),
(9320, 'Rio Claro', 26),
(9321, 'Rio das Pedras', 26),
(9322, 'Rio Grande da Serra', 26),
(9323, 'Riolandia', 26),
(9324, 'Riversul', 26),
(9325, 'Roberto', 26),
(9326, 'Rosalia', 26),
(9327, 'Rosana', 26),
(9328, 'Roseira', 26),
(9329, 'Rubiacea', 26),
(9330, 'Rubiao Junior', 26),
(9331, 'Rubineia', 26),
(9332, 'Ruilandia', 26),
(9333, 'Sabauna', 26),
(9334, 'Sabino', 26),
(9335, 'Sagres', 26),
(9336, 'Sales', 26),
(9337, 'Sales Oliveira', 26),
(9338, 'Salesopolis', 26),
(9339, 'Salmourao', 26),
(9340, 'Saltinho', 26),
(9341, 'Salto', 26),
(9342, 'Salto de Pirapora', 26),
(9343, 'Salto do Avanhandava', 26),
(9344, 'Salto Grande', 26),
(9345, 'Sandovalina', 26),
(9346, 'Santa Adelia', 26),
(9347, 'Santa Albertina', 26),
(9348, 'Santa America', 26),
(9349, 'Santa Barbara D\'oeste', 26),
(9350, 'Santa Branca', 26),
(9351, 'Santa Clara D\'oeste', 26),
(9352, 'Santa Cruz da Conceicao', 26),
(9353, 'Santa Cruz da Esperanca', 26),
(9354, 'Santa Cruz da Estrela', 26),
(9355, 'Santa Cruz das Palmeiras', 26),
(9356, 'Santa Cruz do Rio Pardo', 26),
(9357, 'Santa Cruz dos Lopes', 26),
(9358, 'Santa Ernestina', 26),
(9359, 'Santa Eudoxia', 26),
(9360, 'Santa Fe do Sul', 26),
(9361, 'Santa Gertrudes', 26),
(9362, 'Santa Isabel', 26),
(9363, 'Santa Isabel do Marinheiro', 26),
(9364, 'Santa Lucia', 26),
(9365, 'Santa Margarida Paulista', 26),
(9366, 'Santa Maria da Serra', 26),
(9367, 'Santa Maria do Gurupa', 26),
(9368, 'Santa Mercedes', 26),
(9369, 'Santa Rita D\'oeste', 26),
(9370, 'Santa Rita do Passa Quatro', 26),
(9371, 'Santa Rita do Ribeira', 26),
(9372, 'Santa Rosa de Viterbo', 26),
(9373, 'Santa Salete', 26),
(9374, 'Santa Teresinha de Piracicaba', 26),
(9375, 'Santana da Ponte Pensa', 26),
(9376, 'Santana de Parnaiba', 26),
(9377, 'Santelmo', 26),
(9378, 'Santo Anastacio', 26),
(9379, 'Santo Andre', 26),
(9380, 'Santo Antonio da Alegria', 26),
(9381, 'Santo Antonio da Estiva', 26),
(9382, 'Santo Antonio de Posse', 26),
(9383, 'Santo Antonio do Aracangua', 26),
(9384, 'Santo Antonio do Jardim', 26),
(9385, 'Santo Antonio do Paranapanema', 26),
(9386, 'Santo Antonio do Pinhal', 26),
(9387, 'Santo Antonio Paulista', 26),
(9388, 'Santo Expedito', 26),
(9389, 'Santopolis do Aguapei', 26),
(9390, 'Santos', 26),
(9391, 'Sao Benedito da Cachoeirinha', 26),
(9392, 'Sao Benedito das Areias', 26),
(9393, 'Sao Bento do Sapucai', 26),
(9394, 'Sao Bernardo do Campo', 26),
(9395, 'Sao Berto', 26),
(9396, 'Sao Caetano do Sul', 26),
(9397, 'Sao Carlos', 26),
(9398, 'Sao Francisco', 26),
(9399, 'Sao Francisco da Praia', 26),
(9400, 'Sao Francisco Xavier', 26),
(9401, 'Sao Joao da Boa Vista', 26),
(9402, 'Sao Joao das Duas Pontes', 26),
(9403, 'Sao Joao de Iracema', 26),
(9404, 'Sao Joao de Itaguacu', 26),
(9405, 'Sao Joao do Marinheiro', 26),
(9406, 'Sao Joao Do Pau D\'alho', 26),
(9407, 'Sao Joao Novo', 26),
(9408, 'Sao Joaquim da Barra', 26),
(9409, 'Sao Jose da Bela Vista', 26),
(9410, 'Sao Jose das Laranjeiras', 26),
(9411, 'Sao Jose do Barreiro', 26),
(9412, 'Sao Jose do Rio Pardo', 26),
(9413, 'Sao Jose do Rio Preto', 26),
(9414, 'Sao Jose dos Campos', 26),
(9415, 'Sao Lourenco da Serra', 26),
(9416, 'Sao Lourenco do Turvo', 26),
(9417, 'Sao Luis do Paraitinga', 26),
(9418, 'Sao Luiz do Guaricanga', 26),
(9419, 'Sao Manuel', 26),
(9420, 'Sao Martinho D\'oeste', 26),
(9421, 'Sao Miguel Arcanjo', 26),
(9422, 'Sao Paulo', 26),
(9423, 'Sao Pedro', 26),
(9424, 'Sao Pedro do Turvo', 26),
(9425, 'Sao Roque', 26),
(9426, 'Sao Roque da Fartura', 26),
(9427, 'Sao Sebastiao', 26),
(9428, 'Sao Sebastiao da Grama', 26),
(9429, 'Sao Sebastiao da Serra', 26),
(9430, 'Sao Silvestre de Jacarei', 26),
(9431, 'Sao Simao', 26),
(9432, 'Sao Vicente', 26),
(9433, 'Sapezal', 26),
(9434, 'Sarapui', 26),
(9435, 'Sarutaia', 26),
(9436, 'Sebastianopolis do Sul', 26),
(9437, 'Serra Azul', 26),
(9438, 'Serra Negra', 26),
(9439, 'Serrana', 26),
(9440, 'Sertaozinho', 26),
(9441, 'Sete Barras', 26),
(9442, 'Severinia', 26),
(9443, 'Silvania', 26),
(9444, 'Silveiras', 26),
(9445, 'Simoes', 26),
(9446, 'Simonsen', 26),
(9447, 'Socorro', 26),
(9448, 'Sodrelia', 26),
(9449, 'Solemar', 26),
(9450, 'Sorocaba', 26),
(9451, 'Sousas', 26),
(9452, 'Sud Mennucci', 26),
(9453, 'Suinana', 26),
(9454, 'Sumare', 26),
(9455, 'Sussui', 26),
(9456, 'Suzanapolis', 26),
(9457, 'Suzano', 26),
(9458, 'Tabajara', 26),
(9459, 'Tabapua', 26),
(9460, 'Tabatinga', 26),
(9461, 'Taboao da Serra', 26),
(9462, 'Taciba', 26),
(9463, 'Taguai', 26),
(9464, 'Taiacu', 26),
(9465, 'Taiacupeba', 26),
(9466, 'Taiuva', 26),
(9467, 'Talhado', 26),
(9468, 'Tambau', 26),
(9469, 'Tanabi', 26),
(9470, 'Tapinas', 26),
(9471, 'Tapirai', 26),
(9472, 'Tapiratiba', 26),
(9473, 'Taquaral', 26),
(9474, 'Taquaritinga', 26),
(9475, 'Taquarituba', 26),
(9476, 'Taquarivai', 26),
(9477, 'Tarabai', 26),
(9478, 'Taruma', 26),
(9479, 'Tatui', 26),
(9480, 'Taubate', 26),
(9481, 'Tecainda', 26),
(9482, 'Tejupa', 26),
(9483, 'Teodoro Sampaio', 26),
(9484, 'Termas de Ibira', 26),
(9485, 'Terra Nova D\'oeste', 26),
(9486, 'Terra Roxa', 26),
(9487, 'Tibirica', 26),
(9488, 'Tibirica do Paranapanema', 26),
(9489, 'Tiete', 26),
(9490, 'Timburi', 26),
(9491, 'Toledo', 26),
(9492, 'Torre de Pedra', 26),
(9493, 'Torrinha', 26),
(9494, 'Trabiju', 26),
(9495, 'Tremembe', 26),
(9496, 'Tres Aliancas', 26),
(9497, 'Tres Fronteiras', 26),
(9498, 'Tres Pontes', 26),
(9499, 'Tres Vendas', 26),
(9500, 'Tuiuti', 26),
(9501, 'Tujuguaba', 26),
(9502, 'Tupa', 26),
(9503, 'Tupi', 26),
(9504, 'Tupi Paulista', 26),
(9505, 'Turiba do Sul', 26),
(9506, 'Turiuba', 26),
(9507, 'Turmalina', 26),
(9508, 'Turvinia', 26),
(9509, 'Ubarana', 26),
(9510, 'Ubatuba', 26),
(9511, 'Ubirajara', 26),
(9512, 'Uchoa', 26),
(9513, 'Uniao Paulista', 26),
(9514, 'Universo', 26),
(9515, 'Urania', 26),
(9516, 'Uru', 26),
(9517, 'Urupes', 26),
(9518, 'Ururai', 26),
(9519, 'Utinga', 26),
(9520, 'Vale Formoso', 26),
(9521, 'Valentim Gentil', 26),
(9522, 'Valinhos', 26),
(9523, 'Valparaiso', 26),
(9524, 'Vangloria', 26),
(9525, 'Vargem', 26),
(9526, 'Vargem Grande do Sul', 26),
(9527, 'Vargem Grande Paulista', 26),
(9528, 'Varpa', 26),
(9529, 'Varzea Paulista', 26),
(9530, 'Venda Branca', 26),
(9531, 'Vera Cruz', 26),
(9532, 'Vicente de Carvalho', 26),
(9533, 'Vicentinopolis', 26),
(9534, 'Vila Dirce', 26),
(9535, 'Vila Nery', 26),
(9536, 'Vila Xavier', 26),
(9537, 'Vinhedo', 26),
(9538, 'Viradouro', 26),
(9539, 'Vista Alegre do Alto', 26),
(9540, 'Vitoria Brasil', 26),
(9541, 'Vitoriana', 26),
(9542, 'Votorantim', 26),
(9543, 'Votuporanga', 26),
(9544, 'Zacarias', 26),
(9545, 'Abreulandia', 27),
(9546, 'Aguiarnopolis', 27),
(9547, 'Alianca do Tocantins', 27),
(9548, 'Almas', 27),
(9549, 'Alvorada', 27),
(9550, 'Anajanopolis', 27),
(9551, 'Ananas', 27),
(9552, 'Angico', 27),
(9553, 'Aparecida do Rio Negro', 27),
(9554, 'Apinaje', 27),
(9555, 'Aragacui', 27),
(9556, 'Aragominas', 27),
(9557, 'Araguacema', 27),
(9558, 'Araguacu', 27),
(9559, 'Araguaina', 27),
(9560, 'Araguana', 27),
(9561, 'Araguatins', 27),
(9562, 'Arapoema', 27),
(9563, 'Arraias', 27),
(9564, 'Augustinopolis', 27),
(9565, 'Aurora do Tocantins', 27),
(9566, 'Axixa do Tocantins', 27),
(9567, 'Babaculandia', 27),
(9568, 'Bandeirantes do Tocantins', 27),
(9569, 'Barra do Grota', 27),
(9570, 'Barra do Ouro', 27),
(9571, 'Barrolandia', 27),
(9572, 'Bernardo Sayao', 27),
(9573, 'Bom Jesus do Tocantins', 27),
(9574, 'Brasilandia', 27),
(9575, 'Brasilandia do Tocantins', 27),
(9576, 'Brejinho de Nazare', 27),
(9577, 'Buriti do Tocantins', 27),
(9578, 'Cachoeirinha', 27),
(9579, 'Campos Lindos', 27),
(9580, 'Cana Brava', 27),
(9581, 'Cariri do Tocantins', 27),
(9582, 'Carmolandia', 27),
(9583, 'Carrasco Bonito', 27),
(9584, 'Cartucho', 27),
(9585, 'Caseara', 27),
(9586, 'Centenario', 27),
(9587, 'Chapada da Areia', 27),
(9588, 'Chapada da Natividade', 27),
(9589, 'Cocalandia', 27),
(9590, 'Cocalinho', 27),
(9591, 'Colinas do Tocantins', 27),
(9592, 'Colmeia', 27),
(9593, 'Combinado', 27),
(9594, 'Conceicao do Tocantins', 27),
(9595, 'Correinha', 27),
(9596, 'Couto de Magalhaes', 27),
(9597, 'Craolandia', 27),
(9598, 'Cristalandia', 27),
(9599, 'Crixas', 27),
(9600, 'Crixas do Tocantins', 27),
(9601, 'Darcinopolis', 27),
(9602, 'Dianopolis', 27),
(9603, 'Divinopolis do Tocantins', 27),
(9604, 'Dois Irmaos do Tocantins', 27),
(9605, 'Duere', 27),
(9606, 'Escondido', 27),
(9607, 'Esperantina', 27),
(9608, 'Fatima', 27),
(9609, 'Figueiropolis', 27),
(9610, 'Filadelfia', 27),
(9611, 'Formoso do Araguaia', 27),
(9612, 'Fortaleza do Tabocao', 27),
(9613, 'Goianorte', 27),
(9614, 'Goiatins', 27),
(9615, 'Guarai', 27),
(9616, 'Gurupi', 27),
(9617, 'Ilha Barreira Branca', 27),
(9618, 'Ipueiras', 27),
(9619, 'Itacaja', 27),
(9620, 'Itaguatins', 27),
(9621, 'Itapiratins', 27),
(9622, 'Itapora do Tocantins', 27),
(9623, 'Jau do Tocantins', 27),
(9624, 'Juarina', 27),
(9625, 'Jussara', 27),
(9626, 'Lagoa da Confusao', 27),
(9627, 'Lagoa do Tocantins', 27),
(9628, 'Lajeado', 27),
(9629, 'Lavandeira', 27),
(9630, 'Lizarda', 27),
(9631, 'Luzinopolis', 27),
(9632, 'Marianopolis do Tocantins', 27),
(9633, 'Mateiros', 27),
(9634, 'Maurilandia do Tocantins', 27),
(9635, 'Miracema do Tocantins', 27),
(9636, 'Mirandopolis', 27),
(9637, 'Miranorte', 27),
(9638, 'Monte do Carmo', 27),
(9639, 'Monte Lindo', 27),
(9640, 'Monte Santo do Tocantins', 27),
(9641, 'Mosquito', 27),
(9642, 'Muricilandia', 27),
(9643, 'Natal', 27),
(9644, 'Natividade', 27),
(9645, 'Nazare', 27),
(9646, 'Nova Olinda', 27),
(9647, 'Nova Rosalandia', 27),
(9648, 'Novo Acordo', 27),
(9649, 'Novo Alegre', 27),
(9650, 'Novo Horizonte', 27),
(9651, 'Novo Jardim', 27),
(9652, 'Oliveira de Fatima', 27),
(9653, 'Palmas', 27),
(9654, 'Palmeirante', 27),
(9655, 'Palmeiropolis', 27),
(9656, 'Paraiso do Tocantins', 27),
(9657, 'Parana', 27),
(9658, 'Pau D\'arco', 27),
(9659, 'Pe da Serra', 27),
(9660, 'Pedro Afonso', 27),
(9661, 'Pedro Ludovico', 27),
(9662, 'Peixe', 27),
(9663, 'Pequizeiro', 27),
(9664, 'Piloes', 27),
(9665, 'Pindorama do Tocantins', 27),
(9666, 'Piraque', 27),
(9667, 'Pium', 27),
(9668, 'Ponte Alta do Bom Jesus', 27),
(9669, 'Ponte Alta do Tocantins', 27),
(9670, 'Pontes', 27),
(9671, 'Poraozinho', 27),
(9672, 'Porto Alegre do Tocantins', 27),
(9673, 'Porto Lemos', 27),
(9674, 'Porto Nacional', 27),
(9675, 'Praia Norte', 27),
(9676, 'Presidente Kennedy', 27),
(9677, 'Principe', 27),
(9678, 'Pugmil', 27),
(9679, 'Recursolandia', 27),
(9680, 'Riachinho', 27),
(9681, 'Rio da Conceicao', 27),
(9682, 'Rio dos Bois', 27),
(9683, 'Rio Sono', 27),
(9684, 'Sampaio', 27),
(9685, 'Sandolandia', 27),
(9686, 'Santa Fe do Araguaia', 27),
(9687, 'Santa Maria do Tocantins', 27),
(9688, 'Santa Rita do Tocantins', 27),
(9689, 'Santa Rosa do Tocantins', 27),
(9690, 'Santa Tereza do Tocantins', 27),
(9691, 'Santa Terezinha do Tocantins', 27),
(9692, 'Sao Bento do Tocantins', 27),
(9693, 'Sao Felix do Tocantins', 27),
(9694, 'Sao Miguel do Tocantins', 27),
(9695, 'Sao Salvador do Tocantins', 27),
(9696, 'Sao Sebastiao do Tocantins', 27),
(9697, 'Sao Valerio da Natividade', 27),
(9698, 'Silvanopolis', 27),
(9699, 'Sitio Novo do Tocantins', 27),
(9700, 'Sucupira', 27),
(9701, 'Taguatinga', 27),
(9702, 'Taipas do Tocantins', 27),
(9703, 'Talisma', 27),
(9704, 'Tamboril', 27),
(9705, 'Taquaralto', 27),
(9706, 'Taquarussu do Tocantins', 27),
(9707, 'Tocantinia', 27),
(9708, 'Tocantinopolis', 27),
(9709, 'Tupirama', 27),
(9710, 'Tupirata', 27),
(9711, 'Tupiratins', 27),
(9712, 'Venus', 27),
(9713, 'Wanderlandia', 27),
(9714, 'Xambioa', 27);

-- --------------------------------------------------------

--
-- Estrutura da tabela `bsc_estado`
--

CREATE TABLE `bsc_estado` (
  `id` int(10) UNSIGNED NOT NULL,
  `sigla` char(2) CHARACTER SET latin1 NOT NULL,
  `nome` varchar(20) CHARACTER SET latin1 NOT NULL
) ENGINE=InnoDB DEFAULT CHARSET=utf8;

--
-- Extraindo dados da tabela `bsc_estado`
--

INSERT INTO `bsc_estado` (`id`, `sigla`, `nome`) VALUES
(1, 'AC', 'Acre'),
(2, 'AL', 'Alagoas'),
(3, 'AM', 'Amazonas'),
(4, 'AP', 'Amapá'),
(5, 'BA', 'Bahia'),
(6, 'CE', 'Ceará'),
(7, 'DF', 'Distrito Federal'),
(8, 'ES', 'Espírito Santo'),
(9, 'GO', 'Goiás'),
(10, 'MA', 'Maranhão'),
(11, 'MG', 'Minas Gerais'),
(12, 'MS', 'Mato Grosso do Sul'),
(13, 'MT', 'Mato Grosso'),
(14, 'PA', 'Pará'),
(15, 'PB', 'Paraíba'),
(16, 'PE', 'Pernambuco'),
(17, 'PI', 'Piauí'),
(18, 'PR', 'Paraná'),
(19, 'RJ', 'Rio de Janeiro'),
(20, 'RN', 'Rio Grande do Norte'),
(21, 'RO', 'Rondônia'),
(22, 'RR', 'Roraima'),
(23, 'RS', 'Rio Grande do Sul'),
(24, 'SC', 'Santa Catarina'),
(25, 'SE', 'Sergipe'),
(26, 'SP', 'São Paulo'),
(27, 'TO', 'Tocantins'),
(9999, 'FO', 'Fora do País');

-- --------------------------------------------------------

--
-- Estrutura da tabela `mod_acolhimento`
--

CREATE TABLE `mod_acolhimento` (
  `id` int(11) NOT NULL,
  `quem_trouxe` int(11) DEFAULT NULL COMMENT '1 - Poder Judiciario, 2 - Conselho Tutelar, 3 - Policias',
  `opcao_conselho` int(11) NOT NULL COMMENT '1 - Conselho 1, 2 - Conselho 2,3 - Conselho 3, 4 - Conselho do Interior',
  `comarca_id` int(11) DEFAULT NULL,
  `responsavel_entrega` varchar(300) DEFAULT NULL,
  `funcao_responsavel` varchar(300) DEFAULT NULL,
  `celular` varchar(30) DEFAULT NULL,
  `data_entrada` timestamp NULL DEFAULT NULL,
  `hora_entrada` varchar(10) DEFAULT NULL,
  `profissional_id` int(11) DEFAULT NULL,
  `obs` text DEFAULT NULL,
  `motivo_aba` int(11) DEFAULT NULL,
  `motivo_neg` int(11) DEFAULT NULL,
  `motivo_abu` int(11) DEFAULT NULL,
  `motivo_out` int(11) DEFAULT NULL,
  `descricao` text DEFAULT NULL,
  `numero_guia` varchar(50) DEFAULT NULL,
  `numero_processo` varchar(50) DEFAULT NULL,
  `numero_destituicao` varchar(50) DEFAULT NULL,
  `motivo_cancelamento` text DEFAULT NULL,
  `resp_cancelamento` int(11) DEFAULT NULL,
  `data_update` timestamp NULL DEFAULT current_timestamp() ON UPDATE current_timestamp(),
  `data_cadastro` timestamp NULL DEFAULT NULL,
  `usuario_id` int(11) DEFAULT NULL,
  `status` int(11) NOT NULL
) ENGINE=InnoDB DEFAULT CHARSET=utf8;

--
-- Extraindo dados da tabela `mod_acolhimento`
--

INSERT INTO `mod_acolhimento` (`id`, `quem_trouxe`, `opcao_conselho`, `comarca_id`, `responsavel_entrega`, `funcao_responsavel`, `celular`, `data_entrada`, `hora_entrada`, `profissional_id`, `obs`, `motivo_aba`, `motivo_neg`, `motivo_abu`, `motivo_out`, `descricao`, `numero_guia`, `numero_processo`, `numero_destituicao`, `motivo_cancelamento`, `resp_cancelamento`, `data_update`, `data_cadastro`, `usuario_id`, `status`) VALUES
(1, 3, 0, NULL, 'Fernando de Souza', 'Chefe da Policial Civil', '(68)99241-3923', '2020-12-02 05:00:00', '17:03', 1, 'Ela aparenta bem debilitada...', 1, 1, 0, 0, 'Foi abandonada pelos pais...', '152', '123.23', '23', 'Pia errado', 1, '2021-06-09 15:43:09', '2020-12-02 22:08:32', 1, 0),
(2, 3, 0, NULL, 'João de Souza', 'Juiz', '(68)99231-3124', '2020-11-29 05:00:00', '15:25', 1, 'teste', 0, 0, 1, 1, 'teste', '9999', '9999', '9999', 'Teste', 1, '2021-06-09 16:15:48', '2020-12-02 22:52:17', 1, 1),
(3, 7, 0, 3, 'Gabriel Souza', 'adasda22', '(13)21312-3123', '2020-12-03 05:00:00', '13:50', 1, 'adsad', 1, 1, 0, 0, 'adsa', '13213', '13123', '13131', NULL, NULL, '2021-07-27 16:04:23', '2020-12-03 21:18:55', 1, 1),
(4, 1, 0, NULL, 'adasd', 'asdasd', '()-', '2020-12-04 05:00:00', '13:12', 1, 'adsad', 0, 1, 0, 0, 'adsas', '123123', '12312', '123123', NULL, NULL, '2021-02-10 19:46:22', '2020-12-04 19:17:51', 1, 1),
(5, 1, 0, NULL, 'teste', 'teste', '(13)12312-3123', '2020-12-04 05:00:00', '13:21', 1, 'asdsada', 0, 1, 0, 0, 'adsad', '13213', '123123', '123123', NULL, NULL, '2020-12-04 19:27:19', '2020-12-04 19:27:19', 1, 1),
(6, 2, 2, 3, 'João2', 'Advogado2', '(68)99999-9992', '2021-01-20 05:00:00', '10:15', 6, 'teste2', 1, 1, 1, 1, 'Abandono2....', '13123123112', '1312312312', '123123', 'teste', 1, '2021-12-16 15:16:19', '2020-12-06 14:17:02', 1, 1),
(7, 1, 0, NULL, 'adas', 'ada', '()-', '2021-02-10 05:00:00', '13:12', 4, NULL, 0, 0, 0, 0, NULL, '1312313', '1321312', '12312', NULL, NULL, '2021-02-10 20:09:51', '2021-02-10 20:09:51', 1, 1);

-- --------------------------------------------------------

--
-- Estrutura da tabela `mod_acolhimento_crianca`
--

CREATE TABLE `mod_acolhimento_crianca` (
  `id` int(11) NOT NULL,
  `acolhimento_id` int(11) DEFAULT NULL,
  `crianca_foto` varchar(200) DEFAULT NULL,
  `nome` varchar(300) DEFAULT NULL,
  `pai` varchar(300) DEFAULT NULL,
  `mae` varchar(300) DEFAULT NULL,
  `genero` int(11) DEFAULT NULL COMMENT '1 - Masculino, 2 - Feminino',
  `nascimento` date DEFAULT NULL,
  `nascionalidade` varchar(300) DEFAULT NULL,
  `naturalidade` varchar(300) DEFAULT NULL,
  `religiao_id` int(11) DEFAULT NULL,
  `cor_id` int(11) DEFAULT NULL,
  `qual_deficiencia` int(11) DEFAULT NULL COMMENT '1 - Com Laudo, 2 - Não se aplica, 3 - Em Investigação',
  `necessita_equipamentos` text DEFAULT NULL,
  `qual_tratamento` text DEFAULT NULL,
  `indicio_disturbio` int(11) DEFAULT NULL COMMENT '1 - Sim, 2 - Nao',
  `qual_doenca_infectocontagiosa` text DEFAULT NULL,
  `obs_saude` text DEFAULT NULL,
  `rua` varchar(300) DEFAULT NULL,
  `numero` int(11) DEFAULT NULL,
  `bairro` varchar(300) DEFAULT NULL,
  `estado_id` int(11) DEFAULT NULL,
  `cidade_id` int(11) DEFAULT NULL,
  `vf` int(11) NOT NULL COMMENT '0 - Não validado, 1 - Validado',
  `vf_responsavel` int(11) DEFAULT NULL,
  `data_cadastro` timestamp NULL DEFAULT NULL,
  `data_update` timestamp NULL DEFAULT current_timestamp() ON UPDATE current_timestamp(),
  `usuario_id` int(11) DEFAULT NULL,
  `status` int(11) NOT NULL
) ENGINE=InnoDB DEFAULT CHARSET=utf8;

--
-- Extraindo dados da tabela `mod_acolhimento_crianca`
--

INSERT INTO `mod_acolhimento_crianca` (`id`, `acolhimento_id`, `crianca_foto`, `nome`, `pai`, `mae`, `genero`, `nascimento`, `nascionalidade`, `naturalidade`, `religiao_id`, `cor_id`, `qual_deficiencia`, `necessita_equipamentos`, `qual_tratamento`, `indicio_disturbio`, `qual_doenca_infectocontagiosa`, `obs_saude`, `rua`, `numero`, `bairro`, `estado_id`, `cidade_id`, `vf`, `vf_responsavel`, `data_cadastro`, `data_update`, `usuario_id`, `status`) VALUES
(1, 1, '../../../assets/avatar/62420201204142628.cut.png', 'Juninho da Souza 2', 'Raimundo da Souza', 'Julia da Souza', 1, '1988-08-16', 'Brasileiro', 'Acreano', 1, 3, 0, 'Nenhum...', 'Tratamento todo dia a base de pomada', 1, 'Uma doença doida', 'adsada', 'Rua Marechal', 1, 'Estação Experimental', 1, 16, 0, NULL, '2020-12-02 22:08:32', '2021-06-02 14:17:51', 1, 1),
(2, 2, '../../../assets/avatar/57020210209101538.cut.png', 'Jean Costa Lima Neto', 'Jamil Souza Costa', 'Maria das Dores', 1, '1968-04-22', 'Brasileiro', 'Rio Branco/Ac', 3, 3, 0, 'Não 2222', '2222', 1, '2222', 'Nenhuma 222', 'Rua 2232', 23123, 'Manoel Julião', 4, NULL, 1, 1, '2020-12-02 22:52:17', '2022-01-13 14:34:16', 1, 1),
(3, 3, '../../../assets/avatar/62420201204142628.cut.png', 'Rodrigo', 'Pai do Menino', 'Mãe do Menino', 1, '2020-12-03', 'Brasileiro', 'Rio Branco AC', 2, 3, NULL, NULL, NULL, 1, NULL, 'dasdad', 'rua dadsad', 13123, 'bairro dasdad', 1, 16, 0, NULL, '2020-12-03 21:18:55', '2021-07-27 15:58:39', 1, 1),
(4, 4, '../../../assets/avatar/62420201204142628.cut.png', 'Mariana', 'adsad', 'asdsada', 1, '2015-12-04', 'adas', 'asda', 1, 1, NULL, 'asdasd', NULL, 1, NULL, 'adsa', 'adsad', 123213, 'asdas', 1, 16, 0, NULL, '2020-12-04 19:17:51', '2021-05-27 15:11:24', 1, 1),
(5, 5, '../../../assets/avatar/62420201204142628.cut.png', 'Matheus', 'adsad', 'asdas', 1, '2020-12-04', 'adsad', 'asd', 2, 3, NULL, 'adasd', NULL, 1, NULL, 'asdasd', 'asdasd', 11232, 'asddsa', 1, 16, 0, NULL, '2020-12-04 19:27:19', '2021-05-27 15:10:30', 1, 1),
(6, 6, '../../../assets/avatar/96520201206091638.cut.png', 'Fernando', 'Raimundo', 'Maria', 1, '1990-08-16', 'Brasileiro', 'Acreano', 2, 1, 0, 'dsa ad adaa dasd ad ada sdadadasdad  asdda dasd aasd asd asda adaas asda dsa ad adaa dasd ad ada sdadadasdad  asdda dasd aasd asd asda adaas asda dsa ad adaa dasd ad ada sdadadasdad  asdda dasd aasd asd asda adaas asda dsa ad adaa dasd ad ada sdadadasdad  asdda dasd aasd asd asda adaas asda dsa ad adaa dasd ad ada sdadadasdad  asdda dasd aasd asd asda adaas asda dsa ad adaa dasd ad ada sdadadasdad  asdda dasd aasd asd asda adaas asda dsa ad adaa dasd ad ada sdadadasdad  asdda dasd aasd asd asda adaas asda dsa ad adaa dasd ad ada sdadadasdad  asdda dasd aasd asd asda adaas asda ', 'dasdada', 1, 'asada', 'teste2', 'Rua xxx', 13123, 'bairro', 1, 16, 1, 1, '2020-12-06 14:17:02', '2022-01-13 21:13:26', 1, 1),
(7, 7, NULL, 'Julio', NULL, NULL, 1, '2021-02-10', 'adsa', 'asdas', 0, 1, NULL, NULL, NULL, 2, NULL, NULL, NULL, NULL, NULL, NULL, NULL, 0, NULL, '2021-02-10 20:09:51', '2021-05-27 15:10:34', 1, 1);

-- --------------------------------------------------------

--
-- Estrutura da tabela `mod_acolhimento_crianca_avaliacao`
--

CREATE TABLE `mod_acolhimento_crianca_avaliacao` (
  `id` int(11) NOT NULL,
  `acolhimento_crianca_id` int(11) NOT NULL,
  `contextualiziacao` text DEFAULT NULL,
  `interesse` text DEFAULT NULL,
  `intervencoes` int(11) DEFAULT NULL,
  `modificacoes` text DEFAULT NULL,
  `indicativos` int(11) DEFAULT NULL,
  `justificacao` text DEFAULT NULL,
  `vf` int(11) NOT NULL COMMENT '0 - Não validado, 1 - Validado',
  `vf_responsavel` int(11) DEFAULT NULL,
  `responsavel_id` int(11) NOT NULL,
  `data_cadastro` timestamp NULL DEFAULT NULL,
  `data_update` timestamp NOT NULL DEFAULT current_timestamp() ON UPDATE current_timestamp(),
  `status` int(11) NOT NULL
) ENGINE=InnoDB DEFAULT CHARSET=utf8;

--
-- Extraindo dados da tabela `mod_acolhimento_crianca_avaliacao`
--

INSERT INTO `mod_acolhimento_crianca_avaliacao` (`id`, `acolhimento_crianca_id`, `contextualiziacao`, `interesse`, `intervencoes`, `modificacoes`, `indicativos`, `justificacao`, `vf`, `vf_responsavel`, `responsavel_id`, `data_cadastro`, `data_update`, `status`) VALUES
(1, 6, 'addadaa dada dada d ada ada aada 1ada asas sd asdaa asd aadasdas dasdad a asdaa das dasda da da daa ad aada 1ada asas sd asdaa asd aadasdas dasdad a asdaa das dasda da da daa ad aada 1ada asas sd asdaa asd aadasdas dasdad a asdaa das dasda da da daa ad aada 1ada asas sd asdaa asd aadasdas dasdad a asdaa das dasda da da daa ad aada 1ada asas sd asdaa asd aadasdas dasdad a asdaa das dasda da da daa ad aada 1ada asas sd asdaa asd aadasdas dasdad a asdaa das dasda da da daa ad aada 1ada asas sd asdaa asd aadasdas dasdad a asdaa das dasda da da daa ad aada 1ada asas sd asdaa asd aadasdas dasdad a asdaa das dasda da da daa ad a', 'ada 1ada asas sd asdaa asd aadasdas dasdad a asdaa das dasda da da daa ad a ada 1ada asas sd asdaa asd aadasdas dasdad a asdaa das dasda da da daa ad aada 1ada asas sd asdaa asd aadasdas dasdad a asdaa das dasda da da daa ad aada 1ada asas sd asdaa asd aadasdas dasdad a asdaa das dasda da da daa ad aada 1ada asas sd asdaa asd aadasdas dasdad a asdaa das dasda da da daa ad aada 1ada asas sd asdaa asd aadasdas dasdad a asdaa das dasda da da daa ad aada 1ada asas sd asdaa asd aadasdas dasdad a asdaa das dasda da da daa ad aada 1ada asas sd asdaa asd aadasdas dasdad a asdaa das dasda da da daa ad aada 1ada asas sd asdaa asd aadasdas dasdad a asdaa das dasda da da daa ad aada 1ada asas sd asdaa asd aadasdas dasdad a asdaa das dasda da da daa ad a', 1, 'ada 1ada asas sd asdaa asd aadasdas dasdad a asdaa das dasda da da daa ad a ada 1ada asas sd asdaa asd aadasdas dasdad a asdaa das dasda da da daa ad aada 1ada asas sd asdaa asd aadasdas dasdad a asdaa das dasda da da daa ad aada 1ada asas sd asdaa asd aadasdas dasdad a asdaa das dasda da da daa ad aada 1ada asas sd asdaa asd aadasdas dasdad a asdaa das dasda da da daa ad aada 1ada asas sd asdaa asd aadasdas dasdad a asdaa das dasda da da daa ad aada 1ada asas sd asdaa asd aadasdas dasdad a asdaa das dasda da da daa ad aada 1ada asas sd asdaa asd aadasdas dasdad a asdaa das dasda da da daa ad aada 1ada asas sd asdaa asd aadasdas dasdad a asdaa das dasda da da daa ad aada 1ada asas sd asdaa asd aadasdas dasdad a asdaa das dasda da da daa ad a', 1, 'ada 1ada asas sd asdaa asd aadasdas dasdad a asdaa das dasda da da daa ad a ada 1ada asas sd asdaa asd aadasdas dasdad a asdaa das dasda da da daa ad aada 1ada asas sd asdaa asd aadasdas dasdad a asdaa das dasda da da daa ad aada 1ada asas sd asdaa asd aadasdas dasdad a asdaa das dasda da da daa ad aada 1ada asas sd asdaa asd aadasdas dasdad a asdaa das dasda da da daa ad aada 1ada asas sd asdaa asd aadasdas dasdad a asdaa das dasda da da daa ad aada 1ada asas sd asdaa asd aadasdas dasdad a asdaa das dasda da da daa ad aada 1ada asas sd asdaa asd aadasdas dasdad a asdaa das dasda da da daa ad aada 1ada asas sd asdaa asd aadasdas dasdad a asdaa das dasda da da daa ad aada 1ada asas sd asdaa asd aadasdas dasdad a asdaa das dasda da da daa ad a', 1, 1, 1, '2021-06-09 15:09:47', '2022-01-20 15:41:53', 1);

-- --------------------------------------------------------

--
-- Estrutura da tabela `mod_acolhimento_crianca_documentacao`
--

CREATE TABLE `mod_acolhimento_crianca_documentacao` (
  `id` int(11) NOT NULL,
  `acolhimento_crianca_id` int(11) DEFAULT NULL,
  `rg` varchar(30) DEFAULT NULL,
  `orgao_expedidor` varchar(50) DEFAULT NULL,
  `estado` varchar(30) DEFAULT NULL,
  `expedicao` date DEFAULT NULL,
  `rg_foto` varchar(300) DEFAULT NULL,
  `cpf` varchar(30) DEFAULT NULL,
  `cpf_foto` varchar(300) DEFAULT NULL,
  `certidao_nascimento` varchar(30) DEFAULT NULL,
  `certidao_foto` varchar(300) DEFAULT NULL,
  `numero_cartao` varchar(30) DEFAULT NULL,
  `cartao_foto` varchar(300) DEFAULT NULL,
  `historico_escolar_foto` varchar(300) DEFAULT NULL,
  `transferencia_escolar_foto` varchar(300) DEFAULT NULL,
  `pontuario_escolar_foto` varchar(300) DEFAULT NULL,
  `receituario_foto` varchar(300) DEFAULT NULL,
  `busca_apreensao_foto` varchar(300) DEFAULT NULL,
  `usuario_id` int(11) DEFAULT NULL,
  `data_update` timestamp NULL DEFAULT NULL,
  `data_cadastro` timestamp NULL DEFAULT NULL,
  `status` int(11) NOT NULL
) ENGINE=InnoDB DEFAULT CHARSET=utf8;

-- --------------------------------------------------------

--
-- Estrutura da tabela `mod_acolhimento_crianca_educacao`
--

CREATE TABLE `mod_acolhimento_crianca_educacao` (
  `id` int(11) NOT NULL,
  `acolhimento_crianca_id` int(11) DEFAULT NULL,
  `idade_escolar` int(11) NOT NULL COMMENT '0 - Não, 1 - Sim',
  `escola` varchar(300) DEFAULT NULL,
  `serie` varchar(300) DEFAULT NULL,
  `turno` varchar(300) DEFAULT NULL,
  `escola1` varchar(300) DEFAULT NULL,
  `serie1` varchar(300) DEFAULT NULL,
  `turno1` varchar(300) DEFAULT NULL,
  `frequenta_instituicao` int(11) NOT NULL COMMENT '0 - Não, 1 - Sim',
  `justificacao_ausencia` text DEFAULT NULL,
  `frequencia` int(11) DEFAULT NULL COMMENT '0 - Ruim, 1 - Regular, 2 - Boa, 3 - Ótimo',
  `sobre_frequencia` text DEFAULT NULL,
  `socializacao` int(11) DEFAULT NULL COMMENT '0 - Ruim, 1 - Regular, 2 - Boa, 3 - Ótimo',
  `sobre_socializacao` text DEFAULT NULL,
  `interesse` int(11) DEFAULT NULL COMMENT '0 - Ruim, 1 - Regular, 2 - Boa, 3 - Ótimo',
  `sobre_interesse` text DEFAULT NULL,
  `rendimento` int(11) DEFAULT NULL COMMENT '0 - Ruim, 1 - Regular, 2 - Boa, 3 - Ótimo',
  `sobre_rendimento` text DEFAULT NULL,
  `participacao` int(11) DEFAULT NULL COMMENT '0 - Ruim, 1 - Regular, 2 - Boa, 3 - Ótimo',
  `sobre_participacao` text DEFAULT NULL,
  `apresenta_desenvolvimento` int(11) NOT NULL COMMENT '0 - Não, 1 - Sim',
  `descricao_aspectos` text DEFAULT NULL,
  `contexto_geral` text DEFAULT NULL,
  `relacao_escola` int(11) NOT NULL COMMENT '0 - Resistencia/Desinteresse, 1 - Vontade/Interesse',
  `descricao_relacao_escola` text DEFAULT NULL,
  `descricao_intervencoes` text DEFAULT NULL,
  `espaco_estrutura` int(11) NOT NULL COMMENT '0 - Não, 1 - Sim',
  `rotinas` int(11) NOT NULL COMMENT '0 - Não, 1 - Sim',
  `vf` int(11) NOT NULL COMMENT '0 - Não validado, 1 - Validado',
  `vf_responsavel` int(11) DEFAULT NULL,
  `idade_escolar_atual` int(11) NOT NULL COMMENT '0 - Não, 1 - Sim',
  `justique_ausencia` text DEFAULT NULL,
  `justifique` text DEFAULT NULL,
  `justifique2` text DEFAULT NULL,
  `data_update` timestamp NULL DEFAULT current_timestamp() ON UPDATE current_timestamp(),
  `data_cadastro` timestamp NULL DEFAULT NULL,
  `responsavel_id` int(11) DEFAULT NULL,
  `status` int(11) NOT NULL
) ENGINE=InnoDB DEFAULT CHARSET=utf8;

--
-- Extraindo dados da tabela `mod_acolhimento_crianca_educacao`
--

INSERT INTO `mod_acolhimento_crianca_educacao` (`id`, `acolhimento_crianca_id`, `idade_escolar`, `escola`, `serie`, `turno`, `escola1`, `serie1`, `turno1`, `frequenta_instituicao`, `justificacao_ausencia`, `frequencia`, `sobre_frequencia`, `socializacao`, `sobre_socializacao`, `interesse`, `sobre_interesse`, `rendimento`, `sobre_rendimento`, `participacao`, `sobre_participacao`, `apresenta_desenvolvimento`, `descricao_aspectos`, `contexto_geral`, `relacao_escola`, `descricao_relacao_escola`, `descricao_intervencoes`, `espaco_estrutura`, `rotinas`, `vf`, `vf_responsavel`, `idade_escolar_atual`, `justique_ausencia`, `justifique`, `justifique2`, `data_update`, `data_cadastro`, `responsavel_id`, `status`) VALUES
(1, 2, 1, 'Maria Chalub Leite', '5', 'Manhã', NULL, NULL, NULL, 0, 'adsad', 0, 'adsad1', 1, 'adasda2', 2, 'adsadasda3', 0, 'sdasdas4', 3, 'adasdasdasdas5', 0, 'addadasd', 'adsadasdasdasda', 0, 'adasd', 'adasda', 1, 1, 0, NULL, 0, NULL, NULL, NULL, '2021-02-24 22:01:03', '2021-02-24 18:54:35', 1, 1),
(2, 1, 1, 'adas', '1', 'ada', NULL, NULL, NULL, 1, NULL, 1, 'addasd', 1, 'adsdad', 1, 'addasd', 3, 'adsad', 2, 'adsdad', 1, 'adas', 'asdas', 1, 'asdasdasd', 'asdsa', 1, 1, 0, NULL, 0, NULL, NULL, NULL, '2021-03-23 13:10:34', '2021-03-23 13:10:34', 1, 1),
(3, 6, 1, 'Maria Chalub Leite 2', '5', 'Manhã', 'Lindalra Leitão', '1', 'Integral', 0, NULL, 0, 'teste2', 2, 'teste22', 3, 'teste32', 1, 'teste42', 0, 'teste52', 1, 'Teste 8', 'teste 10 131', 0, 'teste 11ada', 'teste 12asd', 1, 1, 1, 1, 1, 'Teste 62', '7', 'teste 9', '2022-02-01 17:11:18', '2021-06-02 22:02:17', 1, 1);

-- --------------------------------------------------------

--
-- Estrutura da tabela `mod_acolhimento_crianca_educacao_acomp`
--

CREATE TABLE `mod_acolhimento_crianca_educacao_acomp` (
  `id` int(11) NOT NULL,
  `educacao_id` int(11) DEFAULT NULL,
  `quem_realiza` varchar(300) DEFAULT NULL,
  `forma_realiza` varchar(300) DEFAULT NULL,
  `frequencia` varchar(300) DEFAULT NULL,
  `qual_atividade` varchar(300) DEFAULT NULL,
  `data_cadastro` timestamp NULL DEFAULT NULL,
  `responsavel_id` int(11) NOT NULL
) ENGINE=InnoDB DEFAULT CHARSET=utf8;

--
-- Extraindo dados da tabela `mod_acolhimento_crianca_educacao_acomp`
--

INSERT INTO `mod_acolhimento_crianca_educacao_acomp` (`id`, `educacao_id`, `quem_realiza`, `forma_realiza`, `frequencia`, `qual_atividade`, `data_cadastro`, `responsavel_id`) VALUES
(1, 1, 'teste2', 'teste2', 'teste2', NULL, '2021-02-24 21:03:03', 1),
(5, 1, 'adas2', 'asd2', 'ads2', NULL, '2021-02-24 21:11:19', 1),
(6, 1, 'adsa3', 'adsa3', 'dads3', NULL, '2021-02-24 21:41:01', 1),
(7, 0, 'adsa', 'asdas', 'asd', NULL, '2021-03-23 13:10:15', 1),
(9, 2, 'adsa', 'sadas', 'asd', NULL, '2021-03-23 13:26:59', 1),
(17, 3, '1', '1', '1', '1', '2021-06-07 15:03:15', 1),
(18, 3, '2', '2', '2', '2', '2021-06-07 15:03:37', 1);

-- --------------------------------------------------------

--
-- Estrutura da tabela `mod_acolhimento_crianca_educacao_rotinas`
--

CREATE TABLE `mod_acolhimento_crianca_educacao_rotinas` (
  `id` int(11) NOT NULL,
  `educacao_id` int(11) DEFAULT NULL,
  `quem_realiza` varchar(300) DEFAULT NULL,
  `forma_realiza` varchar(300) DEFAULT NULL,
  `frequencia` varchar(300) DEFAULT NULL,
  `data_cadastro` timestamp NULL DEFAULT NULL,
  `responsavel_id` int(11) NOT NULL
) ENGINE=InnoDB DEFAULT CHARSET=utf8;

--
-- Extraindo dados da tabela `mod_acolhimento_crianca_educacao_rotinas`
--

INSERT INTO `mod_acolhimento_crianca_educacao_rotinas` (`id`, `educacao_id`, `quem_realiza`, `forma_realiza`, `frequencia`, `data_cadastro`, `responsavel_id`) VALUES
(1, 1, 'adsa', 'asdasd', 'aadas', '2021-02-24 22:13:50', 1),
(3, 1, '33', '33', '33', '2021-02-24 22:13:58', 1),
(4, 1, 'adas', 'asd', 'asda', '2021-02-24 22:14:20', 1),
(5, 0, 'adsad', 'asdad', 'ads', '2021-03-23 13:10:28', 1),
(6, 2, 'adasd', 'asdas', 'asd', '2021-03-23 13:27:07', 1),
(8, 3, 'teste2', 'teste2', 'teste2', '2021-06-02 22:28:23', 1),
(9, 3, 'teste 7', ' teste 7', 'teste 7', '2021-06-07 13:38:36', 1),
(11, 3, 'tteste', '132', 'a', '2022-02-01 17:11:11', 1);

-- --------------------------------------------------------

--
-- Estrutura da tabela `mod_acolhimento_crianca_familia`
--

CREATE TABLE `mod_acolhimento_crianca_familia` (
  `id` int(11) NOT NULL,
  `acolhimento_crianca_id` int(11) NOT NULL,
  `mae_nome` varchar(300) DEFAULT NULL,
  `mae_nascimento` date DEFAULT NULL,
  `mae_endereco` varchar(300) DEFAULT NULL,
  `mae_numero` int(11) DEFAULT NULL,
  `mae_bairro` varchar(300) DEFAULT NULL,
  `mae_rg` varchar(30) DEFAULT NULL,
  `mae_cpf` varchar(30) DEFAULT NULL,
  `mae_celular` varchar(15) DEFAULT NULL,
  `mae_ocupacao` varchar(300) DEFAULT NULL,
  `mae_situacao` int(11) NOT NULL COMMENT '0 - Falecida, 1 - Reclusa, 2 - Não encontrada, 3 - Desconhecida, 4 - Sem Vinculo',
  `pai_nome` varchar(300) DEFAULT NULL,
  `pai_nascimento` date DEFAULT NULL,
  `pai_endereco` varchar(300) DEFAULT NULL,
  `pai_numero` int(11) DEFAULT NULL,
  `pai_bairro` varchar(300) DEFAULT NULL,
  `pai_rg` int(11) DEFAULT NULL,
  `pai_cpf` varchar(30) DEFAULT NULL,
  `pai_celular` varchar(15) DEFAULT NULL,
  `pai_ocupacao` varchar(300) NOT NULL,
  `pai_situacao` int(11) NOT NULL COMMENT '0 - Falecida, 1 - Reclusa, 2 - Não encontrada, 3 - Desconhecida, 4 - Sem Vinculo',
  `oferecem_condicoes` int(11) NOT NULL,
  `avaliacao_profunda` text DEFAULT NULL,
  `possui_irmaos` int(11) NOT NULL,
  `possui_irmaos_outro` int(11) NOT NULL,
  `conhece_irmaos` int(11) NOT NULL,
  `irmaos_adotados` int(11) NOT NULL,
  `situacao_familiar` int(11) NOT NULL COMMENT '0 - Com, 1 - Sem, 2 - Desaparecida, 3 - Orfao, 4 - Destruido, 5 - Impedimento, 6 - Sem Informacao, 7 - Outra',
  `outra_situacao` varchar(300) DEFAULT NULL,
  `demonstra_interesse` int(11) NOT NULL,
  `descricao` text DEFAULT NULL,
  `crianca_demonstra_interesse` int(11) NOT NULL,
  `crianca_demonstra_descricao` text DEFAULT NULL,
  `medida_restricao` int(11) NOT NULL,
  `quem_estabelelceu` varchar(300) DEFAULT NULL,
  `recebe_visita` int(11) NOT NULL,
  `frequencia_encontros` varchar(300) DEFAULT NULL,
  `como_realizados` text DEFAULT NULL,
  `pais_envolvidos_alcool` int(11) NOT NULL,
  `pais_envolvidos_outros` int(11) NOT NULL,
  `pais_envolvidos_abuso` int(11) NOT NULL,
  `situacao_rua` int(11) NOT NULL,
  `pais_pena` int(11) NOT NULL,
  `pais_reabilitacao` int(11) NOT NULL,
  `pais_ameacados` int(11) NOT NULL,
  `pais_doencas` int(11) NOT NULL,
  `pais_transtorno` int(11) NOT NULL,
  `qual_doenca` text DEFAULT NULL,
  `qual_transtorno` text DEFAULT NULL,
  `vf` int(11) NOT NULL COMMENT '0 - Não validado, 1 - Validado',
  `vf_responsavel` int(11) DEFAULT NULL,
  `familiar_interesse` int(11) NOT NULL,
  `familiar_interesse_condicoeos` int(11) NOT NULL,
  `opcao_familiar_condicao` int(11) DEFAULT NULL,
  `descreva_condicao_cuidado` text DEFAULT NULL,
  `opiniao_crianca` text DEFAULT NULL,
  `responsavel_id` int(11) NOT NULL,
  `data_cadastro` timestamp NOT NULL DEFAULT current_timestamp() ON UPDATE current_timestamp(),
  `data_update` timestamp NOT NULL DEFAULT current_timestamp() ON UPDATE current_timestamp(),
  `status` int(11) NOT NULL
) ENGINE=InnoDB DEFAULT CHARSET=utf8;

--
-- Extraindo dados da tabela `mod_acolhimento_crianca_familia`
--

INSERT INTO `mod_acolhimento_crianca_familia` (`id`, `acolhimento_crianca_id`, `mae_nome`, `mae_nascimento`, `mae_endereco`, `mae_numero`, `mae_bairro`, `mae_rg`, `mae_cpf`, `mae_celular`, `mae_ocupacao`, `mae_situacao`, `pai_nome`, `pai_nascimento`, `pai_endereco`, `pai_numero`, `pai_bairro`, `pai_rg`, `pai_cpf`, `pai_celular`, `pai_ocupacao`, `pai_situacao`, `oferecem_condicoes`, `avaliacao_profunda`, `possui_irmaos`, `possui_irmaos_outro`, `conhece_irmaos`, `irmaos_adotados`, `situacao_familiar`, `outra_situacao`, `demonstra_interesse`, `descricao`, `crianca_demonstra_interesse`, `crianca_demonstra_descricao`, `medida_restricao`, `quem_estabelelceu`, `recebe_visita`, `frequencia_encontros`, `como_realizados`, `pais_envolvidos_alcool`, `pais_envolvidos_outros`, `pais_envolvidos_abuso`, `situacao_rua`, `pais_pena`, `pais_reabilitacao`, `pais_ameacados`, `pais_doencas`, `pais_transtorno`, `qual_doenca`, `qual_transtorno`, `vf`, `vf_responsavel`, `familiar_interesse`, `familiar_interesse_condicoeos`, `opcao_familiar_condicao`, `descreva_condicao_cuidado`, `opiniao_crianca`, `responsavel_id`, `data_cadastro`, `data_update`, `status`) VALUES
(1, 6, 'teste 1', '2021-03-08', 'teste 1', 1111, '111', '1111', '111.111.111-11', '(11)11111-1111', '11111', 2, 'teste 2', '2021-03-15', 'teste 2', 2222, '222222', 2222, '222.222.222-2', '(22)22222-2222', 'teste 2', 3, 2, 'teste 111adasad asddas dassdasdasddasdsds aasd asdasdads ddasd adas dadas dasdas dadssda sdasdasdas d asdas dassdasda dadasad asddas dassdasdasddasdsds aasd asdasdads ddasd adas dadas dasdas dadssda sdasdasdas d asdas dassdasda dadasad asddas dassdasdasddasdsds aasd asdasdads ddasd adas dadas dasdas dadssda sdasdasdas d asdas dassdasda d', 1, 1, 1, 1, 0, NULL, 1, 'adasad asddas dassdasdasddasdsds aasd asdasdads ddasd adas dadas dasdas dadssda sdasdasdas d asdas dassdasda dadasad asddas dassdasdasddasdsds aasd asdasdads ddasd adas dadas dasdas dadssda sdasdasdas d asdas dassdasda dadasad asddas dassdasdasddasdsds aasd asdasdads ddasd adas dadas dasdas dadssda sdasdasdas d asdas dassdasda dadasad asddas dassdasdasddasdsds aasd asdasdads ddasd adas dadas dasdas dadssda sdasdasdas d asdas dassdasda dadasad asddas dassdasdasddasdsds aasd asdasdads ddasd adas dadas dasdas dadssda sdasdasdas d asdas dassdasda d', 1, NULL, 1, NULL, 1, 'adasdasd adasdasdas d', 'asdasdasdasasdadsd', 1, 1, 1, 1, 1, 1, 1, 1, 1, ' ada da daasda adas dasdasdasda sdasda dasd asdads assdas dadasdasda ssdadas', 'adasd asdasdsasd asdasdasd adadasdsdd', 1, 1, 1, 0, 3, '2222adasad asddas dassdasdasddasdsds aasd asdasdads ddasd adas dadas dasdas dadssda sdasdasdas d asdas dassdasda dadasad asddas dassdasdasddasdsds aasd asdasdads ddasd adas dadas dasdas dadssda sdasdasdas d asdas dassdasda dadasad asddas dassdasdasddasdsds aasd asdasdads ddasd adas dadas dasdas dadssda sdasdasdas d asdas dassdasda d', '111111adasad asddas dassdasdasddasdsds aasd asdasdads ddasd adas dadas dasdas dadssda sdasdasdas d asdas dassdasda dadasad asddas dassdasdasddasdsds aasd asdasdads ddasd adas dadas dasdas dadssda sdasdasdas d asdas dassdasda dadasad asddas dassdasdasddasdsds aasd asdasdads ddasd adas dadas dasdas dadssda sdasdasdas d asdas dassdasda d', 1, '2022-01-20 00:46:33', '2022-01-20 00:46:33', 1),
(2, 1, 'asdsad', '2021-03-01', 'asdas', 1321, 'asdasd', '1312', '123.123.213-21', '(12)32132-1311', 'adasda', 1, 'addasd', '2021-03-07', 'adasd', 131, 'adasd', 1312, '123.123.123-12', '(13)12312-3123', 'adsadas', 2, 1, 'adsada', 1, 1, 1, 1, 0, NULL, 1, 'adsadasd', 1, 'adaas', 1, 'asdada', 1, 'adasad', 'asdas', 1, 1, 1, 1, 1, 1, 1, 1, 1, NULL, 'adsaadsd', 0, NULL, 0, 0, NULL, NULL, NULL, 1, '2021-03-23 13:26:21', '2021-03-23 13:26:21', 1),
(3, 3, NULL, NULL, NULL, NULL, NULL, NULL, NULL, NULL, NULL, 0, NULL, NULL, NULL, NULL, NULL, NULL, NULL, NULL, '', 0, 0, NULL, 0, 0, 0, 0, 0, NULL, 0, NULL, 0, NULL, 0, NULL, 0, NULL, NULL, 0, 0, 0, 0, 0, 0, 0, 0, 0, NULL, NULL, 0, NULL, 0, 0, NULL, NULL, NULL, 1, '2021-07-27 22:41:19', '2021-07-27 22:41:19', 1),
(4, 4, 'adssad', NULL, 'asdsa', NULL, NULL, NULL, NULL, NULL, NULL, 0, 'adasd', NULL, 'asdasd', 0, '1', NULL, '131.232.131-2', NULL, '', 0, 0, NULL, 0, 0, 0, 0, 0, NULL, 0, NULL, 0, NULL, 0, NULL, 0, NULL, NULL, 0, 0, 0, 0, 0, 0, 0, 0, 0, NULL, NULL, 0, NULL, 1, 0, 1, NULL, NULL, 1, '2021-07-27 22:49:17', '2021-07-27 22:49:17', 1);

-- --------------------------------------------------------

--
-- Estrutura da tabela `mod_acolhimento_crianca_familia_convive`
--

CREATE TABLE `mod_acolhimento_crianca_familia_convive` (
  `id` int(11) NOT NULL,
  `familia_id` int(11) NOT NULL,
  `responsavel_id` int(11) NOT NULL
) ENGINE=InnoDB DEFAULT CHARSET=utf8;

--
-- Extraindo dados da tabela `mod_acolhimento_crianca_familia_convive`
--

INSERT INTO `mod_acolhimento_crianca_familia_convive` (`id`, `familia_id`, `responsavel_id`) VALUES
(43, 1, 1),
(44, 1, 66);

-- --------------------------------------------------------

--
-- Estrutura da tabela `mod_acolhimento_crianca_familia_interessados`
--

CREATE TABLE `mod_acolhimento_crianca_familia_interessados` (
  `id` int(11) NOT NULL,
  `familia_id` int(11) NOT NULL,
  `responsavel_id` int(11) NOT NULL
) ENGINE=InnoDB DEFAULT CHARSET=utf8;

--
-- Extraindo dados da tabela `mod_acolhimento_crianca_familia_interessados`
--

INSERT INTO `mod_acolhimento_crianca_familia_interessados` (`id`, `familia_id`, `responsavel_id`) VALUES
(40, 1, 1),
(41, 1, 66);

-- --------------------------------------------------------

--
-- Estrutura da tabela `mod_acolhimento_crianca_familia_responsaveis`
--

CREATE TABLE `mod_acolhimento_crianca_familia_responsaveis` (
  `id` int(11) NOT NULL,
  `familia_id` int(11) NOT NULL,
  `responsavel_id` int(11) NOT NULL
) ENGINE=InnoDB DEFAULT CHARSET=utf8;

--
-- Extraindo dados da tabela `mod_acolhimento_crianca_familia_responsaveis`
--

INSERT INTO `mod_acolhimento_crianca_familia_responsaveis` (`id`, `familia_id`, `responsavel_id`) VALUES
(41, 1, 1),
(42, 1, 66);

-- --------------------------------------------------------

--
-- Estrutura da tabela `mod_acolhimento_crianca_geral`
--

CREATE TABLE `mod_acolhimento_crianca_geral` (
  `id` int(11) NOT NULL,
  `acolhimento_crianca_id` int(11) NOT NULL,
  `peso` varchar(300) DEFAULT NULL,
  `altura` varchar(300) DEFAULT NULL,
  `tipo_sanguineo` varchar(300) DEFAULT NULL,
  `condicao_geral` text DEFAULT NULL,
  `atvd` int(11) DEFAULT NULL,
  `justificativa` text DEFAULT NULL,
  `atividade_psicologia` int(11) DEFAULT NULL,
  `vf` int(11) NOT NULL COMMENT '0 - Não validado, 1 - Validado',
  `vf_responsavel` int(11) DEFAULT NULL,
  `def_beneficiaria` int(11) DEFAULT NULL,
  `def_responsavel_recebimento` varchar(300) DEFAULT NULL,
  `def_descricao` text DEFAULT NULL,
  `responsavel_id` int(11) NOT NULL,
  `data_cadastro` timestamp NULL DEFAULT NULL,
  `data_update` timestamp NOT NULL DEFAULT current_timestamp() ON UPDATE current_timestamp(),
  `status` int(11) NOT NULL
) ENGINE=InnoDB DEFAULT CHARSET=utf8;

--
-- Extraindo dados da tabela `mod_acolhimento_crianca_geral`
--

INSERT INTO `mod_acolhimento_crianca_geral` (`id`, `acolhimento_crianca_id`, `peso`, `altura`, `tipo_sanguineo`, `condicao_geral`, `atvd`, `justificativa`, `atividade_psicologia`, `vf`, `vf_responsavel`, `def_beneficiaria`, `def_responsavel_recebimento`, `def_descricao`, `responsavel_id`, `data_cadastro`, `data_update`, `status`) VALUES
(1, 2, '10', '1.70', 'A POSITIVO', 'Descrição da condições gerais de saúde da criança', 0, 'Justificativa....', 1, 0, NULL, NULL, NULL, NULL, 1, '2021-02-10 21:24:26', '2021-02-24 18:42:06', 1),
(2, 1, 'asdsa', '12', 'as', 'adsa', 0, 'adsa', 1, 0, NULL, NULL, NULL, NULL, 1, '2021-03-23 13:09:47', '2021-03-23 13:09:47', 1),
(3, 6, '1312', '1232', '1ad2', 'ads2', 0, 'justificação da atividade do serviço de psicologia x', 1, 1, 1, 1, 'addsadasdas dasd a', NULL, 1, '2021-06-01 21:43:00', '2022-01-13 22:43:36', 1);

-- --------------------------------------------------------

--
-- Estrutura da tabela `mod_acolhimento_crianca_geral_tipo`
--

CREATE TABLE `mod_acolhimento_crianca_geral_tipo` (
  `id` int(11) NOT NULL,
  `acolhimento_crianca_geral_id` int(11) DEFAULT NULL,
  `tipo_deficiencia` int(11) DEFAULT NULL
) ENGINE=InnoDB DEFAULT CHARSET=utf8;

-- --------------------------------------------------------

--
-- Estrutura da tabela `mod_acolhimento_crianca_irmaos`
--

CREATE TABLE `mod_acolhimento_crianca_irmaos` (
  `id` int(11) NOT NULL,
  `familia_id` int(11) NOT NULL,
  `nome` varchar(300) DEFAULT NULL,
  `idade` int(11) DEFAULT NULL,
  `data_acolhimento` date DEFAULT NULL,
  `obs` text DEFAULT NULL,
  `data_update` timestamp NOT NULL DEFAULT current_timestamp() ON UPDATE current_timestamp(),
  `data_cadastro` timestamp NULL DEFAULT NULL,
  `responsavel_id` int(11) NOT NULL,
  `tipo` int(11) NOT NULL COMMENT '1 - Nesse, 2 - Outro, 3 - Vinculo, 4 - Adotados'
) ENGINE=InnoDB DEFAULT CHARSET=utf8;

--
-- Extraindo dados da tabela `mod_acolhimento_crianca_irmaos`
--

INSERT INTO `mod_acolhimento_crianca_irmaos` (`id`, `familia_id`, `nome`, `idade`, `data_acolhimento`, `obs`, `data_update`, `data_cadastro`, `responsavel_id`, `tipo`) VALUES
(14, 1, '1', 45, '2021-03-15', 'adsad2333', '2021-03-21 21:16:24', '2021-03-21 21:06:09', 1, 2),
(17, 1, '1', 22, NULL, NULL, '2021-03-21 22:40:11', '2021-03-21 22:17:05', 1, 4),
(18, 1, '1', 70, NULL, NULL, '2021-03-21 22:40:28', '2021-03-21 22:17:11', 1, 3),
(19, 2, '31', 1321, '2021-03-07', 'asdadds', '2021-03-23 13:17:49', '2021-03-23 13:17:49', 1, 1),
(20, 2, '31', 12, '2021-03-01', 'asda', '2021-03-23 13:18:00', '2021-03-23 13:18:00', 1, 2),
(21, 2, '31', 23, NULL, NULL, '2021-03-23 13:18:10', '2021-03-23 13:18:10', 1, 3),
(22, 2, '31', 21, NULL, NULL, '2021-03-23 13:18:14', '2021-03-23 13:18:14', 1, 4),
(23, 1, '1', 21, '2021-05-30', 'adaadd', '2021-06-07 22:19:31', '2021-06-07 22:19:31', 1, 1);

-- --------------------------------------------------------

--
-- Estrutura da tabela `mod_acolhimento_crianca_medicacao`
--

CREATE TABLE `mod_acolhimento_crianca_medicacao` (
  `id` int(11) NOT NULL,
  `acolhimento_crianca_id` int(11) DEFAULT NULL,
  `medicamento_id` int(11) DEFAULT NULL
) ENGINE=InnoDB DEFAULT CHARSET=utf8;

--
-- Extraindo dados da tabela `mod_acolhimento_crianca_medicacao`
--

INSERT INTO `mod_acolhimento_crianca_medicacao` (`id`, `acolhimento_crianca_id`, `medicamento_id`) VALUES
(16, 4, 1),
(17, 4, 2),
(18, 4, 4),
(19, 7, 2),
(20, 7, 4),
(33, 2, 1),
(34, 2, 2),
(35, 2, 3),
(36, 1, 2),
(37, 1, 5),
(108, 6, 2),
(109, 6, 3),
(110, 6, 4),
(111, 6, 5);

-- --------------------------------------------------------

--
-- Estrutura da tabela `mod_acolhimento_crianca_parentes`
--

CREATE TABLE `mod_acolhimento_crianca_parentes` (
  `id` int(11) NOT NULL,
  `familia_id` int(11) NOT NULL,
  `grau` int(11) DEFAULT NULL,
  `nome` varchar(300) DEFAULT NULL,
  `nascimento` date DEFAULT NULL,
  `endereco` varchar(300) DEFAULT NULL,
  `rg` varchar(30) DEFAULT NULL,
  `cpf` varchar(30) DEFAULT NULL,
  `celular` varchar(20) DEFAULT NULL,
  `ocupacao` varchar(300) DEFAULT NULL,
  `tipo` int(11) NOT NULL,
  `responsavel_id` int(11) NOT NULL,
  `data_cadastro` timestamp NULL DEFAULT NULL,
  `data_update` timestamp NOT NULL DEFAULT current_timestamp() ON UPDATE current_timestamp()
) ENGINE=InnoDB DEFAULT CHARSET=utf8;

--
-- Extraindo dados da tabela `mod_acolhimento_crianca_parentes`
--

INSERT INTO `mod_acolhimento_crianca_parentes` (`id`, `familia_id`, `grau`, `nome`, `nascimento`, `endereco`, `rg`, `cpf`, `celular`, `ocupacao`, `tipo`, `responsavel_id`, `data_cadastro`, `data_update`) VALUES
(1, 1, 1, 'Lucas', '2021-02-28', 'adaa3123 adadas', '131123123', '131.312.312-31', '(13)23123-1232', 'adsa13212 addaa', 1, 1, '2021-03-19 17:19:59', '2021-06-07 15:59:05'),
(19, 1, 1, 'Lucas', '2021-02-28', 'adaa3123', '131123123', '131.312.312-31', '(13)23123-1232', 'adsa13212', 6, 1, '2021-03-22 01:50:43', '2021-03-22 01:50:43'),
(21, 1, 1, 'Lucas', '2021-02-28', 'adaa3123', '131123123', '131.312.312-31', '(13)23123-1232', 'adsa13212', 8, 1, '2021-03-22 01:50:50', '2021-03-22 01:50:50'),
(23, 1, 1, 'Lucas', '2021-02-28', 'adaa3123', '131123123', '131.312.312-31', '(13)23123-1232', 'adsa13212', 10, 1, '2021-03-22 01:50:57', '2021-03-22 01:50:57'),
(25, 1, 1, 'Lucas', '2021-02-28', 'adaa3123', '131123123', '131.312.312-31', '(13)23123-1232', 'adsa13212', 12, 1, '2021-03-22 01:51:05', '2021-03-22 01:51:05'),
(30, 2, 2, 'Teste', '2021-03-01', 'adasd', '13213', '123.213.213-12', '(21)31232-1312', 'asda', 1, 1, '2021-03-23 13:16:56', '2021-03-23 13:20:02'),
(31, 2, 1, 'Teste 2', '2021-03-01', 'asda', '12312312', '132.131.231-23', '(12)31231-2312', 'asda', 1, 1, '2021-03-23 13:17:36', '2021-03-23 13:20:06'),
(33, 2, 2, 'Teste', '2021-03-01', 'adasd', '13213', '123.213.213-12', '(21)31232-1312', 'asda', 2, 1, '2021-03-23 13:20:22', '2021-03-23 13:20:22'),
(34, 2, 1, 'Teste 2', '2021-03-01', 'asda', '12312312', '132.131.231-23', '(12)31231-2312', 'asda', 2, 1, '2021-03-23 13:20:25', '2021-03-23 13:20:25'),
(35, 2, 2, 'Teste', '2021-03-01', 'adasd', '13213', '123.213.213-12', '(21)31232-1312', 'asda', 3, 1, '2021-03-23 13:20:38', '2021-03-23 13:20:38'),
(36, 2, 1, 'Teste 2', '2021-03-01', 'asda', '12312312', '132.131.231-23', '(12)31231-2312', 'asda', 4, 1, '2021-03-23 13:20:55', '2021-03-23 13:20:55'),
(37, 2, 1, 'Teste 2', '2021-03-01', 'asda', '12312312', '132.131.231-23', '(12)31231-2312', 'asda', 5, 1, '2021-03-23 13:21:00', '2021-03-23 13:21:00'),
(38, 2, 2, 'Teste', '2021-03-01', 'adasd', '13213', '123.213.213-12', '(21)31232-1312', 'asda', 6, 1, '2021-03-23 13:21:05', '2021-03-23 13:21:05'),
(39, 2, 1, 'Teste 2', '2021-03-01', 'asda', '12312312', '132.131.231-23', '(12)31231-2312', 'asda', 11, 1, '2021-03-23 13:21:19', '2021-03-23 13:21:19'),
(40, 2, 1, 'Teste 2', '2021-03-01', 'asda', '12312312', '132.131.231-23', '(12)31231-2312', 'asda', 10, 1, '2021-03-23 13:21:23', '2021-03-23 13:21:23'),
(41, 2, 2, 'Teste', '2021-03-01', 'adasd', '13213', '123.213.213-12', '(21)31232-1312', 'asda', 9, 1, '2021-03-23 13:21:27', '2021-03-23 13:21:27'),
(42, 2, 2, 'Teste', '2021-03-01', 'adasd', '13213', '123.213.213-12', '(21)31232-1312', 'asda', 8, 1, '2021-03-23 13:21:30', '2021-03-23 13:21:30'),
(43, 2, 1, 'Teste 2', '2021-03-01', 'asda', '12312312', '132.131.231-23', '(12)31231-2312', 'asda', 7, 1, '2021-03-23 13:21:35', '2021-03-23 13:21:35'),
(44, 2, 1, 'Teste 2', '2021-03-01', 'asda', '12312312', '132.131.231-23', '(12)31231-2312', 'asda', 12, 1, '2021-03-23 13:21:42', '2021-03-23 13:21:42'),
(47, 1, 1, 'Lucas', '2021-02-28', 'adaa3123 adadas', '131123123', '131.312.312-31', '(13)23123-1232', 'adsa13212 addaa', 2, 1, '2021-06-07 16:46:17', '2021-06-07 16:46:17'),
(48, 1, 1, 'Lucas', '2021-02-28', 'adaa3123 adadas', '131123123', '131.312.312-31', '(13)23123-1232', 'adsa13212 addaa', 3, 1, '2021-06-07 17:41:30', '2021-06-07 17:41:30'),
(49, 1, 7, 'teste', '2021-06-14', 'adasd', '1312', '123.123.123-12', '(12)31231-2312', 'addaasa', 2, 1, '2021-06-07 21:07:49', '2021-06-07 21:07:49'),
(50, 1, 7, 'teste', '2021-06-14', 'adasd', '1312', '123.123.123-12', '(12)31231-2312', 'addaasa', 3, 1, '2021-06-07 21:12:07', '2021-06-07 21:12:07'),
(52, 1, 1, 'Lucas', '2021-02-28', 'adaa3123 adadas', '131123123', '131.312.312-31', '(13)23123-1232', 'adsa13212 addaa', 4, 1, '2021-06-07 21:13:44', '2021-06-07 21:13:44'),
(53, 1, 7, 'teste', '2021-06-14', 'adasd', '1312', '123.123.123-12', '(12)31231-2312', 'addaasa', 4, 1, '2021-06-07 21:13:47', '2021-06-07 21:13:47'),
(54, 1, 7, 'teste', '2021-06-14', 'adasd', '1312', '123.123.123-12', '(12)31231-2312', 'addaasa', 11, 1, '2021-06-07 21:18:14', '2021-06-07 21:18:14'),
(55, 1, 1, 'Lucas', '2021-02-28', 'adaa3123 adadas', '131123123', '131.312.312-31', '(13)23123-1232', 'adsa13212 addaa', 11, 1, '2021-06-07 21:18:19', '2021-06-07 21:18:19'),
(56, 1, 1, 'Lucas', '2021-02-28', 'adaa3123 adadas', '131123123', '131.312.312-31', '(13)23123-1232', 'adsa13212 addaa', 5, 1, '2021-06-07 21:18:48', '2021-06-07 21:18:48'),
(57, 1, 7, 'teste', '2021-06-14', 'adasd', '1312', '123.123.123-12', '(12)31231-2312', 'addaasa', 5, 1, '2021-06-07 21:18:55', '2021-06-07 21:18:55'),
(58, 1, 7, 'teste', '2021-06-14', 'adasd', '1312', '123.123.123-12', '(12)31231-2312', 'addaasa', 6, 1, '2021-06-07 21:19:02', '2021-06-07 21:19:02'),
(59, 1, 7, 'teste', '2021-06-14', 'adasd', '1312', '123.123.123-12', '(12)31231-2312', 'addaasa', 7, 1, '2021-06-07 21:19:15', '2021-06-07 21:19:15'),
(60, 1, 1, 'Lucas', '2021-02-28', 'adaa3123 adadas', '131123123', '131.312.312-31', '(13)23123-1232', 'adsa13212 addaa', 7, 1, '2021-06-07 21:19:22', '2021-06-07 21:19:22'),
(61, 1, 7, 'teste', '2021-06-14', 'adasd', '1312', '123.123.123-12', '(12)31231-2312', 'addaasa', 8, 1, '2021-06-07 21:19:33', '2021-06-07 21:19:33'),
(62, 1, 7, 'teste', '2021-06-14', 'adasd', '1312', '123.123.123-12', '(12)31231-2312', 'addaasa', 9, 1, '2021-06-07 21:19:42', '2021-06-07 21:19:42'),
(63, 1, 1, 'Lucas', '2021-02-28', 'adaa3123 adadas', '131123123', '131.312.312-31', '(13)23123-1232', 'adsa13212 addaa', 9, 1, '2021-06-07 21:19:46', '2021-06-07 21:19:46'),
(64, 1, 7, 'teste', '2021-06-14', 'adasd', '1312', '123.123.123-12', '(12)31231-2312', 'addaasa', 10, 1, '2021-06-07 21:19:55', '2021-06-07 21:19:55'),
(65, 1, 7, 'teste', '2021-06-14', 'adasd', '1312', '123.123.123-12', '(12)31231-2312', 'addaasa', 12, 1, '2021-06-07 22:13:04', '2021-06-07 22:13:04'),
(66, 1, 1, 'ada', '2021-07-01', 'adas', '1231231323', '132.131.231-23', '(12)31231-2312', 'asd', 1, 1, '2021-07-27 18:56:27', '2021-07-27 18:56:27'),
(67, 3, 7, 'Teste2', '2021-07-13', 'adasd', '1312', '132.131.231-23', '(12)31231-2321', 'asdas', 1, 1, '2021-07-27 22:41:19', '2021-07-27 22:41:50'),
(68, 3, 1, 'teste', '2021-07-07', 'adasd', '3123', '132.321.312-31', '(12)31231-2312', 'adasd', 1, 1, '2021-07-27 22:42:03', '2021-07-27 22:42:03'),
(69, 4, 1, 'adsa', '2021-07-05', 'adas', '1231231', '131.231.321-31', '(13)12312-3123', 'asdas', 1, 1, '2021-07-27 22:48:52', '2021-07-27 22:48:52');

-- --------------------------------------------------------

--
-- Estrutura da tabela `mod_acolhimento_crianca_plano`
--

CREATE TABLE `mod_acolhimento_crianca_plano` (
  `id` int(11) NOT NULL,
  `acolhimento_crianca_id` int(11) NOT NULL,
  `tipo` int(11) NOT NULL COMMENT '1 - Familia, 2 - Crianca',
  `subtipo` int(11) NOT NULL COMMENT '1 - Documentacao, 2 - Saude, 3 - Acesso, 4 - Participacao, 5 - Capacitacao, 6 - Cuidado, 7 - Outro, 8 - Educacao, 9 - Esporte, 10 - Convivencia',
  `objetivo` text DEFAULT NULL,
  `acao` text DEFAULT NULL,
  `responsavel` varchar(300) DEFAULT NULL,
  `prazo_inicial` date DEFAULT NULL,
  `prazo_final` date DEFAULT NULL,
  `realizada` int(11) NOT NULL,
  `alcancado` int(11) NOT NULL,
  `finalizada` int(11) NOT NULL,
  `prazo` int(11) NOT NULL,
  `obs` text DEFAULT NULL,
  `vf` int(11) NOT NULL COMMENT '0 - Não validado, 1 - Validado',
  `vf_responsavel` int(11) DEFAULT NULL,
  `responsavel_id` int(11) NOT NULL,
  `data_update` timestamp NOT NULL DEFAULT current_timestamp() ON UPDATE current_timestamp(),
  `data_cadastro` timestamp NULL DEFAULT NULL
) ENGINE=InnoDB DEFAULT CHARSET=utf8;

--
-- Extraindo dados da tabela `mod_acolhimento_crianca_plano`
--

INSERT INTO `mod_acolhimento_crianca_plano` (`id`, `acolhimento_crianca_id`, `tipo`, `subtipo`, `objetivo`, `acao`, `responsavel`, `prazo_inicial`, `prazo_final`, `realizada`, `alcancado`, `finalizada`, `prazo`, `obs`, `vf`, `vf_responsavel`, `responsavel_id`, `data_update`, `data_cadastro`) VALUES
(15, 2, 1, 1, 'xxxx', 'xxxx', 'adsa', '2021-03-01', '2021-03-25', 0, 0, 1, 0, 'adsa', 0, NULL, 1, '2021-03-22 19:56:58', '2021-03-22 19:56:03'),
(16, 2, 1, 2, '222', '222', 'asd', '2021-03-11', '2021-04-07', 1, 1, 0, 0, 'dasas', 0, NULL, 1, '2021-03-22 19:56:49', '2021-03-22 19:56:17'),
(17, 2, 1, 3, '33', '333', 'adaad', '2021-03-01', '2021-03-10', 1, 0, 0, 0, '33', 0, NULL, 1, '2021-03-22 20:09:05', '2021-03-22 20:09:05'),
(18, 2, 1, 4, '44', '44', 'adsa', '2021-03-08', '2021-04-02', 0, 1, 1, 0, '44', 0, NULL, 1, '2021-03-22 20:09:17', '2021-03-22 20:09:17'),
(19, 2, 1, 5, '55', '55', '55', '2021-03-01', '2021-03-25', 0, 1, 1, 0, '55', 0, NULL, 1, '2021-03-22 20:25:21', '2021-03-22 20:25:21'),
(20, 2, 1, 6, '66', '66', 'adsa', '2021-03-09', '2021-04-08', 1, 0, 0, 0, '66', 0, NULL, 1, '2021-03-22 20:25:34', '2021-03-22 20:25:34'),
(21, 2, 1, 7, '77 outro', '77', 'asd', '2021-03-04', '2021-03-31', 0, 1, 1, 1, '77', 0, NULL, 1, '2021-03-22 20:26:01', '2021-03-22 20:25:51'),
(23, 2, 2, 1, '2123', '2123', 'ads', '2021-03-08', '2021-03-26', 0, 1, 1, 0, 'adsa', 0, NULL, 1, '2021-03-22 20:59:33', '2021-03-22 20:59:33'),
(24, 2, 2, 2, 'adsadsda2', 'asda2', 'sadsa', '2021-03-09', '2021-04-08', 0, 1, 1, 0, 'asd', 0, NULL, 1, '2021-03-22 21:09:36', '2021-03-22 21:09:30'),
(25, 2, 2, 8, 'ed', 'ed', 'ed', '2021-03-09', '2021-04-01', 0, 1, 0, 1, 'ed', 0, NULL, 1, '2021-03-22 21:30:04', '2021-03-22 21:30:04'),
(26, 2, 2, 9, 'esp', 'esp', 'esp', '2021-03-08', '2021-04-02', 1, 1, 0, 0, 'esp', 0, NULL, 1, '2021-03-22 21:31:36', '2021-03-22 21:31:36'),
(27, 2, 2, 10, 'con2', 'con2', 'con', '2021-03-01', '2021-04-09', 0, 1, 1, 0, 'conv', 0, NULL, 1, '2021-03-22 21:32:00', '2021-03-22 21:31:53'),
(28, 2, 2, 3, 'acesso', 'acesso', 'acesso', '2021-03-03', '2021-03-25', 1, 1, 1, 1, 'acesso', 0, NULL, 1, '2021-03-22 21:52:15', '2021-03-22 21:52:15'),
(29, 2, 2, 4, 'participação', 'participação', 'Participação', '2021-03-03', '2021-03-30', 1, 1, 1, 1, 'Participação...', 0, NULL, 1, '2021-03-22 21:52:52', '2021-03-22 21:52:52'),
(30, 2, 2, 7, 'Outro', 'Outro', 'Outro', '2021-03-01', '2021-04-08', 1, 0, 1, 1, 'Outro', 0, NULL, 1, '2021-03-22 21:53:15', '2021-03-22 21:53:15'),
(31, 1, 1, 2, 'addsad', 'adad', 'adasd', '2021-02-28', '2021-04-01', 0, 1, 1, 0, 'adsa', 0, NULL, 1, '2021-03-23 13:22:43', '2021-03-23 13:22:43'),
(32, 1, 1, 1, 'adasd', 'asdas', 'adasd', '2021-02-28', '2021-03-25', 0, 1, 1, 0, 'adsa', 0, NULL, 1, '2021-03-23 13:22:46', '2021-03-23 13:22:46'),
(33, 1, 1, 3, 'adas', 'asdsa', 'adsa', '2021-03-01', '2021-03-23', 0, 0, 1, 0, 'asdsa', 0, NULL, 1, '2021-03-23 13:23:03', '2021-03-23 13:23:03'),
(34, 1, 1, 4, 'adasd', 'adsa', 'asda', '2021-03-01', '2021-03-10', 0, 0, 1, 0, 'ada', 0, NULL, 1, '2021-03-23 13:23:38', '2021-03-23 13:23:38'),
(35, 1, 1, 5, 'adas', 'asda', 'asdasd', '2021-03-08', '2021-04-01', 0, 1, 0, 0, 'adas', 0, NULL, 1, '2021-03-23 13:23:48', '2021-03-23 13:23:48'),
(36, 1, 1, 6, 'dasad', 'asda', 'ada', '2021-03-09', '2021-03-30', 0, 0, 0, 1, 'adasd', 0, NULL, 1, '2021-03-23 13:23:57', '2021-03-23 13:23:57'),
(37, 1, 1, 7, 'asddas', 'asdas', 'adsa', '2021-03-16', '2021-03-31', 0, 1, 0, 0, 'adas', 0, NULL, 1, '2021-03-23 13:24:06', '2021-03-23 13:24:06'),
(38, 1, 2, 1, 'adas', 'adsasd', 'asdas', '2021-03-01', '2021-03-26', 0, 0, 0, 1, 'adsad', 0, NULL, 1, '2021-03-23 13:24:16', '2021-03-23 13:24:16'),
(39, 1, 2, 2, 'adsas', 'asdas', 'adsa', '2021-03-08', '2021-04-08', 1, 1, 0, 0, 'adsaa', 0, NULL, 1, '2021-03-23 13:24:27', '2021-03-23 13:24:27'),
(40, 1, 2, 8, 'asdsa', 'asdas', 'asdas', '2021-03-08', '2021-04-08', 0, 0, 1, 1, 'adsa', 0, NULL, 1, '2021-03-23 13:24:37', '2021-03-23 13:24:37'),
(41, 1, 2, 9, 'adasd', 'asdas', 'adsasd', '2021-03-02', '2021-04-09', 1, 1, 1, 0, 'adsas', 0, NULL, 1, '2021-03-23 13:24:47', '2021-03-23 13:24:47'),
(42, 1, 2, 9, 'asda', 'asdas', 'asdas', '2021-03-08', '2021-03-25', 0, 0, 1, 0, 'asdas', 0, NULL, 1, '2021-03-23 13:24:57', '2021-03-23 13:24:57'),
(43, 1, 2, 10, 'adsad', 'asdas', 'asdas', '2021-03-09', '2021-04-08', 0, 1, 0, 0, 'adasd', 0, NULL, 1, '2021-03-23 13:25:07', '2021-03-23 13:25:07'),
(44, 1, 2, 3, 'adsas', 'asdas', 'asda', '2021-03-16', '2021-04-09', 0, 0, 1, 0, 'adsa', 0, NULL, 1, '2021-03-23 13:25:16', '2021-03-23 13:25:16'),
(45, 1, 2, 4, 'adasda', 'sdasd', 'aadasd', '2021-03-01', '2021-04-01', 1, 0, 0, 0, 'asdsa', 0, NULL, 1, '2021-03-23 13:25:26', '2021-03-23 13:25:26'),
(46, 1, 2, 7, 'adadsd', 'asdas', 'asdas', '2021-03-09', '2021-04-01', 1, 0, 0, 1, 'adasd', 0, NULL, 1, '2021-03-23 13:25:35', '2021-03-23 13:25:35'),
(53, 6, 1, 1, 'addaa', 'asda', 'ad', '2021-06-02', '2021-07-01', 0, 0, 0, 1, 'ada', 1, 1, 1, '2021-06-09 15:06:03', '2021-06-09 15:05:58'),
(54, 6, 1, 2, 'adsad', 'asdad', 'asdsad', '2022-01-19', '2022-01-31', 0, 1, 1, 0, 'as', 0, NULL, 1, '2022-01-19 16:43:24', '2022-01-19 16:43:24'),
(55, 6, 2, 7, 'asdds', 'adsa', 'addss', '2022-01-19', '2022-02-03', 0, 1, 0, 0, 'adsa', 0, NULL, 1, '2022-01-19 16:43:57', '2022-01-19 16:43:57'),
(56, 6, 2, 4, 'adas', 'asdass', 'dasd', '2022-01-17', '2022-02-01', 1, 0, 0, 0, 'addsa', 0, NULL, 1, '2022-01-19 16:44:10', '2022-01-19 16:44:10'),
(57, 6, 1, 3, 'adsdssdsasdda', 'adsa', 'adsad', '2022-01-24', '2022-02-01', 0, 1, 1, 0, 'adasd', 0, NULL, 1, '2022-01-20 14:47:42', '2022-01-20 14:47:42'),
(58, 6, 2, 1, 'adas', 'adas', 'asddas', '2022-01-18', '2022-02-03', 0, 0, 1, 0, 'adsda', 0, NULL, 1, '2022-01-20 14:54:22', '2022-01-20 14:54:22'),
(59, 6, 1, 3, 'adsad', 'asd', 'adsa', '2022-01-20', '2022-01-26', 1, 1, 1, 0, 'adsa', 0, NULL, 1, '2022-01-20 15:31:41', '2022-01-20 15:31:41'),
(60, 6, 1, 4, 'adsa', 'asda', 'asadasd', '2022-01-25', '2022-01-31', 0, 0, 1, 0, 'adasda', 0, NULL, 1, '2022-01-20 15:31:52', '2022-01-20 15:31:52'),
(61, 6, 1, 5, 'adass', 'asdas', 'addasd', '2022-01-26', '2022-02-01', 0, 1, 0, 1, 'adasda', 0, NULL, 1, '2022-01-20 15:32:05', '2022-01-20 15:32:05'),
(62, 6, 1, 6, 'addsadsda', 'dadasdasd', 'asdadas', '2022-01-31', '2022-02-03', 0, 0, 1, 0, 'adasd', 0, NULL, 1, '2022-01-20 15:32:15', '2022-01-20 15:32:15'),
(63, 6, 1, 7, 'adsadd', 'asddssas', 'ddsasdasd', '2022-02-03', '2022-02-05', 1, 1, 0, 0, 'adsada', 0, NULL, 1, '2022-01-20 15:32:26', '2022-01-20 15:32:26'),
(64, 6, 2, 2, 'addasdd', 'adsdas', 'daddsadd', '2022-01-26', '2022-02-02', 0, 1, 0, 0, 'adsa', 0, NULL, 1, '2022-01-20 15:32:44', '2022-01-20 15:32:44'),
(65, 6, 2, 8, 'addsasd', 'asdasd', 'addsas', '2022-02-02', '2022-02-02', 0, 1, 0, 0, 'adsadasd', 0, NULL, 1, '2022-01-20 15:32:57', '2022-01-20 15:32:57'),
(66, 6, 2, 9, 'adasd', 'asdasd', 'adasd', '2022-01-25', '2022-02-01', 1, 0, 0, 0, 'adsadas', 0, NULL, 1, '2022-01-20 15:33:10', '2022-01-20 15:33:10'),
(67, 6, 2, 10, 'adasd', 'adasda', 'adsad', '2022-01-25', '2022-01-28', 0, 1, 0, 0, 'adsad', 0, NULL, 1, '2022-01-20 15:33:30', '2022-01-20 15:33:30'),
(68, 6, 2, 3, 'adasd', 'addasd', 'adasd', '2022-01-26', '2022-02-01', 0, 1, 0, 0, 'asad', 0, NULL, 1, '2022-01-20 15:33:49', '2022-01-20 15:33:49'),
(69, 6, 2, 4, 'adadsas', 'asdsas', 'adasd', '2022-01-21', '2022-02-04', 0, 1, 1, 0, 'adsda', 0, NULL, 1, '2022-01-20 15:34:10', '2022-01-20 15:34:10');

-- --------------------------------------------------------

--
-- Estrutura da tabela `mod_acolhimento_crianca_rede`
--

CREATE TABLE `mod_acolhimento_crianca_rede` (
  `id` int(11) NOT NULL,
  `acolhimento_crianca_id` int(11) NOT NULL,
  `acompanhamento` int(11) NOT NULL,
  `acompanhamento2` int(11) NOT NULL,
  `vf` int(11) DEFAULT NULL,
  `vf_responsavel` int(11) DEFAULT NULL,
  `responsavel_id` int(11) NOT NULL,
  `data_cadastro` timestamp NULL DEFAULT NULL,
  `data_update` timestamp NOT NULL DEFAULT current_timestamp() ON UPDATE current_timestamp(),
  `status` int(11) NOT NULL
) ENGINE=InnoDB DEFAULT CHARSET=utf8;

--
-- Extraindo dados da tabela `mod_acolhimento_crianca_rede`
--

INSERT INTO `mod_acolhimento_crianca_rede` (`id`, `acolhimento_crianca_id`, `acompanhamento`, `acompanhamento2`, `vf`, `vf_responsavel`, `responsavel_id`, `data_cadastro`, `data_update`, `status`) VALUES
(1, 2, 1, 0, NULL, NULL, 1, '2021-03-22 15:12:00', '2021-03-22 15:12:36', 1),
(2, 1, 1, 0, NULL, NULL, 1, '2021-03-23 13:22:19', '2021-03-23 13:22:19', 1),
(5, 6, 1, 1, 1, 1, 1, '2021-06-08 22:39:28', '2021-06-09 13:54:04', 1),
(6, 3, 1, 1, NULL, NULL, 1, '2021-07-28 14:22:45', '2021-07-28 14:22:45', 1);

-- --------------------------------------------------------

--
-- Estrutura da tabela `mod_acolhimento_crianca_rede_membros`
--

CREATE TABLE `mod_acolhimento_crianca_rede_membros` (
  `id` int(11) NOT NULL,
  `acolhimento_crianca_rede_id` int(11) NOT NULL,
  `instituicao` varchar(300) DEFAULT NULL,
  `contato` varchar(30) DEFAULT NULL,
  `endereco` varchar(300) DEFAULT NULL,
  `numero` int(11) DEFAULT NULL,
  `bairro` text DEFAULT NULL,
  `nome` int(11) DEFAULT NULL,
  `tipo` int(11) DEFAULT NULL,
  `frequencia` varchar(100) DEFAULT NULL,
  `referencia` varchar(300) DEFAULT NULL,
  `responsavel_id` int(11) NOT NULL,
  `data_cadastro` timestamp NULL DEFAULT NULL,
  `data_update` timestamp NOT NULL DEFAULT current_timestamp() ON UPDATE current_timestamp()
) ENGINE=InnoDB DEFAULT CHARSET=utf8;

--
-- Extraindo dados da tabela `mod_acolhimento_crianca_rede_membros`
--

INSERT INTO `mod_acolhimento_crianca_rede_membros` (`id`, `acolhimento_crianca_rede_id`, `instituicao`, `contato`, `endereco`, `numero`, `bairro`, `nome`, `tipo`, `frequencia`, `referencia`, `responsavel_id`, `data_cadastro`, `data_update`) VALUES
(2, 1, 'Programa bom para todos', '(68)99231-2312', 'Rua Republica', 123, 'Estação Experimental', 7, 1, 'Todos os dias', 'Raimundo de Souza', 1, '2021-03-22 15:22:01', '2021-03-22 15:24:21'),
(10, 5, 'Secretaria de Comunicação Testte ada dsa dasdasdad ad ', '(13)21312-3123', 'RUA DR. FRANCO RIBEIRO adas dasdadda ad dsa dasda ', 123, '222', 1, NULL, NULL, 'ad asda dasd asdas asd adas asda sdasd asdas daad ada ad asdaasd adaa  asdssa dasd asas ada asad asd as asada da ', 1, '2021-06-08 22:32:54', '2022-01-17 22:46:13'),
(16, 6, 'teste2021', '(13)21312-3123', 'rua vinte e dois conjunto bela vista', 1312, '123', 68, 1, 'adsadd', 'asdasad', 1, '2021-07-28 14:39:21', '2021-07-28 14:39:21'),
(17, 6, 'Secretaria de Comunicação 2021', '(13)12312-3123', 'adsasd', 1231, '1231', 67, 1, 'adsa', 'adsas', 1, '2021-07-28 14:39:57', '2021-07-28 14:39:57'),
(19, 5, 'Secretaria de Estado de Planejamento - SEPLAG', '(68)91312-3213', 'Rua Gilberto Correia Lima', 253, 'Centro', 2, NULL, NULL, 'A metodologia de acompanhamento é xxxxxx  xxxx xx x xx xx xx x x x xxxxx xxxxx x  xxxx x ', 1, '2022-01-17 22:25:58', '2022-01-17 22:25:58');

-- --------------------------------------------------------

--
-- Estrutura da tabela `mod_acolhimento_crianca_rede_membros2`
--

CREATE TABLE `mod_acolhimento_crianca_rede_membros2` (
  `id` int(11) NOT NULL,
  `acolhimento_crianca_rede_id` int(11) NOT NULL,
  `instituicao` varchar(300) DEFAULT NULL,
  `contato` varchar(30) DEFAULT NULL,
  `endereco` varchar(300) DEFAULT NULL,
  `numero` int(11) DEFAULT NULL,
  `bairro` text DEFAULT NULL,
  `nome` int(11) DEFAULT NULL,
  `tipo` int(11) DEFAULT NULL,
  `frequencia` varchar(100) DEFAULT NULL,
  `referencia` varchar(300) DEFAULT NULL,
  `responsavel_id` int(11) NOT NULL,
  `data_cadastro` timestamp NULL DEFAULT NULL,
  `data_update` timestamp NOT NULL DEFAULT current_timestamp() ON UPDATE current_timestamp()
) ENGINE=InnoDB DEFAULT CHARSET=utf8;

--
-- Extraindo dados da tabela `mod_acolhimento_crianca_rede_membros2`
--

INSERT INTO `mod_acolhimento_crianca_rede_membros2` (`id`, `acolhimento_crianca_rede_id`, `instituicao`, `contato`, `endereco`, `numero`, `bairro`, `nome`, `tipo`, `frequencia`, `referencia`, `responsavel_id`, `data_cadastro`, `data_update`) VALUES
(1, 5, 'teste 222 ad aadas da dadas dsasd adadasds asdadada', '(13)12321-3123', 'adasdas22 adda dasda sdasdadd adas dasd aasdad', 132, 'adsad22', 2, NULL, NULL, 'adsdasda2222 ad asds adaa assd asdas dadad asda dasd ada a ada das dasd asd adasdad a ad adad aadasada das ad a', 1, '2021-06-09 13:59:55', '2022-01-17 22:47:39'),
(5, 6, 'adaadad', '(13)12321-31', 'adsasd', 13123, '132123', 68, 1, 'adsada', 'dsasdad', 1, '2021-07-28 14:40:16', '2021-07-28 14:40:16'),
(7, 6, 'adsad', '(13)12312-312', 'asdsad', 13123, 'asddadada', 67, 2, 'ada', 'asda', 1, '2021-07-28 15:01:17', '2021-07-28 15:01:17');

-- --------------------------------------------------------

--
-- Estrutura da tabela `mod_acolhimento_crianca_servico`
--

CREATE TABLE `mod_acolhimento_crianca_servico` (
  `id` int(11) NOT NULL,
  `acolhimento_id` int(11) DEFAULT NULL,
  `medico` varchar(300) DEFAULT NULL,
  `medicamento` varchar(300) DEFAULT NULL,
  `posologia` varchar(300) DEFAULT NULL,
  `administracao` varchar(300) DEFAULT NULL,
  `data_cadastro` timestamp NULL DEFAULT NULL,
  `responsavel_id` int(11) NOT NULL
) ENGINE=InnoDB DEFAULT CHARSET=utf8;

--
-- Extraindo dados da tabela `mod_acolhimento_crianca_servico`
--

INSERT INTO `mod_acolhimento_crianca_servico` (`id`, `acolhimento_id`, `medico`, `medicamento`, `posologia`, `administracao`, `data_cadastro`, `responsavel_id`) VALUES
(16, 2, 'Ubirajará', 'teste', 'teste', 'teste', '2021-02-24 15:16:04', 1),
(23, 2, 'Teste 4', '4', '4', '4', '2021-02-24 15:18:07', 1),
(27, 2, 'adsa', 'adsa', 'dasd', 'asd', '2021-02-24 15:38:16', 1),
(28, 1, 'adsa', 'asa', 'asd', 'asd', '2021-03-23 13:09:28', 1),
(29, 6, 'ada', 'ad', 'asd', 'ads', '2021-06-01 21:43:32', 1),
(30, 6, 'ads', 'asas', 'asda', 'as', '2021-07-26 14:46:24', 1),
(31, 6, 'Fulano', 'Dipirona', 'Teste', 'Teste', '2022-01-13 23:52:34', 1);

-- --------------------------------------------------------

--
-- Estrutura da tabela `mod_acolhimento_crianca_vinculo`
--

CREATE TABLE `mod_acolhimento_crianca_vinculo` (
  `id` int(11) NOT NULL,
  `nome` varchar(300) DEFAULT NULL,
  `responsavel_id` int(11) DEFAULT NULL,
  `data_cadastro` timestamp NULL DEFAULT NULL,
  `data_update` timestamp NULL DEFAULT current_timestamp() ON UPDATE current_timestamp(),
  `status` int(11) NOT NULL
) ENGINE=InnoDB DEFAULT CHARSET=utf8;

--
-- Extraindo dados da tabela `mod_acolhimento_crianca_vinculo`
--

INSERT INTO `mod_acolhimento_crianca_vinculo` (`id`, `nome`, `responsavel_id`, `data_cadastro`, `data_update`, `status`) VALUES
(1, 'Irmão / Irmã', 1, '2021-06-07 16:13:36', '2021-06-07 16:13:36', 1),
(2, 'Tio / Tia', 1, '2021-06-07 16:13:36', '2021-06-07 16:13:36', 1),
(3, 'Avô / Avó', 1, '2021-06-07 16:13:36', '2021-06-07 16:13:36', 1),
(4, 'Primo / Prima', 1, '2021-06-07 16:13:36', '2021-06-07 16:13:36', 1),
(5, 'Padrinho / Madrinha', 1, '2021-06-07 16:13:36', '2021-06-07 16:13:36', 1),
(6, 'Vizinho / Vizinha', 1, '2021-06-07 16:13:36', '2021-06-07 16:13:52', 1),
(7, 'Amigo / Amiga', 1, '2021-06-07 16:13:36', '2021-06-07 16:13:59', 1);

-- --------------------------------------------------------

--
-- Estrutura da tabela `mod_acolhimento_documentacao`
--

CREATE TABLE `mod_acolhimento_documentacao` (
  `id` int(11) NOT NULL,
  `data_cadastro` timestamp NULL DEFAULT NULL,
  `usuario_id` int(11) DEFAULT NULL,
  `rg_numero` varchar(30) DEFAULT NULL,
  `rg_orgao_expedidor` varchar(100) DEFAULT NULL,
  `rg_estado` varchar(10) DEFAULT NULL,
  `rg_data_expedicao` date DEFAULT NULL,
  `rg_anexo` varchar(200) DEFAULT NULL,
  `cpf` varchar(30) DEFAULT NULL,
  `cpf_anexo` varchar(200) DEFAULT NULL,
  `certidao` varchar(100) DEFAULT NULL,
  `certidao_anexo` varchar(200) DEFAULT NULL,
  `vacinacao` varchar(100) DEFAULT NULL,
  `vacinacao_anexo` varchar(200) DEFAULT NULL,
  `historico_anexo` varchar(200) DEFAULT NULL,
  `transferencia_anexo` varchar(200) DEFAULT NULL,
  `prontuario_anexo` varchar(200) DEFAULT NULL,
  `receituario_anexo` varchar(200) DEFAULT NULL,
  `mandado_anexo` varchar(200) DEFAULT NULL,
  `acolhimento_id` int(11) DEFAULT NULL
) ENGINE=InnoDB DEFAULT CHARSET=utf8;

--
-- Extraindo dados da tabela `mod_acolhimento_documentacao`
--

INSERT INTO `mod_acolhimento_documentacao` (`id`, `data_cadastro`, `usuario_id`, `rg_numero`, `rg_orgao_expedidor`, `rg_estado`, `rg_data_expedicao`, `rg_anexo`, `cpf`, `cpf_anexo`, `certidao`, `certidao_anexo`, `vacinacao`, `vacinacao_anexo`, `historico_anexo`, `transferencia_anexo`, `prontuario_anexo`, `receituario_anexo`, `mandado_anexo`, `acolhimento_id`) VALUES
(1, '2020-12-03 21:16:50', 1, '13213123', 'SSP', 'AC', '2020-12-03', 'anexos/2/aa20ddfa38fe647b6a231ecf99b8f0de_rg_2.pdf', '131.231.231-23', 'anexos/2/aa20ddfa38fe647b6a231ecf99b8f0de_cpf_2.pdf', '13213123', 'anexos/2/aa20ddfa38fe647b6a231ecf99b8f0de_certidao_2.pdf', '132131231', 'anexos/2/aa20ddfa38fe647b6a231ecf99b8f0de_vacinacao_2.pdf', 'anexos/2/aa20ddfa38fe647b6a231ecf99b8f0de_historico_2.pdf', 'anexos/2/aa20ddfa38fe647b6a231ecf99b8f0de_transferencia_2.pdf', 'anexos/2/aa20ddfa38fe647b6a231ecf99b8f0de_prontuario_2.pdf', 'anexos/2/aa20ddfa38fe647b6a231ecf99b8f0de_receituario_2.pdf', 'anexos/2/aa20ddfa38fe647b6a231ecf99b8f0de_mandado_2.pdf', 2),
(2, '2020-12-03 21:17:21', 1, NULL, NULL, NULL, NULL, NULL, '132.131.231-23', 'anexos/1/75b4466ab799dbd86b5b59d360a0b069_cpf_1.pdf', NULL, NULL, NULL, NULL, NULL, NULL, 'anexos/1/75b4466ab799dbd86b5b59d360a0b069_prontuario_1.pdf', NULL, NULL, 1),
(3, '2020-12-06 14:18:35', 1, '1123123123', 'SSP', 'AC', '2020-12-06', 'anexos/6/7b325e664a6631c6f03ad64380b226c9_rg_6.pdf', '999.999.999-99', 'anexos/6/7b325e664a6631c6f03ad64380b226c9_cpf_6.pdf', '132131231', 'anexos/6/7b325e664a6631c6f03ad64380b226c9_certidao_6.pdf', '1321312312', 'anexos/6/7b325e664a6631c6f03ad64380b226c9_vacinacao_6.pdf', 'anexos/6/7b325e664a6631c6f03ad64380b226c9_historico_6.pdf', 'anexos/6/7b325e664a6631c6f03ad64380b226c9_transferencia_6.pdf', 'anexos/6/7b325e664a6631c6f03ad64380b226c9_prontuario_6.pdf', 'anexos/6/7b325e664a6631c6f03ad64380b226c9_receituario_6.pdf', 'anexos/6/7b325e664a6631c6f03ad64380b226c9_mandado_6.pdf', 6),
(4, '2021-07-27 22:40:50', 1, '131', 'SSP', 'AC', '2021-07-27', 'anexos/3/6c67dd7d3c21393fa395e8c175464ea2_rg_3.pdf', '', NULL, '', NULL, '', NULL, NULL, NULL, NULL, NULL, NULL, 3),
(5, '2021-07-27 22:48:22', 1, NULL, NULL, NULL, NULL, NULL, '132.131.2', 'anexos/4/4976fae6c29ae7b4635c7c3fe243e59a_cpf_4.pdf', '', NULL, '', NULL, NULL, NULL, NULL, NULL, NULL, 4),
(6, '2021-07-28 16:24:32', 1, NULL, NULL, NULL, NULL, NULL, '131.232.131-23', 'anexos/7/28e2f7e5488f6f81fd98cfc79f932791_cpf_7.pdf', '', NULL, '', NULL, NULL, NULL, NULL, NULL, NULL, 7);

-- --------------------------------------------------------

--
-- Estrutura da tabela `mod_acolhimento_situacao`
--

CREATE TABLE `mod_acolhimento_situacao` (
  `id` int(11) NOT NULL,
  `mod_acolhimento_id` int(11) DEFAULT NULL,
  `residia` int(11) DEFAULT NULL,
  `tempo_rua` int(11) DEFAULT NULL,
  `local` text DEFAULT NULL,
  `acolhida_anteriomente` int(11) DEFAULT NULL,
  `servico_acolhimento` text DEFAULT NULL,
  `parentes_vinculos` text DEFAULT NULL,
  `pessoas_vivia_rua` text DEFAULT NULL,
  `vf` int(11) NOT NULL COMMENT '0 - Não validado, 1 - Validado',
  `vf_responsavel` int(11) DEFAULT NULL,
  `responsavel_id` int(11) DEFAULT NULL,
  `data_cadastro` int(11) DEFAULT NULL,
  `data_update` int(11) DEFAULT NULL,
  `status` int(11) NOT NULL
) ENGINE=InnoDB DEFAULT CHARSET=utf8;

--
-- Extraindo dados da tabela `mod_acolhimento_situacao`
--

INSERT INTO `mod_acolhimento_situacao` (`id`, `mod_acolhimento_id`, `residia`, `tempo_rua`, `local`, `acolhida_anteriomente`, `servico_acolhimento`, `parentes_vinculos`, `pessoas_vivia_rua`, `vf`, `vf_responsavel`, `responsavel_id`, `data_cadastro`, `data_update`, `status`) VALUES
(1, 6, 0, 2, 'adssada aasadaa adss asd sadsa dasdasadasd aas ad ad ad add', 1, '2222', 'teste3,222', 'Teste 1,Teste 2,222,adasdas', 1, 1, 1, 2147483647, 2147483647, 1),
(2, 1, 0, 2, 'adsa', 1, 'adsad', 'asdsa', 'dsas,asdasd', 0, NULL, 1, 2147483647, 2147483647, 1);

-- --------------------------------------------------------

--
-- Estrutura da tabela `mod_acolhimento_tempo`
--

CREATE TABLE `mod_acolhimento_tempo` (
  `id` int(11) NOT NULL,
  `nome` varchar(300) DEFAULT NULL,
  `status` int(11) NOT NULL
) ENGINE=InnoDB DEFAULT CHARSET=utf8;

--
-- Extraindo dados da tabela `mod_acolhimento_tempo`
--

INSERT INTO `mod_acolhimento_tempo` (`id`, `nome`, `status`) VALUES
(1, '15 dias', 1),
(2, '1 mês', 1),
(3, '1 à 3 meses', 1),
(4, '3 à 6 meses', 1),
(5, '6 à 12 meses', 1),
(6, '1 à 2 anos', 1),
(7, 'a mais de 2 anos', 1);

-- --------------------------------------------------------

--
-- Estrutura da tabela `mod_acolhimento_tipo_deficiencia`
--

CREATE TABLE `mod_acolhimento_tipo_deficiencia` (
  `id` int(11) NOT NULL,
  `nome` varchar(300) NOT NULL,
  `status` int(11) NOT NULL
) ENGINE=InnoDB DEFAULT CHARSET=utf8;

--
-- Extraindo dados da tabela `mod_acolhimento_tipo_deficiencia`
--

INSERT INTO `mod_acolhimento_tipo_deficiencia` (`id`, `nome`, `status`) VALUES
(1, 'DEFICIÊNCIA FÍSICA', 1),
(2, 'DEFICIÊNCIA MENTAL', 1),
(3, 'DEFICIÊNCIA INTELECTUAL', 1),
(4, 'DEFICIÊNCIA SENSORIAL', 1);

-- --------------------------------------------------------

--
-- Estrutura da tabela `mod_comarcas`
--

CREATE TABLE `mod_comarcas` (
  `id` int(11) NOT NULL,
  `nome` varchar(300) DEFAULT NULL,
  `status` int(11) NOT NULL DEFAULT 1
) ENGINE=InnoDB DEFAULT CHARSET=utf8;

--
-- Extraindo dados da tabela `mod_comarcas`
--

INSERT INTO `mod_comarcas` (`id`, `nome`, `status`) VALUES
(1, 'COMARCA DE ACRELÂNDIA', 1),
(2, 'COMARCA DE ASSIS BRASIL', 1),
(3, 'COMARCA DE BUJARÍ', 1),
(4, 'COMARCA DE BRASILÉIA', 1),
(5, 'COMARCA DE CAPIXABA', 1),
(6, 'COMARCA DE CRUZEIRO DO SUL', 1),
(7, 'COMARCA DE EPITACIOLÂNDIA', 1),
(8, 'COMARCA DE FEIJÓ', 1),
(9, 'COMARCA DE MÂNCIO LIMA', 1),
(10, 'COMARCA DE MANOEL URBANO', 1),
(11, 'COMARCA DE MARECHAL THAUMATURGO', 1),
(12, 'COMARCA DE PLÁCIDO DE CASTRO', 1),
(13, 'COMARCA DE PORTO ACRE', 1),
(14, 'COMARCA DE RIO BRANCO', 1),
(15, 'COMARCA DE RODRIGUES ALVES', 1),
(16, 'COMARCA DE SANTA ROSA DO PURUS', 1),
(17, 'COMARCA DE SENADOR GUIOMARD', 1),
(18, 'COMARCA DE SENA MADUREIRA', 1),
(19, 'COMARCA DE TARAUACÁ', 1),
(20, 'COMARCA DE XAPURÍ', 1),
(21, 'COMARCA DE JORDÃO', 1),
(22, 'COMARCA DE PORTO WALTER', 1);

-- --------------------------------------------------------

--
-- Estrutura da tabela `mod_downloads`
--

CREATE TABLE `mod_downloads` (
  `id` int(11) NOT NULL,
  `nome_arquivo` varchar(300) DEFAULT NULL,
  `arquivo` varchar(300) DEFAULT NULL,
  `profissional_id` int(11) NOT NULL,
  `responsavel_id` int(11) DEFAULT NULL,
  `data_update` timestamp NULL DEFAULT current_timestamp() ON UPDATE current_timestamp(),
  `data_cadastro` timestamp NULL DEFAULT NULL,
  `descricao` text DEFAULT NULL
) ENGINE=InnoDB DEFAULT CHARSET=utf8;

--
-- Extraindo dados da tabela `mod_downloads`
--

INSERT INTO `mod_downloads` (`id`, `nome_arquivo`, `arquivo`, `profissional_id`, `responsavel_id`, `data_update`, `data_cadastro`, `descricao`) VALUES
(6, 'Teste 1', 'arquivos/52dda69e798697d189a14d41049463b9.pdf', 2, 1, '2021-05-27 14:15:13', '2021-05-21 00:23:35', NULL),
(7, 'Teste 513', 'arquivos/ebc777f918d36c8cc858697d659e18a5.pdf', 5, 1, '2021-05-27 14:13:29', '2021-05-27 13:56:49', NULL),
(8, 'teste', 'arquivos/596477d850bfac665ff30681e3cd66c9.pdf', 4, 1, '2021-07-26 16:04:43', '2021-07-26 15:59:19', NULL);

-- --------------------------------------------------------

--
-- Estrutura da tabela `mod_medicamento`
--

CREATE TABLE `mod_medicamento` (
  `id` int(11) NOT NULL,
  `nome` varchar(300) DEFAULT NULL,
  `qtd` int(11) DEFAULT NULL,
  `data_validade` date DEFAULT NULL,
  `usuario_id` int(11) DEFAULT NULL,
  `data_cadastro` timestamp NULL DEFAULT NULL,
  `data_update` timestamp NULL DEFAULT current_timestamp() ON UPDATE current_timestamp(),
  `status` int(11) NOT NULL
) ENGINE=InnoDB DEFAULT CHARSET=utf8;

--
-- Extraindo dados da tabela `mod_medicamento`
--

INSERT INTO `mod_medicamento` (`id`, `nome`, `qtd`, `data_validade`, `usuario_id`, `data_cadastro`, `data_update`, `status`) VALUES
(1, 'Dipirona', 10, '2020-10-30', 1, '2020-10-20 20:58:19', '2020-10-20 20:58:19', 1),
(2, 'Tylenol', 5, '2020-11-30', 1, '2020-10-20 21:01:17', '2020-10-20 21:01:26', 1),
(3, 'Aspirina', 7, '2020-10-28', 1, '2020-10-20 22:31:42', '2020-11-27 21:59:51', 1),
(4, 'Cimegripe', 5, '2020-12-31', 1, '2020-12-02 16:09:13', '2020-12-04 14:11:21', 1),
(5, 'Nome do Medicamento', 10, '2020-12-31', 1, '2020-12-06 14:14:30', '2020-12-06 14:14:30', 1);

-- --------------------------------------------------------

--
-- Estrutura da tabela `mod_motivo_acolhimento`
--

CREATE TABLE `mod_motivo_acolhimento` (
  `id` int(11) NOT NULL,
  `nome` varchar(300) DEFAULT NULL,
  `usuario_id` int(11) DEFAULT NULL,
  `data_cadastro` timestamp NULL DEFAULT NULL,
  `data_update` timestamp NULL DEFAULT current_timestamp() ON UPDATE current_timestamp(),
  `status` int(11) NOT NULL
) ENGINE=InnoDB DEFAULT CHARSET=utf8;

--
-- Extraindo dados da tabela `mod_motivo_acolhimento`
--

INSERT INTO `mod_motivo_acolhimento` (`id`, `nome`, `usuario_id`, `data_cadastro`, `data_update`, `status`) VALUES
(1, 'Abandono', 1, '2020-10-20 05:00:00', '2020-10-20 19:11:52', 1),
(2, 'Negligência', 1, '2020-10-20 05:00:00', '2020-10-20 19:11:52', 1),
(3, 'Entrega Voluntária', 1, '2020-10-20 05:00:00', '2020-10-20 19:12:29', 1),
(4, 'Situação de rua/mendicância', 1, '2020-10-20 05:00:00', '2020-10-20 19:12:29', 1),
(5, 'Ausência dos pais/responsáveis por prisão ou MSE de internação', 1, '2020-10-20 05:00:00', '2020-10-20 19:13:19', 1),
(6, 'Pais/responsáveis usuários abusivos de álcool', 1, '2020-10-20 05:00:00', '2020-10-20 19:13:19', 1),
(7, 'Pais/responsáveis usuários abusivos de drogas', 1, '2020-10-20 05:00:00', '2020-10-20 19:14:22', 1),
(8, 'Pais/responsáveis com transtorno mental/sofrimento psíquico', 1, '2020-10-20 05:00:00', '2020-10-20 19:14:22', 1),
(9, 'Outros', 1, '2020-12-01 21:53:10', '2020-12-01 21:53:10', 1);

-- --------------------------------------------------------

--
-- Estrutura da tabela `mod_patrimonio`
--

CREATE TABLE `mod_patrimonio` (
  `id` int(11) NOT NULL,
  `nome` varchar(300) DEFAULT NULL,
  `codigo` varchar(50) DEFAULT NULL,
  `setor_id` int(11) DEFAULT NULL,
  `responsavel_id` int(11) DEFAULT NULL,
  `situacao` int(11) DEFAULT NULL,
  `usuario_id` int(11) DEFAULT NULL,
  `data_cadastro` timestamp NULL DEFAULT NULL,
  `data_update` timestamp NULL DEFAULT current_timestamp() ON UPDATE current_timestamp(),
  `status` int(11) NOT NULL COMMENT '1 - Em utilização, 2 - Inservivel, 3 - Baixado'
) ENGINE=InnoDB DEFAULT CHARSET=utf8;

--
-- Extraindo dados da tabela `mod_patrimonio`
--

INSERT INTO `mod_patrimonio` (`id`, `nome`, `codigo`, `setor_id`, `responsavel_id`, `situacao`, `usuario_id`, `data_cadastro`, `data_update`, `status`) VALUES
(1, 'Notebook Gamming Dell Inspirion 2020', '132131231-1', 1, 1, 1, 1, '2020-10-21 18:45:28', '2020-10-21 18:45:28', 1),
(2, 'Impressora HP', '12312312-2', 1, 1, 2, 1, '2020-10-21 18:58:29', '2020-10-21 18:58:29', 1),
(3, 'Microfone', '1321323-12', 4, 1, 1, 2, '2020-10-21 18:58:29', '2020-10-21 20:38:22', 1),
(4, 'Mesa', '2321312-2', 2, 4, 1, 2, '2020-10-21 20:39:58', '2020-10-21 20:39:58', 1),
(5, 'Nome do Patrimonio', '12321312', 1, 1, 3, 1, '2020-12-06 14:13:36', '2020-12-06 14:14:03', 0);

-- --------------------------------------------------------

--
-- Estrutura da tabela `mod_saude_consultas`
--

CREATE TABLE `mod_saude_consultas` (
  `id` int(11) NOT NULL,
  `tipo_atendimento` int(11) NOT NULL COMMENT '1 - Medico, 2 - Odontologico, 3 - Vacinacao',
  `tipo` int(11) NOT NULL COMMENT '1 - Consulta, 2 - Retorno',
  `tipo_consulta` int(11) NOT NULL COMMENT '1 - Particular, 2 - Voluntario, 3 - Profissional',
  `data_consulta` date NOT NULL,
  `hora_consulta` varchar(10) DEFAULT NULL,
  `obs` text DEFAULT NULL,
  `crianca_id` int(11) NOT NULL,
  `acomp_id` int(11) NOT NULL,
  `preparativos` text DEFAULT NULL,
  `profissional_id` int(11) NOT NULL,
  `unidade_id` int(11) DEFAULT NULL,
  `endereco` varchar(300) DEFAULT NULL,
  `numero` varchar(30) DEFAULT NULL,
  `bairro` varchar(300) DEFAULT NULL,
  `contato` varchar(30) DEFAULT NULL,
  `retorno_consulta` int(11) NOT NULL COMMENT '0 - Não, 1 - Sim',
  `data_retorno` timestamp NULL DEFAULT NULL,
  `data_agendada` timestamp NULL DEFAULT NULL,
  `hora_retorno` varchar(10) DEFAULT NULL,
  `responsavel_id` int(11) NOT NULL,
  `data_update` timestamp NOT NULL DEFAULT current_timestamp() ON UPDATE current_timestamp(),
  `data_cadastro` timestamp NULL DEFAULT NULL,
  `status` int(11) NOT NULL,
  `situacao` int(11) NOT NULL COMMENT '1 - Ativo, 2 - Finalizado',
  `data_finalizacao` timestamp NULL DEFAULT NULL,
  `resp_finalizacao` int(11) DEFAULT NULL
) ENGINE=InnoDB DEFAULT CHARSET=utf8;

--
-- Extraindo dados da tabela `mod_saude_consultas`
--

INSERT INTO `mod_saude_consultas` (`id`, `tipo_atendimento`, `tipo`, `tipo_consulta`, `data_consulta`, `hora_consulta`, `obs`, `crianca_id`, `acomp_id`, `preparativos`, `profissional_id`, `unidade_id`, `endereco`, `numero`, `bairro`, `contato`, `retorno_consulta`, `data_retorno`, `data_agendada`, `hora_retorno`, `responsavel_id`, `data_update`, `data_cadastro`, `status`, `situacao`, `data_finalizacao`, `resp_finalizacao`) VALUES
(1, 1, 2, 1, '2021-03-23', '11:00', 'adas2', 1, 4, 'adas2', 5, 1, 'asda2', '131', 'addsad2', NULL, 0, NULL, NULL, NULL, 1, '2021-05-27 14:55:52', '2021-03-23 16:11:44', 1, 2, '2021-05-27 14:55:52', 1),
(2, 3, 2, 3, '2021-03-23', '23:58', NULL, 2, 4, 'jhkjhkjh', 2, 1, NULL, NULL, NULL, NULL, 0, NULL, NULL, NULL, 1, '2021-05-27 14:40:29', '2021-03-23 21:12:36', 1, 1, NULL, NULL),
(3, 2, 0, 2, '2021-05-20', '15:02', NULL, 2, 1, 'adsdd2', 1, 2, 'Tucumã', '132', 'Tucumã', '(13) 1 2313-1231', 1, '2021-06-25 05:00:00', '2021-06-25 05:00:00', '13:23', 1, '2021-06-25 14:21:36', '2021-05-26 14:02:16', 1, 1, NULL, NULL),
(5, 3, 0, 2, '2021-05-30', '16:25', NULL, 7, 2, 'adas', 2, 2, 'Tucumã', '132', 'Tucumã', '(13) 1 2313-1231', 1, '2021-06-09 05:00:00', '2021-06-11 05:00:00', '16:59', 1, '2021-06-09 21:59:33', '2021-05-27 14:56:16', 1, 1, NULL, NULL),
(6, 2, 2, 2, '2021-06-03', '13:01', NULL, 2, 2, 'adsa', 2, 2, 'Tucumã', '132', 'Tucumã', '(13) 1 2313-1231', 0, NULL, NULL, NULL, 1, '2021-05-31 21:12:48', '2021-05-31 21:12:48', 1, 1, NULL, NULL),
(7, 1, 0, 1, '2021-07-26', '13:21', NULL, 2, 2, 'das', 5, 2, 'Tucumã', '132', 'Tucumã', '(13) 1 2313-1231', 1, '2021-07-26 05:00:00', '2021-07-27 05:00:00', '13:12', 1, '2021-07-26 16:15:44', '2021-07-26 16:15:44', 1, 1, NULL, NULL);

-- --------------------------------------------------------

--
-- Estrutura da tabela `mod_saude_consulta_diagnostico`
--

CREATE TABLE `mod_saude_consulta_diagnostico` (
  `id` int(11) NOT NULL,
  `consulta_id` int(11) DEFAULT NULL,
  `data_diagnostico` timestamp NULL DEFAULT NULL,
  `diagnostico` text DEFAULT NULL,
  `orientacoes` text DEFAULT NULL,
  `medicacoes` text DEFAULT NULL,
  `responsavel_id` int(11) DEFAULT NULL
) ENGINE=InnoDB DEFAULT CHARSET=utf8;

--
-- Extraindo dados da tabela `mod_saude_consulta_diagnostico`
--

INSERT INTO `mod_saude_consulta_diagnostico` (`id`, `consulta_id`, `data_diagnostico`, `diagnostico`, `orientacoes`, `medicacoes`, `responsavel_id`) VALUES
(11, 1, '2021-05-19 05:00:00', 'asdsada', 'adas', 'adsad', 1),
(12, 1, '2021-05-31 05:00:00', 'adsad', 'asdaads', 'adsad', 1),
(15, 6, '2021-05-05 05:00:00', 'ad', 'adss', 'adsaa', 1),
(16, 6, '2021-05-28 05:00:00', 'adaa', 'asdas', 'adasd', 1),
(17, 2, '2021-05-05 05:00:00', 'adsa', 'asd', 'adsa', 1),
(18, 5, '2021-06-10 05:00:00', 'ad', 'asda', 'adsa', 1),
(19, 3, '2021-06-25 05:00:00', 'aadad', 'asdada', 'ada', 1),
(24, 7, NULL, 'adas 2', 'asda 2', 'adsa 2', 1),
(27, 3, NULL, '5', '5', '5', 1),
(32, 3, NULL, '7', '7', '7', 1);

-- --------------------------------------------------------

--
-- Estrutura da tabela `mod_saude_consulta_especialistas`
--

CREATE TABLE `mod_saude_consulta_especialistas` (
  `id` int(11) NOT NULL,
  `diagnostico_id` int(11) NOT NULL,
  `especialista_id` int(11) NOT NULL
) ENGINE=InnoDB DEFAULT CHARSET=utf8;

--
-- Extraindo dados da tabela `mod_saude_consulta_especialistas`
--

INSERT INTO `mod_saude_consulta_especialistas` (`id`, `diagnostico_id`, `especialista_id`) VALUES
(38, 12, 1),
(39, 12, 2),
(40, 12, 3),
(41, 12, 4),
(42, 12, 5),
(43, 11, 3),
(44, 11, 4),
(46, 15, 2),
(47, 16, 2),
(48, 16, 4),
(49, 17, 3),
(50, 18, 2),
(51, 19, 3),
(52, 19, 5),
(61, 24, 2),
(62, 24, 3);

-- --------------------------------------------------------

--
-- Estrutura da tabela `mod_saude_consulta_exame`
--

CREATE TABLE `mod_saude_consulta_exame` (
  `id` int(11) NOT NULL,
  `diagnostico_id` int(11) NOT NULL,
  `exame_id` int(11) NOT NULL
) ENGINE=InnoDB DEFAULT CHARSET=utf8;

--
-- Extraindo dados da tabela `mod_saude_consulta_exame`
--

INSERT INTO `mod_saude_consulta_exame` (`id`, `diagnostico_id`, `exame_id`) VALUES
(24, 12, 1),
(25, 12, 2),
(26, 11, 1),
(27, 11, 2),
(29, 15, 2),
(30, 16, 2),
(31, 16, 1),
(32, 17, 2),
(33, 17, 1),
(34, 18, 1),
(35, 19, 2),
(36, 19, 1),
(45, 24, 1),
(46, 24, 2);

-- --------------------------------------------------------

--
-- Estrutura da tabela `mod_saude_consulta_vacina`
--

CREATE TABLE `mod_saude_consulta_vacina` (
  `id` int(11) NOT NULL,
  `consulta_id` int(11) NOT NULL,
  `vacina_id` int(11) NOT NULL
) ENGINE=InnoDB DEFAULT CHARSET=utf8;

--
-- Extraindo dados da tabela `mod_saude_consulta_vacina`
--

INSERT INTO `mod_saude_consulta_vacina` (`id`, `consulta_id`, `vacina_id`) VALUES
(3, 1, 1),
(6, 6, 1);

-- --------------------------------------------------------

--
-- Estrutura da tabela `mod_saude_especialidade`
--

CREATE TABLE `mod_saude_especialidade` (
  `id` int(11) NOT NULL,
  `nome` varchar(300) NOT NULL,
  `responsavel_id` int(11) NOT NULL,
  `data_update` timestamp NOT NULL DEFAULT current_timestamp() ON UPDATE current_timestamp(),
  `data_cadastro` timestamp NULL DEFAULT NULL,
  `status` int(11) NOT NULL
) ENGINE=InnoDB DEFAULT CHARSET=utf8;

--
-- Extraindo dados da tabela `mod_saude_especialidade`
--

INSERT INTO `mod_saude_especialidade` (`id`, `nome`, `responsavel_id`, `data_update`, `data_cadastro`, `status`) VALUES
(1, 'Anestesiologia', 1, '2021-05-28 17:15:46', '2021-03-23 14:20:01', 1),
(2, 'Cardiologia', 1, '2021-03-23 14:20:01', '2021-03-23 14:20:01', 1),
(3, 'Clínica Médica', 1, '2021-03-23 14:20:30', '2021-03-23 14:20:30', 1),
(4, 'Dermatologia', 1, '2021-03-23 14:20:30', '2021-03-23 14:20:30', 1),
(5, 'Endodontia', 1, '2021-05-28 17:16:44', '2021-05-28 17:16:12', 1);

-- --------------------------------------------------------

--
-- Estrutura da tabela `mod_saude_exames`
--

CREATE TABLE `mod_saude_exames` (
  `id` int(11) NOT NULL,
  `nome` varchar(300) NOT NULL,
  `responsavel_id` int(11) NOT NULL,
  `data_update` timestamp NOT NULL DEFAULT current_timestamp() ON UPDATE current_timestamp(),
  `data_cadastro` timestamp NULL DEFAULT NULL,
  `status` int(11) NOT NULL
) ENGINE=InnoDB DEFAULT CHARSET=utf8;

--
-- Extraindo dados da tabela `mod_saude_exames`
--

INSERT INTO `mod_saude_exames` (`id`, `nome`, `responsavel_id`, `data_update`, `data_cadastro`, `status`) VALUES
(1, 'Exame X2', 1, '2021-03-23 15:21:11', '2021-03-23 15:20:58', 1),
(2, 'Exame 3x', 1, '2021-03-23 15:21:19', '2021-03-23 15:21:19', 1);

-- --------------------------------------------------------

--
-- Estrutura da tabela `mod_saude_medicos`
--

CREATE TABLE `mod_saude_medicos` (
  `id` int(11) NOT NULL,
  `nome` varchar(300) DEFAULT NULL,
  `especialidade_id` int(11) DEFAULT NULL,
  `tipo` int(11) DEFAULT NULL COMMENT '1 - Func Quadro, 2 - Func Extra Quadro',
  `responsavel_id` int(11) NOT NULL,
  `data_update` timestamp NOT NULL DEFAULT current_timestamp() ON UPDATE current_timestamp(),
  `data_cadastro` timestamp NULL DEFAULT NULL,
  `status` int(11) NOT NULL
) ENGINE=InnoDB DEFAULT CHARSET=utf8;

--
-- Extraindo dados da tabela `mod_saude_medicos`
--

INSERT INTO `mod_saude_medicos` (`id`, `nome`, `especialidade_id`, `tipo`, `responsavel_id`, `data_update`, `data_cadastro`, `status`) VALUES
(1, 'Raimundo Doido', 1, 1, 1, '2021-03-23 14:31:37', '2021-03-23 14:25:19', 1),
(2, 'Ubiaratam', 3, 2, 1, '2021-03-23 14:46:28', '2021-03-23 14:46:28', 1);

-- --------------------------------------------------------

--
-- Estrutura da tabela `mod_saude_odontologos`
--

CREATE TABLE `mod_saude_odontologos` (
  `id` int(11) NOT NULL,
  `nome` varchar(300) DEFAULT NULL,
  `especialidade_id` int(11) DEFAULT NULL,
  `tipo` int(11) DEFAULT NULL COMMENT '1 - Func Quadro, 2 - Func Extra Quadro',
  `responsavel_id` int(11) NOT NULL,
  `data_update` timestamp NOT NULL DEFAULT current_timestamp() ON UPDATE current_timestamp(),
  `data_cadastro` timestamp NULL DEFAULT NULL,
  `status` int(11) NOT NULL
) ENGINE=InnoDB DEFAULT CHARSET=utf8;

--
-- Extraindo dados da tabela `mod_saude_odontologos`
--

INSERT INTO `mod_saude_odontologos` (`id`, `nome`, `especialidade_id`, `tipo`, `responsavel_id`, `data_update`, `data_cadastro`, `status`) VALUES
(1, 'Raimundo Doido', 1, 1, 1, '2021-03-23 14:31:37', '2021-03-23 14:25:19', 1),
(2, 'Ubiaratam', 3, 2, 1, '2021-03-23 15:00:39', '2021-03-23 14:46:28', 0),
(3, 'Teste', 4, 1, 1, '2021-03-23 15:00:52', '2021-03-23 15:00:52', 1);

-- --------------------------------------------------------

--
-- Estrutura da tabela `mod_saude_terapias`
--

CREATE TABLE `mod_saude_terapias` (
  `id` int(11) NOT NULL,
  `tipo_terapia` int(11) NOT NULL COMMENT '1 - Particular, 2 - Voluntario, 3 - Profissional',
  `data_terapia` date NOT NULL,
  `hora_terapia` varchar(10) DEFAULT NULL,
  `obs` text DEFAULT NULL,
  `crianca_id` int(11) NOT NULL,
  `acomp_id` int(11) NOT NULL,
  `preparativos` text DEFAULT NULL,
  `profissional_id` int(11) NOT NULL,
  `unidade_id` int(11) DEFAULT NULL,
  `endereco` varchar(300) DEFAULT NULL,
  `numero` varchar(30) DEFAULT NULL,
  `bairro` varchar(300) DEFAULT NULL,
  `contato` varchar(30) DEFAULT NULL,
  `diagnostico` text DEFAULT NULL,
  `avaliacao_inicial` text DEFAULT NULL,
  `avaliacao_final` text DEFAULT NULL,
  `diagnostico_inicial` text DEFAULT NULL,
  `diagnostico_final` text DEFAULT NULL,
  `obs_inicial` text DEFAULT NULL,
  `obs_final` text DEFAULT NULL,
  `responsavel_id` int(11) NOT NULL,
  `data_update` timestamp NOT NULL DEFAULT current_timestamp() ON UPDATE current_timestamp(),
  `data_cadastro` timestamp NULL DEFAULT NULL,
  `status` int(11) NOT NULL,
  `situacao` int(11) NOT NULL COMMENT '1 - Ativo, 2 - Finalizado',
  `data_finalizacao` timestamp NULL DEFAULT NULL,
  `resp_finalizacao` int(11) DEFAULT NULL
) ENGINE=InnoDB DEFAULT CHARSET=utf8;

--
-- Extraindo dados da tabela `mod_saude_terapias`
--

INSERT INTO `mod_saude_terapias` (`id`, `tipo_terapia`, `data_terapia`, `hora_terapia`, `obs`, `crianca_id`, `acomp_id`, `preparativos`, `profissional_id`, `unidade_id`, `endereco`, `numero`, `bairro`, `contato`, `diagnostico`, `avaliacao_inicial`, `avaliacao_final`, `diagnostico_inicial`, `diagnostico_final`, `obs_inicial`, `obs_final`, `responsavel_id`, `data_update`, `data_cadastro`, `status`, `situacao`, `data_finalizacao`, `resp_finalizacao`) VALUES
(2, 2, '2021-04-09', '23:03', NULL, 4, 4, 'teste 1', 2, 2, 'Tucumã', '132', 'Tucumã', '(13) 1 2313-1231', NULL, 'aaaa', 'ddddd', 'bbbbb', 'eeeeee', 'ccccc', 'ffffffff', 1, '2021-06-09 22:30:23', '2021-03-23 21:12:36', 1, 1, NULL, NULL),
(8, 1, '2021-05-03', '13:02', NULL, 7, 0, 'ada', 0, 1, 'Rua xxxx', '131', 'Bairro xxx', '(68) 9 9231-2312', NULL, 'adadsdada', 'adsadasd', NULL, NULL, NULL, NULL, 1, '2021-07-27 17:07:50', '2021-05-31 21:59:17', 1, 1, NULL, NULL),
(9, 2, '2021-06-25', '22:02', NULL, 1, 0, 'sASaa2', 0, 2, 'Tucumã', '132', 'Tucumã', '(13) 1 2313-1231', NULL, 'SA2', 'asa2', 'SAa2', 'as2', 'ASA2', 'SA2', 1, '2021-06-25 14:10:38', '2021-06-12 15:19:07', 1, 1, NULL, NULL);

-- --------------------------------------------------------

--
-- Estrutura da tabela `mod_saude_terapia_diagnostico`
--

CREATE TABLE `mod_saude_terapia_diagnostico` (
  `id` int(11) NOT NULL,
  `terapia_id` int(11) DEFAULT NULL,
  `data_diagnostico` timestamp NULL DEFAULT NULL,
  `profissional_id` int(11) DEFAULT NULL,
  `acompanhante_id` int(11) DEFAULT NULL,
  `obs` text DEFAULT NULL,
  `responsavel_id` int(11) DEFAULT NULL,
  `data_cadastro` timestamp NULL DEFAULT NULL,
  `data_update` timestamp NULL DEFAULT current_timestamp() ON UPDATE current_timestamp()
) ENGINE=InnoDB DEFAULT CHARSET=utf8;

--
-- Extraindo dados da tabela `mod_saude_terapia_diagnostico`
--

INSERT INTO `mod_saude_terapia_diagnostico` (`id`, `terapia_id`, `data_diagnostico`, `profissional_id`, `acompanhante_id`, `obs`, `responsavel_id`, `data_cadastro`, `data_update`) VALUES
(1, 2, '2021-07-08 05:00:00', 5, 2, 'adsadasd', 1, '2021-06-10 14:51:58', '2021-06-10 15:26:30'),
(2, 2, '2021-06-25 05:00:00', 4, 4, 'adsdadasd', 1, '2021-06-10 15:27:47', '2021-06-10 15:27:47'),
(5, 2, '2021-06-10 05:00:00', 1, 1, 'adsad', 1, '2021-06-10 15:43:08', '2021-06-10 15:43:08'),
(7, 9, '2021-06-25 05:00:00', 1, 1, 'adad', 1, '2021-06-25 14:17:03', '2021-06-25 14:17:03'),
(8, NULL, '2022-02-16 05:00:00', 4, 2, 'teste', 1, '2022-02-01 20:15:27', '2022-02-01 20:15:27'),
(9, NULL, '2022-02-01 05:00:00', 5, 4, 'adsa', 1, '2022-02-01 23:46:27', '2022-02-01 23:46:27');

-- --------------------------------------------------------

--
-- Estrutura da tabela `mod_saude_terapia_especialistas`
--

CREATE TABLE `mod_saude_terapia_especialistas` (
  `id` int(11) NOT NULL,
  `terapia_id` int(11) NOT NULL,
  `especialista_id` int(11) NOT NULL
) ENGINE=InnoDB DEFAULT CHARSET=utf8;

--
-- Extraindo dados da tabela `mod_saude_terapia_especialistas`
--

INSERT INTO `mod_saude_terapia_especialistas` (`id`, `terapia_id`, `especialista_id`) VALUES
(27, 2, 1),
(28, 2, 3),
(29, 2, 2),
(30, 2, 4),
(31, 2, 5),
(43, 9, 1),
(44, 9, 2),
(45, 9, 3),
(46, 9, 4),
(47, 9, 5),
(48, 8, 4);

-- --------------------------------------------------------

--
-- Estrutura da tabela `mod_saude_terapia_exame`
--

CREATE TABLE `mod_saude_terapia_exame` (
  `id` int(11) NOT NULL,
  `diagnostico_id` int(11) NOT NULL,
  `exame_id` int(11) NOT NULL
) ENGINE=InnoDB DEFAULT CHARSET=utf8;

--
-- Extraindo dados da tabela `mod_saude_terapia_exame`
--

INSERT INTO `mod_saude_terapia_exame` (`id`, `diagnostico_id`, `exame_id`) VALUES
(1, 20, 2),
(2, 21, 2),
(3, 21, 1);

-- --------------------------------------------------------

--
-- Estrutura da tabela `mod_saude_vacinas`
--

CREATE TABLE `mod_saude_vacinas` (
  `id` int(11) NOT NULL,
  `nome` varchar(300) NOT NULL,
  `responsavel_id` int(11) NOT NULL,
  `data_update` timestamp NOT NULL DEFAULT current_timestamp() ON UPDATE current_timestamp(),
  `data_cadastro` timestamp NULL DEFAULT NULL,
  `status` int(11) NOT NULL
) ENGINE=InnoDB DEFAULT CHARSET=utf8;

--
-- Extraindo dados da tabela `mod_saude_vacinas`
--

INSERT INTO `mod_saude_vacinas` (`id`, `nome`, `responsavel_id`, `data_update`, `data_cadastro`, `status`) VALUES
(1, 'Vacina SA22', 1, '2021-03-23 15:32:52', '2021-03-23 15:32:27', 1),
(2, 'VACINA XYZ', 1, '2021-03-23 15:32:47', '2021-03-23 15:32:35', 0),
(3, 'VACINA KDG', 1, '2021-03-23 15:32:44', '2021-03-23 15:32:44', 1);

-- --------------------------------------------------------

--
-- Estrutura da tabela `mod_unidade_saude`
--

CREATE TABLE `mod_unidade_saude` (
  `id` int(11) NOT NULL,
  `nome` varchar(300) DEFAULT NULL,
  `contato` varchar(30) DEFAULT NULL,
  `endereco` text DEFAULT NULL,
  `numero` int(11) DEFAULT NULL,
  `bairro` varchar(300) DEFAULT NULL,
  `responsavel_id` int(11) DEFAULT NULL,
  `data_update` timestamp NULL DEFAULT current_timestamp() ON UPDATE current_timestamp(),
  `data_cadastro` timestamp NULL DEFAULT NULL,
  `status` int(11) NOT NULL
) ENGINE=InnoDB DEFAULT CHARSET=utf8;

--
-- Extraindo dados da tabela `mod_unidade_saude`
--

INSERT INTO `mod_unidade_saude` (`id`, `nome`, `contato`, `endereco`, `numero`, `bairro`, `responsavel_id`, `data_update`, `data_cadastro`, `status`) VALUES
(1, 'Nome da Unidade de Saúde Teste', '(68) 9 9231-2312', 'Rua xxxx', 131, 'Bairro xxx', 1, '2022-02-01 17:43:12', '2021-05-26 13:57:23', 1),
(2, 'UPA', '(13) 1 2313-1231', 'Tucumã', 132, 'Tucumã', 1, '2021-05-27 15:09:48', '2021-05-27 15:09:48', 1);

-- --------------------------------------------------------

--
-- Estrutura da tabela `seg_funcao`
--

CREATE TABLE `seg_funcao` (
  `id` int(11) NOT NULL,
  `nome` varchar(300) DEFAULT NULL,
  `setor_id` int(11) DEFAULT NULL,
  `responsavel` int(11) DEFAULT NULL,
  `data_cadastro` timestamp NULL DEFAULT NULL,
  `data_update` timestamp NULL DEFAULT NULL,
  `status` int(11) NOT NULL
) ENGINE=InnoDB DEFAULT CHARSET=utf8;

--
-- Extraindo dados da tabela `seg_funcao`
--

INSERT INTO `seg_funcao` (`id`, `nome`, `setor_id`, `responsavel`, `data_cadastro`, `data_update`, `status`) VALUES
(1, 'Psicólogo ', 1, 1, '2020-10-13 13:00:00', '2020-10-13 05:00:00', 1),
(2, 'Assistente Social', 2, 1, '2020-10-14 14:00:00', '2020-10-14 05:00:00', 1),
(3, 'Cuidador', 3, 1, '2020-10-14 20:00:00', '2020-10-14 05:00:00', 1),
(4, 'Inspetora', 4, 2, '2020-10-19 21:57:34', '2020-10-19 21:57:34', 1),
(5, 'Nova da Função X', 5, 1, '2020-12-06 14:12:39', '2020-12-06 14:12:39', 1),
(6, 'Médico', 1, 1, '2021-03-23 16:01:11', '2021-03-23 16:01:11', 1),
(7, 'Odontólogo', 1, 1, '2021-03-23 16:01:20', '2021-03-23 16:01:20', 1);

-- --------------------------------------------------------

--
-- Estrutura da tabela `seg_instituicao`
--

CREATE TABLE `seg_instituicao` (
  `id` int(11) NOT NULL,
  `nome` varchar(300) NOT NULL,
  `contato` varchar(30) NOT NULL,
  `endereco` varchar(300) NOT NULL,
  `numero` int(11) NOT NULL,
  `bairro` varchar(300) NOT NULL,
  `usuario_id` int(11) NOT NULL,
  `data_update` timestamp NOT NULL DEFAULT current_timestamp() ON UPDATE current_timestamp(),
  `data_cadastro` timestamp NULL DEFAULT NULL,
  `status` int(11) NOT NULL
) ENGINE=InnoDB DEFAULT CHARSET=utf8;

--
-- Extraindo dados da tabela `seg_instituicao`
--

INSERT INTO `seg_instituicao` (`id`, `nome`, `contato`, `endereco`, `numero`, `bairro`, `usuario_id`, `data_update`, `data_cadastro`, `status`) VALUES
(1, 'Instituição X', '(68)99231-2312', 'adsad', 131, 'adsda', 1, '2021-11-24 22:52:04', '2021-11-24 14:51:29', 1),
(2, 'Teste Instituição 99', '(99) 9 9999-9999', 'adsadsddsad9', 999, 'addsa9', 1, '2021-11-24 22:52:59', '2021-11-24 22:51:51', 1);

-- --------------------------------------------------------

--
-- Estrutura da tabela `seg_nivel`
--

CREATE TABLE `seg_nivel` (
  `nivel` int(11) NOT NULL,
  `descricao` text DEFAULT NULL,
  `nome` varchar(45) DEFAULT NULL
) ENGINE=InnoDB DEFAULT CHARSET=utf8;

--
-- Extraindo dados da tabela `seg_nivel`
--

INSERT INTO `seg_nivel` (`nivel`, `descricao`, `nome`) VALUES
(1, 'Nível administrativo do sistema', 'Admin'),
(2, 'Nível de gerenciador de leis, cadastro e edições', 'Gerenciador'),
(3, 'Administradores de Desenvolvimento do Sistema', 'Super Administrador');

-- --------------------------------------------------------

--
-- Estrutura da tabela `seg_permissoes`
--

CREATE TABLE `seg_permissoes` (
  `user_id` int(11) NOT NULL,
  `nivel` int(11) NOT NULL
) ENGINE=InnoDB DEFAULT CHARSET=utf8;

--
-- Extraindo dados da tabela `seg_permissoes`
--

INSERT INTO `seg_permissoes` (`user_id`, `nivel`) VALUES
(1, 1),
(1, 2),
(1, 3),
(2, 1),
(2, 2),
(2, 3),
(3, 2),
(4, 1);

-- --------------------------------------------------------

--
-- Estrutura da tabela `seg_profissional`
--

CREATE TABLE `seg_profissional` (
  `id` int(11) NOT NULL,
  `nome` varchar(130) CHARACTER SET latin1 DEFAULT NULL,
  `email` varchar(50) DEFAULT NULL,
  `cpf` varchar(15) CHARACTER SET latin1 DEFAULT NULL,
  `data_update` timestamp NULL DEFAULT current_timestamp() ON UPDATE current_timestamp(),
  `data_cadastro` timestamp NULL DEFAULT NULL,
  `usuario_id` int(11) DEFAULT NULL,
  `status` int(11) DEFAULT NULL,
  `funcao_id` int(11) DEFAULT NULL,
  `categoria_id` int(11) NOT NULL COMMENT '1 - Quadro, 2 Extra-Quadro, 3 - Voluntario',
  `especialidade_id` int(11) DEFAULT NULL,
  `contato` varchar(30) DEFAULT NULL,
  `nascimento` date DEFAULT NULL,
  `celular` varchar(30) DEFAULT NULL,
  `rua` varchar(300) DEFAULT NULL,
  `bairro` varchar(300) DEFAULT NULL,
  `numero` int(11) DEFAULT NULL,
  `cidade_id` int(11) DEFAULT NULL,
  `periodo` int(11) DEFAULT NULL COMMENT '1 - Vespertino, 2 - Matutino, - 3 Norturno',
  `registro` varchar(100) DEFAULT NULL,
  `crm` varchar(50) DEFAULT NULL
) ENGINE=InnoDB DEFAULT CHARSET=utf8;

--
-- Extraindo dados da tabela `seg_profissional`
--

INSERT INTO `seg_profissional` (`id`, `nome`, `email`, `cpf`, `data_update`, `data_cadastro`, `usuario_id`, `status`, `funcao_id`, `categoria_id`, `especialidade_id`, `contato`, `nascimento`, `celular`, `rua`, `bairro`, `numero`, `cidade_id`, `periodo`, `registro`, `crm`) VALUES
(1, 'Teste Profissional Instituição 9', 'educandarioriobranco9@gmail.com', '132.131.232-13', '2021-11-24 14:36:57', '2019-07-12 21:43:18', 1, 0, 1, 1, 3, '(99)9999-9999', '1985-04-18', '(99) 9 9999-9999', 'Londres1321', 'Estação Experimental1321', 3211, 4, 3, '9999', NULL),
(2, 'Profissional 2', 'ildeniroo@gmail.com', '528.740.405-02', '2021-05-27 14:34:19', '2019-01-16 11:51:26', 1, 1, 6, 2, 3, '(68)3227-1788', '1982-10-10', '(68) 9 9241-8392', 'Rua Manoel', 'Centro', 131, 16, 3, '13123', '1321'),
(4, 'Profissional 3', 'biraneto.j@gmail.com', '528.740.405-12', '2021-05-26 17:50:26', '2020-10-14 14:52:51', 1, 1, 1, 3, 3, '(68)9999-9999', '1985-10-10', '(68) 9 999-9999', 'Rua xxx', 'Manoel Julião', 1312, 16, 1, '13123', NULL),
(5, 'Profissional 4', '', '', '2021-05-27 14:15:05', '2021-05-26 18:20:49', 1, 1, 6, 1, NULL, '', '0000-00-00', '', '', '', 0, 16, 2, '13123', '1321321/2020'),
(6, 'Profissional 5', '', '', '2021-07-27 15:13:23', '2021-07-27 15:13:23', 1, 1, 2, 1, NULL, '', '0000-00-00', '', '', '', 0, 2, 4, '131-AB', NULL),
(7, 'Test1 13', 'teste@gmail.com', '132.131.231-23', '2021-12-14 20:30:28', '2021-12-14 20:30:28', 1, 1, 2, 1, NULL, '(13)2131-2312', '2021-12-14', '(12) 3 1231-2312', '', '', 0, 16, 1, 'ads', NULL),
(8, 'Test1 1333', 'teste@gmail.com', '132.131.231-23', '2021-12-14 20:31:38', '2021-12-14 20:31:38', 1, 1, 2, 1, NULL, '(13)2131-2312', '2021-12-14', '(12) 3 1231-2312', '', '', 0, 16, 1, 'ads', NULL),
(9, 'adasdaxx', '', '', '2022-01-13 15:20:00', '2021-12-14 20:32:17', 1, 1, 2, 0, NULL, '', '0000-00-00', '', '', '', 0, 16, 0, '1323', NULL);

-- --------------------------------------------------------

--
-- Estrutura da tabela `seg_profissional_especialidade`
--

CREATE TABLE `seg_profissional_especialidade` (
  `id` int(11) NOT NULL,
  `profissional_id` int(11) NOT NULL,
  `especialidade_id` int(11) NOT NULL
) ENGINE=InnoDB DEFAULT CHARSET=utf8;

--
-- Extraindo dados da tabela `seg_profissional_especialidade`
--

INSERT INTO `seg_profissional_especialidade` (`id`, `profissional_id`, `especialidade_id`) VALUES
(17, 1, 1),
(18, 1, 2),
(33, 5, 4),
(34, 5, 1),
(35, 5, 3),
(36, 4, 2),
(37, 4, 4),
(38, 6, 1),
(39, 6, 3),
(40, 2, 2),
(41, 2, 4);

-- --------------------------------------------------------

--
-- Estrutura da tabela `seg_profissional_instituicao`
--

CREATE TABLE `seg_profissional_instituicao` (
  `id` int(11) NOT NULL,
  `nome` varchar(130) CHARACTER SET latin1 DEFAULT NULL,
  `email` varchar(50) DEFAULT NULL,
  `data_update` timestamp NULL DEFAULT current_timestamp() ON UPDATE current_timestamp(),
  `data_cadastro` timestamp NULL DEFAULT NULL,
  `usuario_id` int(11) DEFAULT NULL,
  `status` int(11) DEFAULT NULL,
  `funcao_id` int(11) DEFAULT NULL,
  `contato` varchar(30) DEFAULT NULL,
  `celular` varchar(30) DEFAULT NULL,
  `registro` varchar(100) DEFAULT NULL,
  `instituicao_id` int(11) DEFAULT NULL
) ENGINE=InnoDB DEFAULT CHARSET=utf8;

--
-- Extraindo dados da tabela `seg_profissional_instituicao`
--

INSERT INTO `seg_profissional_instituicao` (`id`, `nome`, `email`, `data_update`, `data_cadastro`, `usuario_id`, `status`, `funcao_id`, `contato`, `celular`, `registro`, `instituicao_id`) VALUES
(1, 'Teste Profissional Instituição 9', 'educandarioriobranco9@gmail.com', '2021-11-24 14:53:44', '2021-11-24 14:35:16', 1, 1, 1, '(99)9999-9999', '(99) 9 9999-9999', '99999', 1),
(2, 'Teste 5', 'teste2@gmail.com', '2022-01-17 21:35:00', '2022-01-17 21:35:00', 1, 1, 4, '(12)3213-1231', '(13) 1 2312-3123', '99939', 2);

-- --------------------------------------------------------

--
-- Estrutura da tabela `seg_religiao`
--

CREATE TABLE `seg_religiao` (
  `id` int(11) NOT NULL,
  `nome` varchar(300) DEFAULT NULL,
  `data_update` timestamp NULL DEFAULT current_timestamp() ON UPDATE current_timestamp(),
  `data_cadastro` timestamp NULL DEFAULT NULL,
  `usuario_id` int(11) DEFAULT NULL,
  `status` int(11) NOT NULL
) ENGINE=InnoDB DEFAULT CHARSET=utf8;

--
-- Extraindo dados da tabela `seg_religiao`
--

INSERT INTO `seg_religiao` (`id`, `nome`, `data_update`, `data_cadastro`, `usuario_id`, `status`) VALUES
(1, 'CATÓLICO', '2020-12-02 14:30:21', '2020-12-02 14:30:21', 1, 1),
(2, 'EVANGÉLICA', '2020-12-02 14:30:21', '2020-12-02 14:30:21', 1, 1),
(3, 'ADVENTISTA', '2020-12-02 14:30:21', '2020-12-02 14:30:21', 1, 1),
(4, 'TESTEMUNHA DE JEOVÁ', '2020-12-02 14:30:21', '2020-12-02 14:30:21', 1, 1);

-- --------------------------------------------------------

--
-- Estrutura da tabela `seg_sessao`
--

CREATE TABLE `seg_sessao` (
  `id` int(11) NOT NULL,
  `host` varchar(90) DEFAULT NULL,
  `ip` varchar(20) DEFAULT NULL,
  `navegador` varchar(90) DEFAULT NULL,
  `data_login` timestamp NULL DEFAULT NULL,
  `data_logout` timestamp NULL DEFAULT NULL,
  `sistema_operacional` varchar(90) DEFAULT NULL,
  `numero_sessao` varchar(200) DEFAULT NULL,
  `atualizacao` timestamp NULL DEFAULT NULL,
  `usuario_pai_id` int(11) DEFAULT NULL,
  `usuario_id` int(11) DEFAULT NULL,
  `pagina` varchar(200) NOT NULL
) ENGINE=InnoDB DEFAULT CHARSET=utf8;

--
-- Extraindo dados da tabela `seg_sessao`
--

INSERT INTO `seg_sessao` (`id`, `host`, `ip`, `navegador`, `data_login`, `data_logout`, `sistema_operacional`, `numero_sessao`, `atualizacao`, `usuario_pai_id`, `usuario_id`, `pagina`) VALUES
(1, 'localhost', '::1', 'Chrome 97.0.4692.99', '2022-02-02 22:33:07', '2022-02-02 22:51:44', ' Win64', 'OHNcFCxosnFPChzWzpa3SsJVH8BaBU55MQpblA0u', '2022-02-02 22:33:11', NULL, 1, 'lista/'),
(2, 'localhost', '::1', 'Firefox 83.0', '2020-10-22 17:40:27', '2020-10-22 17:59:32', ' Win64', 'kr6l8d6pcgfp6o807o89f54382', '2020-10-22 17:40:28', NULL, 2, 'dashboard/'),
(4, 'localhost', '::1', 'Chrome 86.0.4240.75', NULL, '2021-06-21 23:49:03', ' Win64', 'qrq3vt1q416cmaum422n5b9mdv', '2021-06-21 23:49:02', 1, 4, 'dashboard/');

-- --------------------------------------------------------

--
-- Estrutura da tabela `seg_setor`
--

CREATE TABLE `seg_setor` (
  `id` int(11) NOT NULL,
  `nome` varchar(300) DEFAULT NULL,
  `responsavel` int(11) DEFAULT NULL,
  `data_cadastro` timestamp NULL DEFAULT NULL,
  `data_update` timestamp NULL DEFAULT NULL,
  `status` int(11) NOT NULL,
  `usuario_id` int(11) DEFAULT NULL
) ENGINE=InnoDB DEFAULT CHARSET=utf8;

--
-- Extraindo dados da tabela `seg_setor`
--

INSERT INTO `seg_setor` (`id`, `nome`, `responsavel`, `data_cadastro`, `data_update`, `status`, `usuario_id`) VALUES
(1, 'Administração2', 1, '2020-10-13 05:00:00', '2020-10-13 05:00:00', 1, 1),
(2, 'Tecnologia da Informação', 1, '2020-10-13 05:00:00', '2020-10-13 05:00:00', 1, 2),
(3, 'Atendimento 2', 2, '2020-10-20 18:42:42', '2020-10-20 18:42:42', 0, 2),
(4, 'Nutrição', 4, '2020-10-20 22:26:41', '2020-10-20 22:26:41', 1, 2),
(5, 'Nome do Setor X', 1, '2020-12-06 14:12:17', '2020-12-06 14:12:17', 1, 1);

-- --------------------------------------------------------

--
-- Estrutura da tabela `seg_usuario`
--

CREATE TABLE `seg_usuario` (
  `id` int(11) NOT NULL,
  `nome` varchar(130) CHARACTER SET latin1 DEFAULT NULL,
  `login` varchar(30) CHARACTER SET latin1 DEFAULT NULL,
  `senha` varchar(50) CHARACTER SET latin1 DEFAULT NULL,
  `email` varchar(50) DEFAULT NULL,
  `cpf` varchar(15) CHARACTER SET latin1 DEFAULT NULL,
  `online` int(11) NOT NULL COMMENT '1 - Online, 0 - Offline',
  `data_update` timestamp NULL DEFAULT current_timestamp() ON UPDATE current_timestamp(),
  `data_cadastro` timestamp NULL DEFAULT NULL,
  `usuario_id` int(11) DEFAULT NULL,
  `status` int(11) DEFAULT NULL,
  `funcao_id` int(11) DEFAULT NULL,
  `categoria_id` int(11) NOT NULL COMMENT '1 - Quadro, 2 Extra-Quadro, 3 - Voluntario',
  `contato` varchar(30) DEFAULT NULL,
  `nascimento` date DEFAULT NULL,
  `celular` varchar(30) DEFAULT NULL,
  `rua` varchar(300) DEFAULT NULL,
  `bairro` varchar(300) DEFAULT NULL,
  `numero` int(11) DEFAULT NULL,
  `cidade_id` int(11) DEFAULT NULL,
  `periodo` int(11) DEFAULT NULL COMMENT '1 - Vespertino, 2 - Matutino, - 3 Norturno',
  `foto` varchar(150) DEFAULT NULL
) ENGINE=InnoDB DEFAULT CHARSET=utf8;

--
-- Extraindo dados da tabela `seg_usuario`
--

INSERT INTO `seg_usuario` (`id`, `nome`, `login`, `senha`, `email`, `cpf`, `online`, `data_update`, `data_cadastro`, `usuario_id`, `status`, `funcao_id`, `categoria_id`, `contato`, `nascimento`, `celular`, `rua`, `bairro`, `numero`, `cidade_id`, `periodo`, `foto`) VALUES
(1, 'Administrador', 'admin', '7c4a8d09ca3762af61e59520943dc26494f8941b', 'adm@gmail.com', '946.596.802-15', 0, '2022-02-02 22:51:44', '2019-07-12 21:43:18', 1, 1, 1, 1, '(68)9999-9999', '1985-04-03', '(68) 9 999-9999', 'Londres', 'Estação Experimental', 321, 1, 2, NULL),
(2, 'Ildeniro de Oliveira Lima', 'ildeniroo', '7c4a8d09ca3762af61e59520943dc26494f8941b', 'ildeniroo@gmail.com', '528.740.405-02', 0, '2021-05-27 15:44:42', '2019-01-16 11:51:26', 1, 1, 3, 3, '(68)3227-1788', '1982-10-10', '(68) 9 9241-8392', 'Rua Manoel', 'Centro', 131, 16, 4, 'http://localhost/educandario/avatar/44820201015104302.cut.png'),
(4, 'Ubirajará de Almeida Jucá', 'ubirajara.almeida', '7c4a8d09ca3762af61e59520943dc26494f8941b', 'biraneto.j@gmail.com', '528.740.405-12', 0, '2021-05-19 15:09:42', '2020-10-14 14:52:51', 2, 1, 3, 3, '(68)9999-9999', '1985-10-10', '(68) 9 999-9999', 'Rua xxx', 'Manoel Julião', 1312, 16, 1, 'http://localhost/educandario/avatar/50720201015104940.cut.png');

--
-- Índices para tabelas despejadas
--

--
-- Índices para tabela `bsc_cidade`
--
ALTER TABLE `bsc_cidade`
  ADD PRIMARY KEY (`id`);

--
-- Índices para tabela `bsc_estado`
--
ALTER TABLE `bsc_estado`
  ADD PRIMARY KEY (`id`);

--
-- Índices para tabela `mod_acolhimento`
--
ALTER TABLE `mod_acolhimento`
  ADD PRIMARY KEY (`id`);

--
-- Índices para tabela `mod_acolhimento_crianca`
--
ALTER TABLE `mod_acolhimento_crianca`
  ADD PRIMARY KEY (`id`);

--
-- Índices para tabela `mod_acolhimento_crianca_avaliacao`
--
ALTER TABLE `mod_acolhimento_crianca_avaliacao`
  ADD PRIMARY KEY (`id`);

--
-- Índices para tabela `mod_acolhimento_crianca_documentacao`
--
ALTER TABLE `mod_acolhimento_crianca_documentacao`
  ADD PRIMARY KEY (`id`);

--
-- Índices para tabela `mod_acolhimento_crianca_educacao`
--
ALTER TABLE `mod_acolhimento_crianca_educacao`
  ADD PRIMARY KEY (`id`);

--
-- Índices para tabela `mod_acolhimento_crianca_educacao_acomp`
--
ALTER TABLE `mod_acolhimento_crianca_educacao_acomp`
  ADD PRIMARY KEY (`id`);

--
-- Índices para tabela `mod_acolhimento_crianca_educacao_rotinas`
--
ALTER TABLE `mod_acolhimento_crianca_educacao_rotinas`
  ADD PRIMARY KEY (`id`);

--
-- Índices para tabela `mod_acolhimento_crianca_familia`
--
ALTER TABLE `mod_acolhimento_crianca_familia`
  ADD PRIMARY KEY (`id`);

--
-- Índices para tabela `mod_acolhimento_crianca_familia_convive`
--
ALTER TABLE `mod_acolhimento_crianca_familia_convive`
  ADD PRIMARY KEY (`id`);

--
-- Índices para tabela `mod_acolhimento_crianca_familia_interessados`
--
ALTER TABLE `mod_acolhimento_crianca_familia_interessados`
  ADD PRIMARY KEY (`id`);

--
-- Índices para tabela `mod_acolhimento_crianca_familia_responsaveis`
--
ALTER TABLE `mod_acolhimento_crianca_familia_responsaveis`
  ADD PRIMARY KEY (`id`);

--
-- Índices para tabela `mod_acolhimento_crianca_geral`
--
ALTER TABLE `mod_acolhimento_crianca_geral`
  ADD PRIMARY KEY (`id`);

--
-- Índices para tabela `mod_acolhimento_crianca_geral_tipo`
--
ALTER TABLE `mod_acolhimento_crianca_geral_tipo`
  ADD PRIMARY KEY (`id`);

--
-- Índices para tabela `mod_acolhimento_crianca_irmaos`
--
ALTER TABLE `mod_acolhimento_crianca_irmaos`
  ADD PRIMARY KEY (`id`);

--
-- Índices para tabela `mod_acolhimento_crianca_medicacao`
--
ALTER TABLE `mod_acolhimento_crianca_medicacao`
  ADD PRIMARY KEY (`id`);

--
-- Índices para tabela `mod_acolhimento_crianca_parentes`
--
ALTER TABLE `mod_acolhimento_crianca_parentes`
  ADD PRIMARY KEY (`id`);

--
-- Índices para tabela `mod_acolhimento_crianca_plano`
--
ALTER TABLE `mod_acolhimento_crianca_plano`
  ADD PRIMARY KEY (`id`);

--
-- Índices para tabela `mod_acolhimento_crianca_rede`
--
ALTER TABLE `mod_acolhimento_crianca_rede`
  ADD PRIMARY KEY (`id`);

--
-- Índices para tabela `mod_acolhimento_crianca_rede_membros`
--
ALTER TABLE `mod_acolhimento_crianca_rede_membros`
  ADD PRIMARY KEY (`id`);

--
-- Índices para tabela `mod_acolhimento_crianca_rede_membros2`
--
ALTER TABLE `mod_acolhimento_crianca_rede_membros2`
  ADD PRIMARY KEY (`id`);

--
-- Índices para tabela `mod_acolhimento_crianca_servico`
--
ALTER TABLE `mod_acolhimento_crianca_servico`
  ADD PRIMARY KEY (`id`);

--
-- Índices para tabela `mod_acolhimento_crianca_vinculo`
--
ALTER TABLE `mod_acolhimento_crianca_vinculo`
  ADD PRIMARY KEY (`id`);

--
-- Índices para tabela `mod_acolhimento_documentacao`
--
ALTER TABLE `mod_acolhimento_documentacao`
  ADD PRIMARY KEY (`id`);

--
-- Índices para tabela `mod_acolhimento_situacao`
--
ALTER TABLE `mod_acolhimento_situacao`
  ADD PRIMARY KEY (`id`);

--
-- Índices para tabela `mod_acolhimento_tempo`
--
ALTER TABLE `mod_acolhimento_tempo`
  ADD PRIMARY KEY (`id`);

--
-- Índices para tabela `mod_acolhimento_tipo_deficiencia`
--
ALTER TABLE `mod_acolhimento_tipo_deficiencia`
  ADD PRIMARY KEY (`id`);

--
-- Índices para tabela `mod_comarcas`
--
ALTER TABLE `mod_comarcas`
  ADD PRIMARY KEY (`id`);

--
-- Índices para tabela `mod_downloads`
--
ALTER TABLE `mod_downloads`
  ADD PRIMARY KEY (`id`);

--
-- Índices para tabela `mod_medicamento`
--
ALTER TABLE `mod_medicamento`
  ADD PRIMARY KEY (`id`);

--
-- Índices para tabela `mod_motivo_acolhimento`
--
ALTER TABLE `mod_motivo_acolhimento`
  ADD PRIMARY KEY (`id`);

--
-- Índices para tabela `mod_patrimonio`
--
ALTER TABLE `mod_patrimonio`
  ADD PRIMARY KEY (`id`);

--
-- Índices para tabela `mod_saude_consultas`
--
ALTER TABLE `mod_saude_consultas`
  ADD PRIMARY KEY (`id`);

--
-- Índices para tabela `mod_saude_consulta_diagnostico`
--
ALTER TABLE `mod_saude_consulta_diagnostico`
  ADD PRIMARY KEY (`id`);

--
-- Índices para tabela `mod_saude_consulta_especialistas`
--
ALTER TABLE `mod_saude_consulta_especialistas`
  ADD PRIMARY KEY (`id`);

--
-- Índices para tabela `mod_saude_consulta_exame`
--
ALTER TABLE `mod_saude_consulta_exame`
  ADD PRIMARY KEY (`id`);

--
-- Índices para tabela `mod_saude_consulta_vacina`
--
ALTER TABLE `mod_saude_consulta_vacina`
  ADD PRIMARY KEY (`id`);

--
-- Índices para tabela `mod_saude_especialidade`
--
ALTER TABLE `mod_saude_especialidade`
  ADD PRIMARY KEY (`id`);

--
-- Índices para tabela `mod_saude_exames`
--
ALTER TABLE `mod_saude_exames`
  ADD PRIMARY KEY (`id`);

--
-- Índices para tabela `mod_saude_medicos`
--
ALTER TABLE `mod_saude_medicos`
  ADD PRIMARY KEY (`id`);

--
-- Índices para tabela `mod_saude_odontologos`
--
ALTER TABLE `mod_saude_odontologos`
  ADD PRIMARY KEY (`id`);

--
-- Índices para tabela `mod_saude_terapias`
--
ALTER TABLE `mod_saude_terapias`
  ADD PRIMARY KEY (`id`);

--
-- Índices para tabela `mod_saude_terapia_diagnostico`
--
ALTER TABLE `mod_saude_terapia_diagnostico`
  ADD PRIMARY KEY (`id`);

--
-- Índices para tabela `mod_saude_terapia_especialistas`
--
ALTER TABLE `mod_saude_terapia_especialistas`
  ADD PRIMARY KEY (`id`);

--
-- Índices para tabela `mod_saude_terapia_exame`
--
ALTER TABLE `mod_saude_terapia_exame`
  ADD PRIMARY KEY (`id`);

--
-- Índices para tabela `mod_saude_vacinas`
--
ALTER TABLE `mod_saude_vacinas`
  ADD PRIMARY KEY (`id`);

--
-- Índices para tabela `mod_unidade_saude`
--
ALTER TABLE `mod_unidade_saude`
  ADD PRIMARY KEY (`id`);

--
-- Índices para tabela `seg_funcao`
--
ALTER TABLE `seg_funcao`
  ADD PRIMARY KEY (`id`);

--
-- Índices para tabela `seg_instituicao`
--
ALTER TABLE `seg_instituicao`
  ADD PRIMARY KEY (`id`);

--
-- Índices para tabela `seg_nivel`
--
ALTER TABLE `seg_nivel`
  ADD PRIMARY KEY (`nivel`);

--
-- Índices para tabela `seg_permissoes`
--
ALTER TABLE `seg_permissoes`
  ADD PRIMARY KEY (`user_id`,`nivel`),
  ADD KEY `fk_permissoes_sistema_nivel1` (`nivel`),
  ADD KEY `fk_permissoes_orgao_info1` (`user_id`) USING BTREE;

--
-- Índices para tabela `seg_profissional`
--
ALTER TABLE `seg_profissional`
  ADD PRIMARY KEY (`id`);

--
-- Índices para tabela `seg_profissional_especialidade`
--
ALTER TABLE `seg_profissional_especialidade`
  ADD PRIMARY KEY (`id`);

--
-- Índices para tabela `seg_profissional_instituicao`
--
ALTER TABLE `seg_profissional_instituicao`
  ADD PRIMARY KEY (`id`);

--
-- Índices para tabela `seg_religiao`
--
ALTER TABLE `seg_religiao`
  ADD PRIMARY KEY (`id`);

--
-- Índices para tabela `seg_sessao`
--
ALTER TABLE `seg_sessao`
  ADD PRIMARY KEY (`id`),
  ADD KEY `fk_seg_sessao_seg_usuario1_idx` (`usuario_id`);

--
-- Índices para tabela `seg_setor`
--
ALTER TABLE `seg_setor`
  ADD PRIMARY KEY (`id`);

--
-- Índices para tabela `seg_usuario`
--
ALTER TABLE `seg_usuario`
  ADD PRIMARY KEY (`id`);

--
-- AUTO_INCREMENT de tabelas despejadas
--

--
-- AUTO_INCREMENT de tabela `bsc_cidade`
--
ALTER TABLE `bsc_cidade`
  MODIFY `id` int(10) UNSIGNED NOT NULL AUTO_INCREMENT, AUTO_INCREMENT=9715;

--
-- AUTO_INCREMENT de tabela `bsc_estado`
--
ALTER TABLE `bsc_estado`
  MODIFY `id` int(10) UNSIGNED NOT NULL AUTO_INCREMENT, AUTO_INCREMENT=10000;

--
-- AUTO_INCREMENT de tabela `mod_acolhimento`
--
ALTER TABLE `mod_acolhimento`
  MODIFY `id` int(11) NOT NULL AUTO_INCREMENT, AUTO_INCREMENT=8;

--
-- AUTO_INCREMENT de tabela `mod_acolhimento_crianca`
--
ALTER TABLE `mod_acolhimento_crianca`
  MODIFY `id` int(11) NOT NULL AUTO_INCREMENT, AUTO_INCREMENT=8;

--
-- AUTO_INCREMENT de tabela `mod_acolhimento_crianca_avaliacao`
--
ALTER TABLE `mod_acolhimento_crianca_avaliacao`
  MODIFY `id` int(11) NOT NULL AUTO_INCREMENT, AUTO_INCREMENT=2;

--
-- AUTO_INCREMENT de tabela `mod_acolhimento_crianca_documentacao`
--
ALTER TABLE `mod_acolhimento_crianca_documentacao`
  MODIFY `id` int(11) NOT NULL AUTO_INCREMENT;

--
-- AUTO_INCREMENT de tabela `mod_acolhimento_crianca_educacao`
--
ALTER TABLE `mod_acolhimento_crianca_educacao`
  MODIFY `id` int(11) NOT NULL AUTO_INCREMENT, AUTO_INCREMENT=4;

--
-- AUTO_INCREMENT de tabela `mod_acolhimento_crianca_educacao_acomp`
--
ALTER TABLE `mod_acolhimento_crianca_educacao_acomp`
  MODIFY `id` int(11) NOT NULL AUTO_INCREMENT, AUTO_INCREMENT=19;

--
-- AUTO_INCREMENT de tabela `mod_acolhimento_crianca_educacao_rotinas`
--
ALTER TABLE `mod_acolhimento_crianca_educacao_rotinas`
  MODIFY `id` int(11) NOT NULL AUTO_INCREMENT, AUTO_INCREMENT=12;

--
-- AUTO_INCREMENT de tabela `mod_acolhimento_crianca_familia`
--
ALTER TABLE `mod_acolhimento_crianca_familia`
  MODIFY `id` int(11) NOT NULL AUTO_INCREMENT, AUTO_INCREMENT=5;

--
-- AUTO_INCREMENT de tabela `mod_acolhimento_crianca_familia_convive`
--
ALTER TABLE `mod_acolhimento_crianca_familia_convive`
  MODIFY `id` int(11) NOT NULL AUTO_INCREMENT, AUTO_INCREMENT=45;

--
-- AUTO_INCREMENT de tabela `mod_acolhimento_crianca_familia_interessados`
--
ALTER TABLE `mod_acolhimento_crianca_familia_interessados`
  MODIFY `id` int(11) NOT NULL AUTO_INCREMENT, AUTO_INCREMENT=42;

--
-- AUTO_INCREMENT de tabela `mod_acolhimento_crianca_familia_responsaveis`
--
ALTER TABLE `mod_acolhimento_crianca_familia_responsaveis`
  MODIFY `id` int(11) NOT NULL AUTO_INCREMENT, AUTO_INCREMENT=43;

--
-- AUTO_INCREMENT de tabela `mod_acolhimento_crianca_geral`
--
ALTER TABLE `mod_acolhimento_crianca_geral`
  MODIFY `id` int(11) NOT NULL AUTO_INCREMENT, AUTO_INCREMENT=4;

--
-- AUTO_INCREMENT de tabela `mod_acolhimento_crianca_geral_tipo`
--
ALTER TABLE `mod_acolhimento_crianca_geral_tipo`
  MODIFY `id` int(11) NOT NULL AUTO_INCREMENT, AUTO_INCREMENT=40;

--
-- AUTO_INCREMENT de tabela `mod_acolhimento_crianca_irmaos`
--
ALTER TABLE `mod_acolhimento_crianca_irmaos`
  MODIFY `id` int(11) NOT NULL AUTO_INCREMENT, AUTO_INCREMENT=24;

--
-- AUTO_INCREMENT de tabela `mod_acolhimento_crianca_medicacao`
--
ALTER TABLE `mod_acolhimento_crianca_medicacao`
  MODIFY `id` int(11) NOT NULL AUTO_INCREMENT, AUTO_INCREMENT=112;

--
-- AUTO_INCREMENT de tabela `mod_acolhimento_crianca_parentes`
--
ALTER TABLE `mod_acolhimento_crianca_parentes`
  MODIFY `id` int(11) NOT NULL AUTO_INCREMENT, AUTO_INCREMENT=70;

--
-- AUTO_INCREMENT de tabela `mod_acolhimento_crianca_plano`
--
ALTER TABLE `mod_acolhimento_crianca_plano`
  MODIFY `id` int(11) NOT NULL AUTO_INCREMENT, AUTO_INCREMENT=70;

--
-- AUTO_INCREMENT de tabela `mod_acolhimento_crianca_rede`
--
ALTER TABLE `mod_acolhimento_crianca_rede`
  MODIFY `id` int(11) NOT NULL AUTO_INCREMENT, AUTO_INCREMENT=7;

--
-- AUTO_INCREMENT de tabela `mod_acolhimento_crianca_rede_membros`
--
ALTER TABLE `mod_acolhimento_crianca_rede_membros`
  MODIFY `id` int(11) NOT NULL AUTO_INCREMENT, AUTO_INCREMENT=20;

--
-- AUTO_INCREMENT de tabela `mod_acolhimento_crianca_rede_membros2`
--
ALTER TABLE `mod_acolhimento_crianca_rede_membros2`
  MODIFY `id` int(11) NOT NULL AUTO_INCREMENT, AUTO_INCREMENT=9;

--
-- AUTO_INCREMENT de tabela `mod_acolhimento_crianca_servico`
--
ALTER TABLE `mod_acolhimento_crianca_servico`
  MODIFY `id` int(11) NOT NULL AUTO_INCREMENT, AUTO_INCREMENT=32;

--
-- AUTO_INCREMENT de tabela `mod_acolhimento_crianca_vinculo`
--
ALTER TABLE `mod_acolhimento_crianca_vinculo`
  MODIFY `id` int(11) NOT NULL AUTO_INCREMENT, AUTO_INCREMENT=8;

--
-- AUTO_INCREMENT de tabela `mod_acolhimento_documentacao`
--
ALTER TABLE `mod_acolhimento_documentacao`
  MODIFY `id` int(11) NOT NULL AUTO_INCREMENT, AUTO_INCREMENT=7;

--
-- AUTO_INCREMENT de tabela `mod_acolhimento_situacao`
--
ALTER TABLE `mod_acolhimento_situacao`
  MODIFY `id` int(11) NOT NULL AUTO_INCREMENT, AUTO_INCREMENT=3;

--
-- AUTO_INCREMENT de tabela `mod_acolhimento_tempo`
--
ALTER TABLE `mod_acolhimento_tempo`
  MODIFY `id` int(11) NOT NULL AUTO_INCREMENT, AUTO_INCREMENT=8;

--
-- AUTO_INCREMENT de tabela `mod_acolhimento_tipo_deficiencia`
--
ALTER TABLE `mod_acolhimento_tipo_deficiencia`
  MODIFY `id` int(11) NOT NULL AUTO_INCREMENT, AUTO_INCREMENT=5;

--
-- AUTO_INCREMENT de tabela `mod_comarcas`
--
ALTER TABLE `mod_comarcas`
  MODIFY `id` int(11) NOT NULL AUTO_INCREMENT, AUTO_INCREMENT=23;

--
-- AUTO_INCREMENT de tabela `mod_downloads`
--
ALTER TABLE `mod_downloads`
  MODIFY `id` int(11) NOT NULL AUTO_INCREMENT, AUTO_INCREMENT=9;

--
-- AUTO_INCREMENT de tabela `mod_medicamento`
--
ALTER TABLE `mod_medicamento`
  MODIFY `id` int(11) NOT NULL AUTO_INCREMENT, AUTO_INCREMENT=6;

--
-- AUTO_INCREMENT de tabela `mod_motivo_acolhimento`
--
ALTER TABLE `mod_motivo_acolhimento`
  MODIFY `id` int(11) NOT NULL AUTO_INCREMENT, AUTO_INCREMENT=10;

--
-- AUTO_INCREMENT de tabela `mod_patrimonio`
--
ALTER TABLE `mod_patrimonio`
  MODIFY `id` int(11) NOT NULL AUTO_INCREMENT, AUTO_INCREMENT=6;

--
-- AUTO_INCREMENT de tabela `mod_saude_consultas`
--
ALTER TABLE `mod_saude_consultas`
  MODIFY `id` int(11) NOT NULL AUTO_INCREMENT, AUTO_INCREMENT=8;

--
-- AUTO_INCREMENT de tabela `mod_saude_consulta_diagnostico`
--
ALTER TABLE `mod_saude_consulta_diagnostico`
  MODIFY `id` int(11) NOT NULL AUTO_INCREMENT, AUTO_INCREMENT=33;

--
-- AUTO_INCREMENT de tabela `mod_saude_consulta_especialistas`
--
ALTER TABLE `mod_saude_consulta_especialistas`
  MODIFY `id` int(11) NOT NULL AUTO_INCREMENT, AUTO_INCREMENT=63;

--
-- AUTO_INCREMENT de tabela `mod_saude_consulta_exame`
--
ALTER TABLE `mod_saude_consulta_exame`
  MODIFY `id` int(11) NOT NULL AUTO_INCREMENT, AUTO_INCREMENT=47;

--
-- AUTO_INCREMENT de tabela `mod_saude_consulta_vacina`
--
ALTER TABLE `mod_saude_consulta_vacina`
  MODIFY `id` int(11) NOT NULL AUTO_INCREMENT, AUTO_INCREMENT=10;

--
-- AUTO_INCREMENT de tabela `mod_saude_especialidade`
--
ALTER TABLE `mod_saude_especialidade`
  MODIFY `id` int(11) NOT NULL AUTO_INCREMENT, AUTO_INCREMENT=6;

--
-- AUTO_INCREMENT de tabela `mod_saude_exames`
--
ALTER TABLE `mod_saude_exames`
  MODIFY `id` int(11) NOT NULL AUTO_INCREMENT, AUTO_INCREMENT=3;

--
-- AUTO_INCREMENT de tabela `mod_saude_medicos`
--
ALTER TABLE `mod_saude_medicos`
  MODIFY `id` int(11) NOT NULL AUTO_INCREMENT, AUTO_INCREMENT=3;

--
-- AUTO_INCREMENT de tabela `mod_saude_odontologos`
--
ALTER TABLE `mod_saude_odontologos`
  MODIFY `id` int(11) NOT NULL AUTO_INCREMENT, AUTO_INCREMENT=4;

--
-- AUTO_INCREMENT de tabela `mod_saude_terapias`
--
ALTER TABLE `mod_saude_terapias`
  MODIFY `id` int(11) NOT NULL AUTO_INCREMENT, AUTO_INCREMENT=10;

--
-- AUTO_INCREMENT de tabela `mod_saude_terapia_diagnostico`
--
ALTER TABLE `mod_saude_terapia_diagnostico`
  MODIFY `id` int(11) NOT NULL AUTO_INCREMENT, AUTO_INCREMENT=10;

--
-- AUTO_INCREMENT de tabela `mod_saude_terapia_especialistas`
--
ALTER TABLE `mod_saude_terapia_especialistas`
  MODIFY `id` int(11) NOT NULL AUTO_INCREMENT, AUTO_INCREMENT=49;

--
-- AUTO_INCREMENT de tabela `mod_saude_terapia_exame`
--
ALTER TABLE `mod_saude_terapia_exame`
  MODIFY `id` int(11) NOT NULL AUTO_INCREMENT, AUTO_INCREMENT=4;

--
-- AUTO_INCREMENT de tabela `mod_saude_vacinas`
--
ALTER TABLE `mod_saude_vacinas`
  MODIFY `id` int(11) NOT NULL AUTO_INCREMENT, AUTO_INCREMENT=4;

--
-- AUTO_INCREMENT de tabela `mod_unidade_saude`
--
ALTER TABLE `mod_unidade_saude`
  MODIFY `id` int(11) NOT NULL AUTO_INCREMENT, AUTO_INCREMENT=3;

--
-- AUTO_INCREMENT de tabela `seg_funcao`
--
ALTER TABLE `seg_funcao`
  MODIFY `id` int(11) NOT NULL AUTO_INCREMENT, AUTO_INCREMENT=8;

--
-- AUTO_INCREMENT de tabela `seg_instituicao`
--
ALTER TABLE `seg_instituicao`
  MODIFY `id` int(11) NOT NULL AUTO_INCREMENT, AUTO_INCREMENT=3;

--
-- AUTO_INCREMENT de tabela `seg_nivel`
--
ALTER TABLE `seg_nivel`
  MODIFY `nivel` int(11) NOT NULL AUTO_INCREMENT, AUTO_INCREMENT=4;

--
-- AUTO_INCREMENT de tabela `seg_profissional`
--
ALTER TABLE `seg_profissional`
  MODIFY `id` int(11) NOT NULL AUTO_INCREMENT, AUTO_INCREMENT=10;

--
-- AUTO_INCREMENT de tabela `seg_profissional_especialidade`
--
ALTER TABLE `seg_profissional_especialidade`
  MODIFY `id` int(11) NOT NULL AUTO_INCREMENT, AUTO_INCREMENT=42;

--
-- AUTO_INCREMENT de tabela `seg_profissional_instituicao`
--
ALTER TABLE `seg_profissional_instituicao`
  MODIFY `id` int(11) NOT NULL AUTO_INCREMENT, AUTO_INCREMENT=3;

--
-- AUTO_INCREMENT de tabela `seg_religiao`
--
ALTER TABLE `seg_religiao`
  MODIFY `id` int(11) NOT NULL AUTO_INCREMENT, AUTO_INCREMENT=5;

--
-- AUTO_INCREMENT de tabela `seg_sessao`
--
ALTER TABLE `seg_sessao`
  MODIFY `id` int(11) NOT NULL AUTO_INCREMENT, AUTO_INCREMENT=5;

--
-- AUTO_INCREMENT de tabela `seg_setor`
--
ALTER TABLE `seg_setor`
  MODIFY `id` int(11) NOT NULL AUTO_INCREMENT, AUTO_INCREMENT=6;

--
-- AUTO_INCREMENT de tabela `seg_usuario`
--
ALTER TABLE `seg_usuario`
  MODIFY `id` int(11) NOT NULL AUTO_INCREMENT, AUTO_INCREMENT=5;
COMMIT;

/*!40101 SET CHARACTER_SET_CLIENT=@OLD_CHARACTER_SET_CLIENT */;
/*!40101 SET CHARACTER_SET_RESULTS=@OLD_CHARACTER_SET_RESULTS */;
/*!40101 SET COLLATION_CONNECTION=@OLD_COLLATION_CONNECTION */;
